ISO-10303-21;
HEADER;
FILE_DESCRIPTION(('KiCad electronic assembly'),'2;1');
FILE_NAME('Color and_gesture sensor APDS-9960 breakout 3D.step',
  '2025-05-21T08:22:36',('Pcbnew'),('Kicad'),
  'Open CASCADE STEP processor 7.8','KiCad to STEP converter','Unknown'
  );
FILE_SCHEMA(('AUTOMOTIVE_DESIGN { 1 0 10303 214 1 1 1 1 }'));
ENDSEC;
DATA;
#1 = APPLICATION_PROTOCOL_DEFINITION('international standard',
  'automotive_design',2000,#2);
#2 = APPLICATION_CONTEXT(
  'core data for automotive mechanical design processes');
#3 = SHAPE_DEFINITION_REPRESENTATION(#4,#10);
#4 = PRODUCT_DEFINITION_SHAPE('','',#5);
#5 = PRODUCT_DEFINITION('design','',#6,#9);
#6 = PRODUCT_DEFINITION_FORMATION('','',#7);
#7 = PRODUCT('Color and_gesture sensor APDS-9960 breakout 3D 1',
  'Color and_gesture sensor APDS-9960 breakout 3D 1','',(#8));
#8 = PRODUCT_CONTEXT('',#2,'mechanical');
#9 = PRODUCT_DEFINITION_CONTEXT('part definition',#2,'design');
#10 = SHAPE_REPRESENTATION('',(#11,#15,#19,#23,#27,#31,#35,#39,#43,#47,
    #51,#55,#59,#63,#67,#71,#75),#79);
#11 = AXIS2_PLACEMENT_3D('',#12,#13,#14);
#12 = CARTESIAN_POINT('',(0.,0.,0.));
#13 = DIRECTION('',(0.,0.,1.));
#14 = DIRECTION('',(1.,0.,-0.));
#15 = AXIS2_PLACEMENT_3D('',#16,#17,#18);
#16 = CARTESIAN_POINT('',(9.9,15.6,3.08));
#17 = DIRECTION('',(0.,0.,1.));
#18 = DIRECTION('',(1.,0.,0.));
#19 = AXIS2_PLACEMENT_3D('',#20,#21,#22);
#20 = CARTESIAN_POINT('',(19.3,19.1,2.68));
#21 = DIRECTION('',(0.,0.,1.));
#22 = DIRECTION('',(-2.334869823773E-16,1.,0.));
#23 = AXIS2_PLACEMENT_3D('',#24,#25,#26);
#24 = CARTESIAN_POINT('',(18.6,11.6,2.68));
#25 = DIRECTION('',(1.224646799147E-16,1.,1.110223024625E-16));
#26 = DIRECTION('',(-1.,1.224646799147E-16,0.));
#27 = AXIS2_PLACEMENT_3D('',#28,#29,#30);
#28 = CARTESIAN_POINT('',(5.1,27.9,2.68));
#29 = DIRECTION('',(0.,-1.,1.110223024625E-16));
#30 = DIRECTION('',(1.,0.,0.));
#31 = AXIS2_PLACEMENT_3D('',#32,#33,#34);
#32 = CARTESIAN_POINT('',(18.6,7.6,2.68));
#33 = DIRECTION('',(1.224646799147E-16,1.,1.110223024625E-16));
#34 = DIRECTION('',(-1.,1.224646799147E-16,0.));
#35 = AXIS2_PLACEMENT_3D('',#36,#37,#38);
#36 = CARTESIAN_POINT('',(11.1,22.4,3.08));
#37 = DIRECTION('',(0.,0.,1.));
#38 = DIRECTION('',(-1.,1.224646799147E-16,0.));
#39 = AXIS2_PLACEMENT_3D('',#40,#41,#42);
#40 = CARTESIAN_POINT('',(18.6,9.6,2.68));
#41 = DIRECTION('',(1.,-1.110223024625E-16,1.110223024625E-16));
#42 = DIRECTION('',(1.110223024625E-16,1.,0.));
#43 = AXIS2_PLACEMENT_3D('',#44,#45,#46);
#44 = CARTESIAN_POINT('',(15.4,30.1,3.08));
#45 = DIRECTION('',(-0.,0.,1.));
#46 = DIRECTION('',(1.110223024625E-16,-1.,0.));
#47 = AXIS2_PLACEMENT_3D('',#48,#49,#50);
#48 = CARTESIAN_POINT('',(11.1,25.52,2.68));
#49 = DIRECTION('',(0.,-1.,1.110223024625E-16));
#50 = DIRECTION('',(1.,0.,0.));
#51 = AXIS2_PLACEMENT_3D('',#52,#53,#54);
#52 = CARTESIAN_POINT('',(10.05,17.25,2.68));
#53 = DIRECTION('',(0.,0.,1.));
#54 = DIRECTION('',(1.,0.,0.));
#55 = AXIS2_PLACEMENT_3D('',#56,#57,#58);
#56 = CARTESIAN_POINT('',(5.1,26.3,2.68));
#57 = DIRECTION('',(1.224646799147E-16,1.,1.110223024625E-16));
#58 = DIRECTION('',(-1.,1.224646799147E-16,0.));
#59 = AXIS2_PLACEMENT_3D('',#60,#61,#62);
#60 = CARTESIAN_POINT('',(13.7,18.8,2.68));
#61 = DIRECTION('',(-1.,-1.110223024625E-16,1.110223024625E-16));
#62 = DIRECTION('',(1.110223024625E-16,-1.,0.));
#63 = AXIS2_PLACEMENT_3D('',#64,#65,#66);
#64 = CARTESIAN_POINT('',(18.6,30.1,2.68));
#65 = DIRECTION('',(1.224646799147E-16,1.,1.110223024625E-16));
#66 = DIRECTION('',(-1.,1.224646799147E-16,0.));
#67 = AXIS2_PLACEMENT_3D('',#68,#69,#70);
#68 = CARTESIAN_POINT('',(2.9,19.1,2.68));
#69 = DIRECTION('',(-0.,0.,1.));
#70 = DIRECTION('',(1.144237745222E-17,-1.,0.));
#71 = AXIS2_PLACEMENT_3D('',#72,#73,#74);
#72 = CARTESIAN_POINT('',(18.6,27.5,3.08));
#73 = DIRECTION('',(0.,0.,1.));
#74 = DIRECTION('',(1.,0.,0.));
#75 = AXIS2_PLACEMENT_3D('',#76,#77,#78);
#76 = CARTESIAN_POINT('',(0.,0.,0.));
#77 = DIRECTION('',(0.,0.,1.));
#78 = DIRECTION('',(1.,0.,-0.));
#79 = ( GEOMETRIC_REPRESENTATION_CONTEXT(3) 
GLOBAL_UNCERTAINTY_ASSIGNED_CONTEXT((#83)) GLOBAL_UNIT_ASSIGNED_CONTEXT(
(#80,#81,#82)) REPRESENTATION_CONTEXT('Context #1',
  '3D Context with UNIT and UNCERTAINTY') );
#80 = ( LENGTH_UNIT() NAMED_UNIT(*) SI_UNIT(.MILLI.,.METRE.) );
#81 = ( NAMED_UNIT(*) PLANE_ANGLE_UNIT() SI_UNIT($,.RADIAN.) );
#82 = ( NAMED_UNIT(*) SI_UNIT($,.STERADIAN.) SOLID_ANGLE_UNIT() );
#83 = UNCERTAINTY_MEASURE_WITH_UNIT(LENGTH_MEASURE(1.E-05),#80,
  'distance_accuracy_value','confusion accuracy');
#84 = PRODUCT_RELATED_PRODUCT_CATEGORY('part',$,(#7));
#85 = SHAPE_DEFINITION_REPRESENTATION(#86,#92);
#86 = PRODUCT_DEFINITION_SHAPE('','',#87);
#87 = PRODUCT_DEFINITION('design','',#88,#91);
#88 = PRODUCT_DEFINITION_FORMATION('','',#89);
#89 = PRODUCT('0603C','0603C','',(#90));
#90 = PRODUCT_CONTEXT('',#2,'mechanical');
#91 = PRODUCT_DEFINITION_CONTEXT('part definition',#2,'design');
#92 = SHAPE_REPRESENTATION('',(#11,#93),#97);
#93 = AXIS2_PLACEMENT_3D('',#94,#95,#96);
#94 = CARTESIAN_POINT('',(0.,0.,0.));
#95 = DIRECTION('',(0.,0.,1.));
#96 = DIRECTION('',(1.,0.,-0.));
#97 = ( GEOMETRIC_REPRESENTATION_CONTEXT(3) 
GLOBAL_UNCERTAINTY_ASSIGNED_CONTEXT((#101)) GLOBAL_UNIT_ASSIGNED_CONTEXT
((#98,#99,#100)) REPRESENTATION_CONTEXT('Context #1',
  '3D Context with UNIT and UNCERTAINTY') );
#98 = ( LENGTH_UNIT() NAMED_UNIT(*) SI_UNIT(.MILLI.,.METRE.) );
#99 = ( NAMED_UNIT(*) PLANE_ANGLE_UNIT() SI_UNIT($,.RADIAN.) );
#100 = ( NAMED_UNIT(*) SI_UNIT($,.STERADIAN.) SOLID_ANGLE_UNIT() );
#101 = UNCERTAINTY_MEASURE_WITH_UNIT(LENGTH_MEASURE(1.E-07),#98,
  'distance_accuracy_value','confusion accuracy');
#102 = CONTEXT_DEPENDENT_SHAPE_REPRESENTATION(#103,#105);
#103 = ( REPRESENTATION_RELATIONSHIP('','',#92,#10) 
REPRESENTATION_RELATIONSHIP_WITH_TRANSFORMATION(#104) 
SHAPE_REPRESENTATION_RELATIONSHIP() );
#104 = ITEM_DEFINED_TRANSFORMATION('','',#11,#15);
#105 = PRODUCT_DEFINITION_SHAPE('Placement','Placement of an item',#106
  );
#106 = NEXT_ASSEMBLY_USAGE_OCCURRENCE('2','C3','',#5,#87,$);
#107 = PRODUCT_RELATED_PRODUCT_CATEGORY('part',$,(#89));
#108 = SHAPE_DEFINITION_REPRESENTATION(#109,#115);
#109 = PRODUCT_DEFINITION_SHAPE('','',#110);
#110 = PRODUCT_DEFINITION('design','',#111,#114);
#111 = PRODUCT_DEFINITION_FORMATION('','',#112);
#112 = PRODUCT('06035A910JAT2A','06035A910JAT2A','',(#113));
#113 = PRODUCT_CONTEXT('',#2,'mechanical');
#114 = PRODUCT_DEFINITION_CONTEXT('part definition',#2,'design');
#115 = SHAPE_REPRESENTATION('',(#11,#116,#570,#1024),#1314);
#116 = MANIFOLD_SOLID_BREP('',#117);
#117 = CLOSED_SHELL('',(#118,#158,#198,#265,#296,#327,#358,#376,#400,
    #418,#435,#452,#470,#488,#506,#524,#541,#558));
#118 = ADVANCED_FACE('',(#119),#153,.F.);
#119 = FACE_BOUND('',#120,.T.);
#120 = EDGE_LOOP('',(#121,#131,#139,#147));
#121 = ORIENTED_EDGE('',*,*,#122,.T.);
#122 = EDGE_CURVE('',#123,#125,#127,.T.);
#123 = VERTEX_POINT('',#124);
#124 = CARTESIAN_POINT('',(-0.8,0.4,0.355));
#125 = VERTEX_POINT('',#126);
#126 = CARTESIAN_POINT('',(-0.8,0.4,-0.355));
#127 = LINE('',#128,#129);
#128 = CARTESIAN_POINT('',(-0.8,0.4,-0.405));
#129 = VECTOR('',#130,1.);
#130 = DIRECTION('',(-1.338521200599E-16,-0.,-1.));
#131 = ORIENTED_EDGE('',*,*,#132,.T.);
#132 = EDGE_CURVE('',#125,#133,#135,.T.);
#133 = VERTEX_POINT('',#134);
#134 = CARTESIAN_POINT('',(-0.8,-0.4,-0.355));
#135 = LINE('',#136,#137);
#136 = CARTESIAN_POINT('',(-0.8,0.45,-0.355));
#137 = VECTOR('',#138,1.);
#138 = DIRECTION('',(0.,-1.,0.));
#139 = ORIENTED_EDGE('',*,*,#140,.T.);
#140 = EDGE_CURVE('',#133,#141,#143,.T.);
#141 = VERTEX_POINT('',#142);
#142 = CARTESIAN_POINT('',(-0.8,-0.4,0.355));
#143 = LINE('',#144,#145);
#144 = CARTESIAN_POINT('',(-0.8,-0.4,-0.405));
#145 = VECTOR('',#146,1.);
#146 = DIRECTION('',(1.338521200599E-16,-0.,1.));
#147 = ORIENTED_EDGE('',*,*,#148,.T.);
#148 = EDGE_CURVE('',#141,#123,#149,.T.);
#149 = LINE('',#150,#151);
#150 = CARTESIAN_POINT('',(-0.8,0.45,0.355));
#151 = VECTOR('',#152,1.);
#152 = DIRECTION('',(-0.,1.,-0.));
#153 = PLANE('',#154);
#154 = AXIS2_PLACEMENT_3D('',#155,#156,#157);
#155 = CARTESIAN_POINT('',(-0.8,0.45,-0.405));
#156 = DIRECTION('',(1.,0.,-1.338521200599E-16));
#157 = DIRECTION('',(-1.338521200599E-16,0.,-1.));
#158 = ADVANCED_FACE('',(#159),#193,.F.);
#159 = FACE_BOUND('',#160,.T.);
#160 = EDGE_LOOP('',(#161,#171,#179,#187));
#161 = ORIENTED_EDGE('',*,*,#162,.T.);
#162 = EDGE_CURVE('',#163,#165,#167,.T.);
#163 = VERTEX_POINT('',#164);
#164 = CARTESIAN_POINT('',(-0.75,0.4,0.405));
#165 = VERTEX_POINT('',#166);
#166 = CARTESIAN_POINT('',(-0.75,-0.4,0.405));
#167 = LINE('',#168,#169);
#168 = CARTESIAN_POINT('',(-0.75,0.45,0.405));
#169 = VECTOR('',#170,1.);
#170 = DIRECTION('',(0.,-1.,0.));
#171 = ORIENTED_EDGE('',*,*,#172,.T.);
#172 = EDGE_CURVE('',#165,#173,#175,.T.);
#173 = VERTEX_POINT('',#174);
#174 = CARTESIAN_POINT('',(-0.45,-0.4,0.405));
#175 = LINE('',#176,#177);
#176 = CARTESIAN_POINT('',(-0.8,-0.4,0.405));
#177 = VECTOR('',#178,1.);
#178 = DIRECTION('',(1.,-0.,0.));
#179 = ORIENTED_EDGE('',*,*,#180,.F.);
#180 = EDGE_CURVE('',#181,#173,#183,.T.);
#181 = VERTEX_POINT('',#182);
#182 = CARTESIAN_POINT('',(-0.45,0.4,0.405));
#183 = LINE('',#184,#185);
#184 = CARTESIAN_POINT('',(-0.45,0.45,0.405));
#185 = VECTOR('',#186,1.);
#186 = DIRECTION('',(-0.,-1.,-0.));
#187 = ORIENTED_EDGE('',*,*,#188,.T.);
#188 = EDGE_CURVE('',#181,#163,#189,.T.);
#189 = LINE('',#190,#191);
#190 = CARTESIAN_POINT('',(-0.8,0.4,0.405));
#191 = VECTOR('',#192,1.);
#192 = DIRECTION('',(-1.,-0.,-0.));
#193 = PLANE('',#194);
#194 = AXIS2_PLACEMENT_3D('',#195,#196,#197);
#195 = CARTESIAN_POINT('',(-0.8,0.45,0.405));
#196 = DIRECTION('',(0.,0.,-1.));
#197 = DIRECTION('',(-1.,0.,-0.));
#198 = ADVANCED_FACE('',(#199),#260,.F.);
#199 = FACE_BOUND('',#200,.T.);
#200 = EDGE_LOOP('',(#201,#211,#220,#228,#237,#245,#252,#253));
#201 = ORIENTED_EDGE('',*,*,#202,.T.);
#202 = EDGE_CURVE('',#203,#205,#207,.T.);
#203 = VERTEX_POINT('',#204);
#204 = CARTESIAN_POINT('',(-0.45,-0.45,0.355));
#205 = VERTEX_POINT('',#206);
#206 = CARTESIAN_POINT('',(-0.45,-0.45,-0.355));
#207 = LINE('',#208,#209);
#208 = CARTESIAN_POINT('',(-0.45,-0.45,-0.405));
#209 = VECTOR('',#210,1.);
#210 = DIRECTION('',(-6.692606002997E-17,-0.,-1.));
#211 = ORIENTED_EDGE('',*,*,#212,.T.);
#212 = EDGE_CURVE('',#205,#213,#215,.T.);
#213 = VERTEX_POINT('',#214);
#214 = CARTESIAN_POINT('',(-0.45,-0.4,-0.405));
#215 = CIRCLE('',#216,5.E-02);
#216 = AXIS2_PLACEMENT_3D('',#217,#218,#219);
#217 = CARTESIAN_POINT('',(-0.45,-0.4,-0.355));
#218 = DIRECTION('',(1.,0.,-6.692606002997E-17));
#219 = DIRECTION('',(6.692606002997E-17,0.,1.));
#220 = ORIENTED_EDGE('',*,*,#221,.F.);
#221 = EDGE_CURVE('',#222,#213,#224,.T.);
#222 = VERTEX_POINT('',#223);
#223 = CARTESIAN_POINT('',(-0.45,0.4,-0.405));
#224 = LINE('',#225,#226);
#225 = CARTESIAN_POINT('',(-0.45,0.45,-0.405));
#226 = VECTOR('',#227,1.);
#227 = DIRECTION('',(-0.,-1.,-0.));
#228 = ORIENTED_EDGE('',*,*,#229,.T.);
#229 = EDGE_CURVE('',#222,#230,#232,.T.);
#230 = VERTEX_POINT('',#231);
#231 = CARTESIAN_POINT('',(-0.45,0.45,-0.355));
#232 = CIRCLE('',#233,5.E-02);
#233 = AXIS2_PLACEMENT_3D('',#234,#235,#236);
#234 = CARTESIAN_POINT('',(-0.45,0.4,-0.355));
#235 = DIRECTION('',(1.,0.,-6.692606002997E-17));
#236 = DIRECTION('',(6.692606002997E-17,0.,1.));
#237 = ORIENTED_EDGE('',*,*,#238,.F.);
#238 = EDGE_CURVE('',#239,#230,#241,.T.);
#239 = VERTEX_POINT('',#240);
#240 = CARTESIAN_POINT('',(-0.45,0.45,0.355));
#241 = LINE('',#242,#243);
#242 = CARTESIAN_POINT('',(-0.45,0.45,-0.405));
#243 = VECTOR('',#244,1.);
#244 = DIRECTION('',(-6.692606002997E-17,-0.,-1.));
#245 = ORIENTED_EDGE('',*,*,#246,.T.);
#246 = EDGE_CURVE('',#239,#181,#247,.T.);
#247 = CIRCLE('',#248,5.E-02);
#248 = AXIS2_PLACEMENT_3D('',#249,#250,#251);
#249 = CARTESIAN_POINT('',(-0.45,0.4,0.355));
#250 = DIRECTION('',(1.,0.,-6.692606002997E-17));
#251 = DIRECTION('',(6.692606002997E-17,0.,1.));
#252 = ORIENTED_EDGE('',*,*,#180,.T.);
#253 = ORIENTED_EDGE('',*,*,#254,.T.);
#254 = EDGE_CURVE('',#173,#203,#255,.T.);
#255 = CIRCLE('',#256,5.E-02);
#256 = AXIS2_PLACEMENT_3D('',#257,#258,#259);
#257 = CARTESIAN_POINT('',(-0.45,-0.4,0.355));
#258 = DIRECTION('',(1.,0.,-6.692606002997E-17));
#259 = DIRECTION('',(6.692606002997E-17,0.,1.));
#260 = PLANE('',#261);
#261 = AXIS2_PLACEMENT_3D('',#262,#263,#264);
#262 = CARTESIAN_POINT('',(-0.45,0.45,-0.405));
#263 = DIRECTION('',(-1.,0.,6.692606002997E-17));
#264 = DIRECTION('',(6.692606002997E-17,0.,1.));
#265 = ADVANCED_FACE('',(#266),#291,.F.);
#266 = FACE_BOUND('',#267,.T.);
#267 = EDGE_LOOP('',(#268,#269,#277,#285));
#268 = ORIENTED_EDGE('',*,*,#221,.T.);
#269 = ORIENTED_EDGE('',*,*,#270,.T.);
#270 = EDGE_CURVE('',#213,#271,#273,.T.);
#271 = VERTEX_POINT('',#272);
#272 = CARTESIAN_POINT('',(-0.75,-0.4,-0.405));
#273 = LINE('',#274,#275);
#274 = CARTESIAN_POINT('',(-0.8,-0.4,-0.405));
#275 = VECTOR('',#276,1.);
#276 = DIRECTION('',(-1.,0.,-6.195440985631E-16));
#277 = ORIENTED_EDGE('',*,*,#278,.T.);
#278 = EDGE_CURVE('',#271,#279,#281,.T.);
#279 = VERTEX_POINT('',#280);
#280 = CARTESIAN_POINT('',(-0.75,0.4,-0.405));
#281 = LINE('',#282,#283);
#282 = CARTESIAN_POINT('',(-0.75,0.45,-0.405));
#283 = VECTOR('',#284,1.);
#284 = DIRECTION('',(-0.,1.,-0.));
#285 = ORIENTED_EDGE('',*,*,#286,.T.);
#286 = EDGE_CURVE('',#279,#222,#287,.T.);
#287 = LINE('',#288,#289);
#288 = CARTESIAN_POINT('',(-0.45,0.4,-0.405));
#289 = VECTOR('',#290,1.);
#290 = DIRECTION('',(1.,-0.,6.195440985631E-16));
#291 = PLANE('',#292);
#292 = AXIS2_PLACEMENT_3D('',#293,#294,#295);
#293 = CARTESIAN_POINT('',(-0.8,0.45,-0.405));
#294 = DIRECTION('',(-6.195440985631E-16,0.,1.));
#295 = DIRECTION('',(1.,0.,6.195440985631E-16));
#296 = ADVANCED_FACE('',(#297),#322,.T.);
#297 = FACE_BOUND('',#298,.T.);
#298 = EDGE_LOOP('',(#299,#300,#308,#316));
#299 = ORIENTED_EDGE('',*,*,#238,.T.);
#300 = ORIENTED_EDGE('',*,*,#301,.T.);
#301 = EDGE_CURVE('',#230,#302,#304,.T.);
#302 = VERTEX_POINT('',#303);
#303 = CARTESIAN_POINT('',(-0.75,0.45,-0.355));
#304 = LINE('',#305,#306);
#305 = CARTESIAN_POINT('',(-0.8,0.45,-0.355));
#306 = VECTOR('',#307,1.);
#307 = DIRECTION('',(-1.,0.,-6.195440985631E-16));
#308 = ORIENTED_EDGE('',*,*,#309,.T.);
#309 = EDGE_CURVE('',#302,#310,#312,.T.);
#310 = VERTEX_POINT('',#311);
#311 = CARTESIAN_POINT('',(-0.75,0.45,0.355));
#312 = LINE('',#313,#314);
#313 = CARTESIAN_POINT('',(-0.75,0.45,0.405));
#314 = VECTOR('',#315,1.);
#315 = DIRECTION('',(1.338521200599E-16,-0.,1.));
#316 = ORIENTED_EDGE('',*,*,#317,.T.);
#317 = EDGE_CURVE('',#310,#239,#318,.T.);
#318 = LINE('',#319,#320);
#319 = CARTESIAN_POINT('',(-0.45,0.45,0.355));
#320 = VECTOR('',#321,1.);
#321 = DIRECTION('',(1.,-0.,0.));
#322 = PLANE('',#323);
#323 = AXIS2_PLACEMENT_3D('',#324,#325,#326);
#324 = CARTESIAN_POINT('',(0.,0.45,0.));
#325 = DIRECTION('',(0.,1.,0.));
#326 = DIRECTION('',(0.,-0.,1.));
#327 = ADVANCED_FACE('',(#328),#353,.F.);
#328 = FACE_BOUND('',#329,.T.);
#329 = EDGE_LOOP('',(#330,#340,#346,#347));
#330 = ORIENTED_EDGE('',*,*,#331,.T.);
#331 = EDGE_CURVE('',#332,#334,#336,.T.);
#332 = VERTEX_POINT('',#333);
#333 = CARTESIAN_POINT('',(-0.75,-0.45,0.355));
#334 = VERTEX_POINT('',#335);
#335 = CARTESIAN_POINT('',(-0.75,-0.45,-0.355));
#336 = LINE('',#337,#338);
#337 = CARTESIAN_POINT('',(-0.75,-0.45,1.00389090045E-16));
#338 = VECTOR('',#339,1.);
#339 = DIRECTION('',(-1.338521200599E-16,0.,-1.));
#340 = ORIENTED_EDGE('',*,*,#341,.T.);
#341 = EDGE_CURVE('',#334,#205,#342,.T.);
#342 = LINE('',#343,#344);
#343 = CARTESIAN_POINT('',(2.199381549899E-16,-0.45,-0.355));
#344 = VECTOR('',#345,1.);
#345 = DIRECTION('',(1.,-0.,6.195440985631E-16));
#346 = ORIENTED_EDGE('',*,*,#202,.F.);
#347 = ORIENTED_EDGE('',*,*,#348,.T.);
#348 = EDGE_CURVE('',#203,#332,#349,.T.);
#349 = LINE('',#350,#351);
#350 = CARTESIAN_POINT('',(0.,-0.45,0.355));
#351 = VECTOR('',#352,1.);
#352 = DIRECTION('',(-1.,0.,-0.));
#353 = PLANE('',#354);
#354 = AXIS2_PLACEMENT_3D('',#355,#356,#357);
#355 = CARTESIAN_POINT('',(0.,-0.45,0.));
#356 = DIRECTION('',(0.,1.,0.));
#357 = DIRECTION('',(0.,-0.,1.));
#358 = ADVANCED_FACE('',(#359),#371,.T.);
#359 = FACE_BOUND('',#360,.T.);
#360 = EDGE_LOOP('',(#361,#362,#363,#370));
#361 = ORIENTED_EDGE('',*,*,#246,.F.);
#362 = ORIENTED_EDGE('',*,*,#317,.F.);
#363 = ORIENTED_EDGE('',*,*,#364,.F.);
#364 = EDGE_CURVE('',#163,#310,#365,.T.);
#365 = CIRCLE('',#366,5.E-02);
#366 = AXIS2_PLACEMENT_3D('',#367,#368,#369);
#367 = CARTESIAN_POINT('',(-0.75,0.4,0.355));
#368 = DIRECTION('',(-1.,0.,0.));
#369 = DIRECTION('',(0.,0.,1.));
#370 = ORIENTED_EDGE('',*,*,#188,.F.);
#371 = CYLINDRICAL_SURFACE('',#372,5.E-02);
#372 = AXIS2_PLACEMENT_3D('',#373,#374,#375);
#373 = CARTESIAN_POINT('',(0.,0.4,0.355));
#374 = DIRECTION('',(-1.,0.,0.));
#375 = DIRECTION('',(0.,0.,1.));
#376 = ADVANCED_FACE('',(#377),#395,.T.);
#377 = FACE_BOUND('',#378,.T.);
#378 = EDGE_LOOP('',(#379,#386,#387,#394));
#379 = ORIENTED_EDGE('',*,*,#380,.F.);
#380 = EDGE_CURVE('',#165,#141,#381,.T.);
#381 = CIRCLE('',#382,5.E-02);
#382 = AXIS2_PLACEMENT_3D('',#383,#384,#385);
#383 = CARTESIAN_POINT('',(-0.75,-0.4,0.355));
#384 = DIRECTION('',(0.,-1.,0.));
#385 = DIRECTION('',(0.,0.,-1.));
#386 = ORIENTED_EDGE('',*,*,#162,.F.);
#387 = ORIENTED_EDGE('',*,*,#388,.F.);
#388 = EDGE_CURVE('',#123,#163,#389,.T.);
#389 = CIRCLE('',#390,5.E-02);
#390 = AXIS2_PLACEMENT_3D('',#391,#392,#393);
#391 = CARTESIAN_POINT('',(-0.75,0.4,0.355));
#392 = DIRECTION('',(0.,1.,-0.));
#393 = DIRECTION('',(0.,0.,1.));
#394 = ORIENTED_EDGE('',*,*,#148,.F.);
#395 = CYLINDRICAL_SURFACE('',#396,5.E-02);
#396 = AXIS2_PLACEMENT_3D('',#397,#398,#399);
#397 = CARTESIAN_POINT('',(-0.75,0.45,0.355));
#398 = DIRECTION('',(0.,-1.,0.));
#399 = DIRECTION('',(0.,0.,-1.));
#400 = ADVANCED_FACE('',(#401),#413,.T.);
#401 = FACE_BOUND('',#402,.T.);
#402 = EDGE_LOOP('',(#403,#404,#405,#412));
#403 = ORIENTED_EDGE('',*,*,#254,.F.);
#404 = ORIENTED_EDGE('',*,*,#172,.F.);
#405 = ORIENTED_EDGE('',*,*,#406,.F.);
#406 = EDGE_CURVE('',#332,#165,#407,.T.);
#407 = CIRCLE('',#408,5.E-02);
#408 = AXIS2_PLACEMENT_3D('',#409,#410,#411);
#409 = CARTESIAN_POINT('',(-0.75,-0.4,0.355));
#410 = DIRECTION('',(-1.,0.,0.));
#411 = DIRECTION('',(0.,0.,1.));
#412 = ORIENTED_EDGE('',*,*,#348,.F.);
#413 = CYLINDRICAL_SURFACE('',#414,5.E-02);
#414 = AXIS2_PLACEMENT_3D('',#415,#416,#417);
#415 = CARTESIAN_POINT('',(-0.8,-0.4,0.355));
#416 = DIRECTION('',(1.,-0.,0.));
#417 = DIRECTION('',(0.,0.,-1.));
#418 = ADVANCED_FACE('',(#419),#430,.T.);
#419 = FACE_BOUND('',#420,.T.);
#420 = EDGE_LOOP('',(#421,#422,#423));
#421 = ORIENTED_EDGE('',*,*,#388,.T.);
#422 = ORIENTED_EDGE('',*,*,#364,.T.);
#423 = ORIENTED_EDGE('',*,*,#424,.F.);
#424 = EDGE_CURVE('',#123,#310,#425,.T.);
#425 = CIRCLE('',#426,5.E-02);
#426 = AXIS2_PLACEMENT_3D('',#427,#428,#429);
#427 = CARTESIAN_POINT('',(-0.75,0.4,0.355));
#428 = DIRECTION('',(0.,0.,-1.));
#429 = DIRECTION('',(1.,0.,0.));
#430 = SPHERICAL_SURFACE('',#431,5.E-02);
#431 = AXIS2_PLACEMENT_3D('',#432,#433,#434);
#432 = CARTESIAN_POINT('',(-0.75,0.4,0.355));
#433 = DIRECTION('',(0.,1.,0.));
#434 = DIRECTION('',(1.,0.,0.));
#435 = ADVANCED_FACE('',(#436),#447,.T.);
#436 = FACE_BOUND('',#437,.T.);
#437 = EDGE_LOOP('',(#438,#439,#440));
#438 = ORIENTED_EDGE('',*,*,#406,.T.);
#439 = ORIENTED_EDGE('',*,*,#380,.T.);
#440 = ORIENTED_EDGE('',*,*,#441,.F.);
#441 = EDGE_CURVE('',#332,#141,#442,.T.);
#442 = CIRCLE('',#443,5.E-02);
#443 = AXIS2_PLACEMENT_3D('',#444,#445,#446);
#444 = CARTESIAN_POINT('',(-0.75,-0.4,0.355));
#445 = DIRECTION('',(0.,0.,-1.));
#446 = DIRECTION('',(1.,0.,0.));
#447 = SPHERICAL_SURFACE('',#448,5.E-02);
#448 = AXIS2_PLACEMENT_3D('',#449,#450,#451);
#449 = CARTESIAN_POINT('',(-0.75,-0.4,0.355));
#450 = DIRECTION('',(0.,1.,0.));
#451 = DIRECTION('',(1.,0.,0.));
#452 = ADVANCED_FACE('',(#453),#465,.T.);
#453 = FACE_BOUND('',#454,.T.);
#454 = EDGE_LOOP('',(#455,#456,#457,#464));
#455 = ORIENTED_EDGE('',*,*,#229,.F.);
#456 = ORIENTED_EDGE('',*,*,#286,.F.);
#457 = ORIENTED_EDGE('',*,*,#458,.F.);
#458 = EDGE_CURVE('',#302,#279,#459,.T.);
#459 = CIRCLE('',#460,5.E-02);
#460 = AXIS2_PLACEMENT_3D('',#461,#462,#463);
#461 = CARTESIAN_POINT('',(-0.75,0.4,-0.355));
#462 = DIRECTION('',(-1.,0.,0.));
#463 = DIRECTION('',(0.,0.,1.));
#464 = ORIENTED_EDGE('',*,*,#301,.F.);
#465 = CYLINDRICAL_SURFACE('',#466,5.E-02);
#466 = AXIS2_PLACEMENT_3D('',#467,#468,#469);
#467 = CARTESIAN_POINT('',(2.199381549899E-16,0.4,-0.355));
#468 = DIRECTION('',(1.,-0.,6.195440985631E-16));
#469 = DIRECTION('',(6.195440985631E-16,0.,-1.));
#470 = ADVANCED_FACE('',(#471),#483,.T.);
#471 = FACE_BOUND('',#472,.T.);
#472 = EDGE_LOOP('',(#473,#474,#475,#482));
#473 = ORIENTED_EDGE('',*,*,#424,.T.);
#474 = ORIENTED_EDGE('',*,*,#309,.F.);
#475 = ORIENTED_EDGE('',*,*,#476,.F.);
#476 = EDGE_CURVE('',#125,#302,#477,.T.);
#477 = CIRCLE('',#478,5.E-02);
#478 = AXIS2_PLACEMENT_3D('',#479,#480,#481);
#479 = CARTESIAN_POINT('',(-0.75,0.4,-0.355));
#480 = DIRECTION('',(0.,0.,-1.));
#481 = DIRECTION('',(-1.,0.,0.));
#482 = ORIENTED_EDGE('',*,*,#122,.F.);
#483 = CYLINDRICAL_SURFACE('',#484,5.E-02);
#484 = AXIS2_PLACEMENT_3D('',#485,#486,#487);
#485 = CARTESIAN_POINT('',(-0.75,0.4,1.00389090045E-16));
#486 = DIRECTION('',(-1.338521200599E-16,0.,-1.));
#487 = DIRECTION('',(-1.,0.,1.338521200599E-16));
#488 = ADVANCED_FACE('',(#489),#501,.T.);
#489 = FACE_BOUND('',#490,.T.);
#490 = EDGE_LOOP('',(#491,#492,#493,#500));
#491 = ORIENTED_EDGE('',*,*,#441,.T.);
#492 = ORIENTED_EDGE('',*,*,#140,.F.);
#493 = ORIENTED_EDGE('',*,*,#494,.F.);
#494 = EDGE_CURVE('',#334,#133,#495,.T.);
#495 = CIRCLE('',#496,5.E-02);
#496 = AXIS2_PLACEMENT_3D('',#497,#498,#499);
#497 = CARTESIAN_POINT('',(-0.75,-0.4,-0.355));
#498 = DIRECTION('',(-0.,0.,-1.));
#499 = DIRECTION('',(-1.,0.,0.));
#500 = ORIENTED_EDGE('',*,*,#331,.F.);
#501 = CYLINDRICAL_SURFACE('',#502,5.E-02);
#502 = AXIS2_PLACEMENT_3D('',#503,#504,#505);
#503 = CARTESIAN_POINT('',(-0.75,-0.4,-0.405));
#504 = DIRECTION('',(1.338521200599E-16,-0.,1.));
#505 = DIRECTION('',(1.,0.,-1.338521200599E-16));
#506 = ADVANCED_FACE('',(#507),#519,.T.);
#507 = FACE_BOUND('',#508,.T.);
#508 = EDGE_LOOP('',(#509,#510,#511,#518));
#509 = ORIENTED_EDGE('',*,*,#212,.F.);
#510 = ORIENTED_EDGE('',*,*,#341,.F.);
#511 = ORIENTED_EDGE('',*,*,#512,.F.);
#512 = EDGE_CURVE('',#271,#334,#513,.T.);
#513 = CIRCLE('',#514,5.E-02);
#514 = AXIS2_PLACEMENT_3D('',#515,#516,#517);
#515 = CARTESIAN_POINT('',(-0.75,-0.4,-0.355));
#516 = DIRECTION('',(-1.,0.,-0.));
#517 = DIRECTION('',(-0.,0.,1.));
#518 = ORIENTED_EDGE('',*,*,#270,.F.);
#519 = CYLINDRICAL_SURFACE('',#520,5.E-02);
#520 = AXIS2_PLACEMENT_3D('',#521,#522,#523);
#521 = CARTESIAN_POINT('',(-0.8,-0.4,-0.355));
#522 = DIRECTION('',(-1.,0.,-6.195440985631E-16));
#523 = DIRECTION('',(-6.195440985631E-16,0.,1.));
#524 = ADVANCED_FACE('',(#525),#536,.T.);
#525 = FACE_BOUND('',#526,.T.);
#526 = EDGE_LOOP('',(#527,#528,#529));
#527 = ORIENTED_EDGE('',*,*,#476,.T.);
#528 = ORIENTED_EDGE('',*,*,#458,.T.);
#529 = ORIENTED_EDGE('',*,*,#530,.F.);
#530 = EDGE_CURVE('',#125,#279,#531,.T.);
#531 = CIRCLE('',#532,5.E-02);
#532 = AXIS2_PLACEMENT_3D('',#533,#534,#535);
#533 = CARTESIAN_POINT('',(-0.75,0.4,-0.355));
#534 = DIRECTION('',(0.,-1.,0.));
#535 = DIRECTION('',(0.,0.,1.));
#536 = SPHERICAL_SURFACE('',#537,5.E-02);
#537 = AXIS2_PLACEMENT_3D('',#538,#539,#540);
#538 = CARTESIAN_POINT('',(-0.75,0.4,-0.355));
#539 = DIRECTION('',(0.,1.,0.));
#540 = DIRECTION('',(1.,0.,0.));
#541 = ADVANCED_FACE('',(#542),#553,.T.);
#542 = FACE_BOUND('',#543,.T.);
#543 = EDGE_LOOP('',(#544,#545,#546));
#544 = ORIENTED_EDGE('',*,*,#512,.T.);
#545 = ORIENTED_EDGE('',*,*,#494,.T.);
#546 = ORIENTED_EDGE('',*,*,#547,.F.);
#547 = EDGE_CURVE('',#271,#133,#548,.T.);
#548 = CIRCLE('',#549,5.E-02);
#549 = AXIS2_PLACEMENT_3D('',#550,#551,#552);
#550 = CARTESIAN_POINT('',(-0.75,-0.4,-0.355));
#551 = DIRECTION('',(0.,1.,0.));
#552 = DIRECTION('',(0.,0.,-1.));
#553 = SPHERICAL_SURFACE('',#554,5.E-02);
#554 = AXIS2_PLACEMENT_3D('',#555,#556,#557);
#555 = CARTESIAN_POINT('',(-0.75,-0.4,-0.355));
#556 = DIRECTION('',(0.,1.,0.));
#557 = DIRECTION('',(1.,0.,0.));
#558 = ADVANCED_FACE('',(#559),#565,.T.);
#559 = FACE_BOUND('',#560,.T.);
#560 = EDGE_LOOP('',(#561,#562,#563,#564));
#561 = ORIENTED_EDGE('',*,*,#530,.T.);
#562 = ORIENTED_EDGE('',*,*,#278,.F.);
#563 = ORIENTED_EDGE('',*,*,#547,.T.);
#564 = ORIENTED_EDGE('',*,*,#132,.F.);
#565 = CYLINDRICAL_SURFACE('',#566,5.E-02);
#566 = AXIS2_PLACEMENT_3D('',#567,#568,#569);
#567 = CARTESIAN_POINT('',(-0.75,0.45,-0.355));
#568 = DIRECTION('',(0.,-1.,0.));
#569 = DIRECTION('',(0.,0.,-1.));
#570 = MANIFOLD_SOLID_BREP('',#571);
#571 = CLOSED_SHELL('',(#572,#612,#652,#719,#750,#781,#812,#830,#854,
    #872,#889,#906,#924,#942,#960,#978,#995,#1012));
#572 = ADVANCED_FACE('',(#573),#607,.F.);
#573 = FACE_BOUND('',#574,.T.);
#574 = EDGE_LOOP('',(#575,#585,#593,#601));
#575 = ORIENTED_EDGE('',*,*,#576,.F.);
#576 = EDGE_CURVE('',#577,#579,#581,.T.);
#577 = VERTEX_POINT('',#578);
#578 = CARTESIAN_POINT('',(0.8,0.4,0.355));
#579 = VERTEX_POINT('',#580);
#580 = CARTESIAN_POINT('',(0.8,0.4,-0.355));
#581 = LINE('',#582,#583);
#582 = CARTESIAN_POINT('',(0.8,0.4,-0.405));
#583 = VECTOR('',#584,1.);
#584 = DIRECTION('',(1.338521200599E-16,-0.,-1.));
#585 = ORIENTED_EDGE('',*,*,#586,.F.);
#586 = EDGE_CURVE('',#587,#577,#589,.T.);
#587 = VERTEX_POINT('',#588);
#588 = CARTESIAN_POINT('',(0.8,-0.4,0.355));
#589 = LINE('',#590,#591);
#590 = CARTESIAN_POINT('',(0.8,0.45,0.355));
#591 = VECTOR('',#592,1.);
#592 = DIRECTION('',(-0.,1.,-0.));
#593 = ORIENTED_EDGE('',*,*,#594,.F.);
#594 = EDGE_CURVE('',#595,#587,#597,.T.);
#595 = VERTEX_POINT('',#596);
#596 = CARTESIAN_POINT('',(0.8,-0.4,-0.355));
#597 = LINE('',#598,#599);
#598 = CARTESIAN_POINT('',(0.8,-0.4,-0.405));
#599 = VECTOR('',#600,1.);
#600 = DIRECTION('',(-1.338521200599E-16,0.,1.));
#601 = ORIENTED_EDGE('',*,*,#602,.F.);
#602 = EDGE_CURVE('',#579,#595,#603,.T.);
#603 = LINE('',#604,#605);
#604 = CARTESIAN_POINT('',(0.8,0.45,-0.355));
#605 = VECTOR('',#606,1.);
#606 = DIRECTION('',(0.,-1.,0.));
#607 = PLANE('',#608);
#608 = AXIS2_PLACEMENT_3D('',#609,#610,#611);
#609 = CARTESIAN_POINT('',(0.8,0.45,-0.405));
#610 = DIRECTION('',(-1.,0.,-1.338521200599E-16));
#611 = DIRECTION('',(1.338521200599E-16,0.,-1.));
#612 = ADVANCED_FACE('',(#613),#647,.F.);
#613 = FACE_BOUND('',#614,.T.);
#614 = EDGE_LOOP('',(#615,#625,#633,#641));
#615 = ORIENTED_EDGE('',*,*,#616,.F.);
#616 = EDGE_CURVE('',#617,#619,#621,.T.);
#617 = VERTEX_POINT('',#618);
#618 = CARTESIAN_POINT('',(0.75,0.4,0.405));
#619 = VERTEX_POINT('',#620);
#620 = CARTESIAN_POINT('',(0.75,-0.4,0.405));
#621 = LINE('',#622,#623);
#622 = CARTESIAN_POINT('',(0.75,0.45,0.405));
#623 = VECTOR('',#624,1.);
#624 = DIRECTION('',(0.,-1.,0.));
#625 = ORIENTED_EDGE('',*,*,#626,.F.);
#626 = EDGE_CURVE('',#627,#617,#629,.T.);
#627 = VERTEX_POINT('',#628);
#628 = CARTESIAN_POINT('',(0.45,0.4,0.405));
#629 = LINE('',#630,#631);
#630 = CARTESIAN_POINT('',(0.8,0.4,0.405));
#631 = VECTOR('',#632,1.);
#632 = DIRECTION('',(1.,-0.,-0.));
#633 = ORIENTED_EDGE('',*,*,#634,.T.);
#634 = EDGE_CURVE('',#627,#635,#637,.T.);
#635 = VERTEX_POINT('',#636);
#636 = CARTESIAN_POINT('',(0.45,-0.4,0.405));
#637 = LINE('',#638,#639);
#638 = CARTESIAN_POINT('',(0.45,0.45,0.405));
#639 = VECTOR('',#640,1.);
#640 = DIRECTION('',(0.,-1.,-0.));
#641 = ORIENTED_EDGE('',*,*,#642,.F.);
#642 = EDGE_CURVE('',#619,#635,#643,.T.);
#643 = LINE('',#644,#645);
#644 = CARTESIAN_POINT('',(0.8,-0.4,0.405));
#645 = VECTOR('',#646,1.);
#646 = DIRECTION('',(-1.,0.,0.));
#647 = PLANE('',#648);
#648 = AXIS2_PLACEMENT_3D('',#649,#650,#651);
#649 = CARTESIAN_POINT('',(0.8,0.45,0.405));
#650 = DIRECTION('',(0.,0.,-1.));
#651 = DIRECTION('',(1.,0.,0.));
#652 = ADVANCED_FACE('',(#653),#714,.F.);
#653 = FACE_BOUND('',#654,.T.);
#654 = EDGE_LOOP('',(#655,#665,#672,#673,#682,#690,#699,#707));
#655 = ORIENTED_EDGE('',*,*,#656,.F.);
#656 = EDGE_CURVE('',#657,#659,#661,.T.);
#657 = VERTEX_POINT('',#658);
#658 = CARTESIAN_POINT('',(0.45,-0.45,0.355));
#659 = VERTEX_POINT('',#660);
#660 = CARTESIAN_POINT('',(0.45,-0.45,-0.355));
#661 = LINE('',#662,#663);
#662 = CARTESIAN_POINT('',(0.45,-0.45,-0.405));
#663 = VECTOR('',#664,1.);
#664 = DIRECTION('',(6.692606002997E-17,-0.,-1.));
#665 = ORIENTED_EDGE('',*,*,#666,.F.);
#666 = EDGE_CURVE('',#635,#657,#667,.T.);
#667 = CIRCLE('',#668,5.E-02);
#668 = AXIS2_PLACEMENT_3D('',#669,#670,#671);
#669 = CARTESIAN_POINT('',(0.45,-0.4,0.355));
#670 = DIRECTION('',(1.,0.,6.692606002997E-17));
#671 = DIRECTION('',(-6.692606002997E-17,0.,1.));
#672 = ORIENTED_EDGE('',*,*,#634,.F.);
#673 = ORIENTED_EDGE('',*,*,#674,.F.);
#674 = EDGE_CURVE('',#675,#627,#677,.T.);
#675 = VERTEX_POINT('',#676);
#676 = CARTESIAN_POINT('',(0.45,0.45,0.355));
#677 = CIRCLE('',#678,5.E-02);
#678 = AXIS2_PLACEMENT_3D('',#679,#680,#681);
#679 = CARTESIAN_POINT('',(0.45,0.4,0.355));
#680 = DIRECTION('',(1.,0.,6.692606002997E-17));
#681 = DIRECTION('',(-6.692606002997E-17,0.,1.));
#682 = ORIENTED_EDGE('',*,*,#683,.T.);
#683 = EDGE_CURVE('',#675,#684,#686,.T.);
#684 = VERTEX_POINT('',#685);
#685 = CARTESIAN_POINT('',(0.45,0.45,-0.355));
#686 = LINE('',#687,#688);
#687 = CARTESIAN_POINT('',(0.45,0.45,-0.405));
#688 = VECTOR('',#689,1.);
#689 = DIRECTION('',(6.692606002997E-17,-0.,-1.));
#690 = ORIENTED_EDGE('',*,*,#691,.F.);
#691 = EDGE_CURVE('',#692,#684,#694,.T.);
#692 = VERTEX_POINT('',#693);
#693 = CARTESIAN_POINT('',(0.45,0.4,-0.405));
#694 = CIRCLE('',#695,5.E-02);
#695 = AXIS2_PLACEMENT_3D('',#696,#697,#698);
#696 = CARTESIAN_POINT('',(0.45,0.4,-0.355));
#697 = DIRECTION('',(1.,0.,6.692606002997E-17));
#698 = DIRECTION('',(-6.692606002997E-17,0.,1.));
#699 = ORIENTED_EDGE('',*,*,#700,.T.);
#700 = EDGE_CURVE('',#692,#701,#703,.T.);
#701 = VERTEX_POINT('',#702);
#702 = CARTESIAN_POINT('',(0.45,-0.4,-0.405));
#703 = LINE('',#704,#705);
#704 = CARTESIAN_POINT('',(0.45,0.45,-0.405));
#705 = VECTOR('',#706,1.);
#706 = DIRECTION('',(0.,-1.,-0.));
#707 = ORIENTED_EDGE('',*,*,#708,.F.);
#708 = EDGE_CURVE('',#659,#701,#709,.T.);
#709 = CIRCLE('',#710,5.E-02);
#710 = AXIS2_PLACEMENT_3D('',#711,#712,#713);
#711 = CARTESIAN_POINT('',(0.45,-0.4,-0.355));
#712 = DIRECTION('',(1.,0.,6.692606002997E-17));
#713 = DIRECTION('',(-6.692606002997E-17,0.,1.));
#714 = PLANE('',#715);
#715 = AXIS2_PLACEMENT_3D('',#716,#717,#718);
#716 = CARTESIAN_POINT('',(0.45,0.45,-0.405));
#717 = DIRECTION('',(1.,0.,6.692606002997E-17));
#718 = DIRECTION('',(-6.692606002997E-17,0.,1.));
#719 = ADVANCED_FACE('',(#720),#745,.F.);
#720 = FACE_BOUND('',#721,.T.);
#721 = EDGE_LOOP('',(#722,#723,#731,#739));
#722 = ORIENTED_EDGE('',*,*,#700,.F.);
#723 = ORIENTED_EDGE('',*,*,#724,.F.);
#724 = EDGE_CURVE('',#725,#692,#727,.T.);
#725 = VERTEX_POINT('',#726);
#726 = CARTESIAN_POINT('',(0.75,0.4,-0.405));
#727 = LINE('',#728,#729);
#728 = CARTESIAN_POINT('',(0.45,0.4,-0.405));
#729 = VECTOR('',#730,1.);
#730 = DIRECTION('',(-1.,-0.,6.195440985631E-16));
#731 = ORIENTED_EDGE('',*,*,#732,.F.);
#732 = EDGE_CURVE('',#733,#725,#735,.T.);
#733 = VERTEX_POINT('',#734);
#734 = CARTESIAN_POINT('',(0.75,-0.4,-0.405));
#735 = LINE('',#736,#737);
#736 = CARTESIAN_POINT('',(0.75,0.45,-0.405));
#737 = VECTOR('',#738,1.);
#738 = DIRECTION('',(-0.,1.,-0.));
#739 = ORIENTED_EDGE('',*,*,#740,.F.);
#740 = EDGE_CURVE('',#701,#733,#741,.T.);
#741 = LINE('',#742,#743);
#742 = CARTESIAN_POINT('',(0.8,-0.4,-0.405));
#743 = VECTOR('',#744,1.);
#744 = DIRECTION('',(1.,0.,-6.195440985631E-16));
#745 = PLANE('',#746);
#746 = AXIS2_PLACEMENT_3D('',#747,#748,#749);
#747 = CARTESIAN_POINT('',(0.8,0.45,-0.405));
#748 = DIRECTION('',(6.195440985631E-16,0.,1.));
#749 = DIRECTION('',(-1.,0.,6.195440985631E-16));
#750 = ADVANCED_FACE('',(#751),#776,.T.);
#751 = FACE_BOUND('',#752,.T.);
#752 = EDGE_LOOP('',(#753,#754,#762,#770));
#753 = ORIENTED_EDGE('',*,*,#683,.F.);
#754 = ORIENTED_EDGE('',*,*,#755,.F.);
#755 = EDGE_CURVE('',#756,#675,#758,.T.);
#756 = VERTEX_POINT('',#757);
#757 = CARTESIAN_POINT('',(0.75,0.45,0.355));
#758 = LINE('',#759,#760);
#759 = CARTESIAN_POINT('',(0.45,0.45,0.355));
#760 = VECTOR('',#761,1.);
#761 = DIRECTION('',(-1.,0.,0.));
#762 = ORIENTED_EDGE('',*,*,#763,.F.);
#763 = EDGE_CURVE('',#764,#756,#766,.T.);
#764 = VERTEX_POINT('',#765);
#765 = CARTESIAN_POINT('',(0.75,0.45,-0.355));
#766 = LINE('',#767,#768);
#767 = CARTESIAN_POINT('',(0.75,0.45,0.405));
#768 = VECTOR('',#769,1.);
#769 = DIRECTION('',(-1.338521200599E-16,0.,1.));
#770 = ORIENTED_EDGE('',*,*,#771,.F.);
#771 = EDGE_CURVE('',#684,#764,#772,.T.);
#772 = LINE('',#773,#774);
#773 = CARTESIAN_POINT('',(0.8,0.45,-0.355));
#774 = VECTOR('',#775,1.);
#775 = DIRECTION('',(1.,0.,-6.195440985631E-16));
#776 = PLANE('',#777);
#777 = AXIS2_PLACEMENT_3D('',#778,#779,#780);
#778 = CARTESIAN_POINT('',(0.,0.45,0.));
#779 = DIRECTION('',(0.,1.,0.));
#780 = DIRECTION('',(0.,-0.,1.));
#781 = ADVANCED_FACE('',(#782),#807,.F.);
#782 = FACE_BOUND('',#783,.T.);
#783 = EDGE_LOOP('',(#784,#794,#800,#801));
#784 = ORIENTED_EDGE('',*,*,#785,.F.);
#785 = EDGE_CURVE('',#786,#788,#790,.T.);
#786 = VERTEX_POINT('',#787);
#787 = CARTESIAN_POINT('',(0.75,-0.45,0.355));
#788 = VERTEX_POINT('',#789);
#789 = CARTESIAN_POINT('',(0.75,-0.45,-0.355));
#790 = LINE('',#791,#792);
#791 = CARTESIAN_POINT('',(0.75,-0.45,1.00389090045E-16));
#792 = VECTOR('',#793,1.);
#793 = DIRECTION('',(1.338521200599E-16,-0.,-1.));
#794 = ORIENTED_EDGE('',*,*,#795,.F.);
#795 = EDGE_CURVE('',#657,#786,#796,.T.);
#796 = LINE('',#797,#798);
#797 = CARTESIAN_POINT('',(0.,-0.45,0.355));
#798 = VECTOR('',#799,1.);
#799 = DIRECTION('',(1.,-0.,-0.));
#800 = ORIENTED_EDGE('',*,*,#656,.T.);
#801 = ORIENTED_EDGE('',*,*,#802,.F.);
#802 = EDGE_CURVE('',#788,#659,#803,.T.);
#803 = LINE('',#804,#805);
#804 = CARTESIAN_POINT('',(-2.199381549899E-16,-0.45,-0.355));
#805 = VECTOR('',#806,1.);
#806 = DIRECTION('',(-1.,-0.,6.195440985631E-16));
#807 = PLANE('',#808);
#808 = AXIS2_PLACEMENT_3D('',#809,#810,#811);
#809 = CARTESIAN_POINT('',(0.,-0.45,0.));
#810 = DIRECTION('',(0.,1.,0.));
#811 = DIRECTION('',(0.,-0.,1.));
#812 = ADVANCED_FACE('',(#813),#825,.T.);
#813 = FACE_BOUND('',#814,.T.);
#814 = EDGE_LOOP('',(#815,#816,#817,#824));
#815 = ORIENTED_EDGE('',*,*,#674,.T.);
#816 = ORIENTED_EDGE('',*,*,#626,.T.);
#817 = ORIENTED_EDGE('',*,*,#818,.T.);
#818 = EDGE_CURVE('',#617,#756,#819,.T.);
#819 = CIRCLE('',#820,5.E-02);
#820 = AXIS2_PLACEMENT_3D('',#821,#822,#823);
#821 = CARTESIAN_POINT('',(0.75,0.4,0.355));
#822 = DIRECTION('',(-1.,0.,-0.));
#823 = DIRECTION('',(-0.,0.,1.));
#824 = ORIENTED_EDGE('',*,*,#755,.T.);
#825 = CYLINDRICAL_SURFACE('',#826,5.E-02);
#826 = AXIS2_PLACEMENT_3D('',#827,#828,#829);
#827 = CARTESIAN_POINT('',(0.,0.4,0.355));
#828 = DIRECTION('',(1.,0.,0.));
#829 = DIRECTION('',(0.,0.,1.));
#830 = ADVANCED_FACE('',(#831),#849,.T.);
#831 = FACE_BOUND('',#832,.T.);
#832 = EDGE_LOOP('',(#833,#840,#841,#848));
#833 = ORIENTED_EDGE('',*,*,#834,.T.);
#834 = EDGE_CURVE('',#619,#587,#835,.T.);
#835 = CIRCLE('',#836,5.E-02);
#836 = AXIS2_PLACEMENT_3D('',#837,#838,#839);
#837 = CARTESIAN_POINT('',(0.75,-0.4,0.355));
#838 = DIRECTION('',(-0.,1.,0.));
#839 = DIRECTION('',(0.,0.,-1.));
#840 = ORIENTED_EDGE('',*,*,#586,.T.);
#841 = ORIENTED_EDGE('',*,*,#842,.T.);
#842 = EDGE_CURVE('',#577,#617,#843,.T.);
#843 = CIRCLE('',#844,5.E-02);
#844 = AXIS2_PLACEMENT_3D('',#845,#846,#847);
#845 = CARTESIAN_POINT('',(0.75,0.4,0.355));
#846 = DIRECTION('',(0.,-1.,0.));
#847 = DIRECTION('',(0.,0.,1.));
#848 = ORIENTED_EDGE('',*,*,#616,.T.);
#849 = CYLINDRICAL_SURFACE('',#850,5.E-02);
#850 = AXIS2_PLACEMENT_3D('',#851,#852,#853);
#851 = CARTESIAN_POINT('',(0.75,0.45,0.355));
#852 = DIRECTION('',(0.,-1.,0.));
#853 = DIRECTION('',(0.,0.,-1.));
#854 = ADVANCED_FACE('',(#855),#867,.T.);
#855 = FACE_BOUND('',#856,.T.);
#856 = EDGE_LOOP('',(#857,#858,#859,#866));
#857 = ORIENTED_EDGE('',*,*,#666,.T.);
#858 = ORIENTED_EDGE('',*,*,#795,.T.);
#859 = ORIENTED_EDGE('',*,*,#860,.T.);
#860 = EDGE_CURVE('',#786,#619,#861,.T.);
#861 = CIRCLE('',#862,5.E-02);
#862 = AXIS2_PLACEMENT_3D('',#863,#864,#865);
#863 = CARTESIAN_POINT('',(0.75,-0.4,0.355));
#864 = DIRECTION('',(-1.,0.,-0.));
#865 = DIRECTION('',(-0.,0.,1.));
#866 = ORIENTED_EDGE('',*,*,#642,.T.);
#867 = CYLINDRICAL_SURFACE('',#868,5.E-02);
#868 = AXIS2_PLACEMENT_3D('',#869,#870,#871);
#869 = CARTESIAN_POINT('',(0.8,-0.4,0.355));
#870 = DIRECTION('',(-1.,0.,0.));
#871 = DIRECTION('',(0.,0.,-1.));
#872 = ADVANCED_FACE('',(#873),#884,.T.);
#873 = FACE_BOUND('',#874,.T.);
#874 = EDGE_LOOP('',(#875,#876,#883));
#875 = ORIENTED_EDGE('',*,*,#842,.F.);
#876 = ORIENTED_EDGE('',*,*,#877,.T.);
#877 = EDGE_CURVE('',#577,#756,#878,.T.);
#878 = CIRCLE('',#879,5.E-02);
#879 = AXIS2_PLACEMENT_3D('',#880,#881,#882);
#880 = CARTESIAN_POINT('',(0.75,0.4,0.355));
#881 = DIRECTION('',(0.,0.,1.));
#882 = DIRECTION('',(-1.,0.,0.));
#883 = ORIENTED_EDGE('',*,*,#818,.F.);
#884 = SPHERICAL_SURFACE('',#885,5.E-02);
#885 = AXIS2_PLACEMENT_3D('',#886,#887,#888);
#886 = CARTESIAN_POINT('',(0.75,0.4,0.355));
#887 = DIRECTION('',(0.,-1.,0.));
#888 = DIRECTION('',(-1.,0.,0.));
#889 = ADVANCED_FACE('',(#890),#901,.T.);
#890 = FACE_BOUND('',#891,.T.);
#891 = EDGE_LOOP('',(#892,#893,#900));
#892 = ORIENTED_EDGE('',*,*,#860,.F.);
#893 = ORIENTED_EDGE('',*,*,#894,.T.);
#894 = EDGE_CURVE('',#786,#587,#895,.T.);
#895 = CIRCLE('',#896,5.E-02);
#896 = AXIS2_PLACEMENT_3D('',#897,#898,#899);
#897 = CARTESIAN_POINT('',(0.75,-0.4,0.355));
#898 = DIRECTION('',(0.,0.,1.));
#899 = DIRECTION('',(-1.,0.,0.));
#900 = ORIENTED_EDGE('',*,*,#834,.F.);
#901 = SPHERICAL_SURFACE('',#902,5.E-02);
#902 = AXIS2_PLACEMENT_3D('',#903,#904,#905);
#903 = CARTESIAN_POINT('',(0.75,-0.4,0.355));
#904 = DIRECTION('',(0.,-1.,0.));
#905 = DIRECTION('',(-1.,0.,0.));
#906 = ADVANCED_FACE('',(#907),#919,.T.);
#907 = FACE_BOUND('',#908,.T.);
#908 = EDGE_LOOP('',(#909,#910,#911,#918));
#909 = ORIENTED_EDGE('',*,*,#691,.T.);
#910 = ORIENTED_EDGE('',*,*,#771,.T.);
#911 = ORIENTED_EDGE('',*,*,#912,.T.);
#912 = EDGE_CURVE('',#764,#725,#913,.T.);
#913 = CIRCLE('',#914,5.E-02);
#914 = AXIS2_PLACEMENT_3D('',#915,#916,#917);
#915 = CARTESIAN_POINT('',(0.75,0.4,-0.355));
#916 = DIRECTION('',(-1.,0.,-0.));
#917 = DIRECTION('',(-0.,0.,1.));
#918 = ORIENTED_EDGE('',*,*,#724,.T.);
#919 = CYLINDRICAL_SURFACE('',#920,5.E-02);
#920 = AXIS2_PLACEMENT_3D('',#921,#922,#923);
#921 = CARTESIAN_POINT('',(-2.199381549899E-16,0.4,-0.355));
#922 = DIRECTION('',(-1.,0.,6.195440985631E-16));
#923 = DIRECTION('',(-6.195440985631E-16,0.,-1.));
#924 = ADVANCED_FACE('',(#925),#937,.T.);
#925 = FACE_BOUND('',#926,.T.);
#926 = EDGE_LOOP('',(#927,#928,#929,#936));
#927 = ORIENTED_EDGE('',*,*,#877,.F.);
#928 = ORIENTED_EDGE('',*,*,#576,.T.);
#929 = ORIENTED_EDGE('',*,*,#930,.T.);
#930 = EDGE_CURVE('',#579,#764,#931,.T.);
#931 = CIRCLE('',#932,5.E-02);
#932 = AXIS2_PLACEMENT_3D('',#933,#934,#935);
#933 = CARTESIAN_POINT('',(0.75,0.4,-0.355));
#934 = DIRECTION('',(0.,-0.,1.));
#935 = DIRECTION('',(1.,0.,0.));
#936 = ORIENTED_EDGE('',*,*,#763,.T.);
#937 = CYLINDRICAL_SURFACE('',#938,5.E-02);
#938 = AXIS2_PLACEMENT_3D('',#939,#940,#941);
#939 = CARTESIAN_POINT('',(0.75,0.4,1.00389090045E-16));
#940 = DIRECTION('',(1.338521200599E-16,0.,-1.));
#941 = DIRECTION('',(1.,0.,1.338521200599E-16));
#942 = ADVANCED_FACE('',(#943),#955,.T.);
#943 = FACE_BOUND('',#944,.T.);
#944 = EDGE_LOOP('',(#945,#946,#947,#954));
#945 = ORIENTED_EDGE('',*,*,#894,.F.);
#946 = ORIENTED_EDGE('',*,*,#785,.T.);
#947 = ORIENTED_EDGE('',*,*,#948,.T.);
#948 = EDGE_CURVE('',#788,#595,#949,.T.);
#949 = CIRCLE('',#950,5.E-02);
#950 = AXIS2_PLACEMENT_3D('',#951,#952,#953);
#951 = CARTESIAN_POINT('',(0.75,-0.4,-0.355));
#952 = DIRECTION('',(-0.,0.,1.));
#953 = DIRECTION('',(1.,0.,0.));
#954 = ORIENTED_EDGE('',*,*,#594,.T.);
#955 = CYLINDRICAL_SURFACE('',#956,5.E-02);
#956 = AXIS2_PLACEMENT_3D('',#957,#958,#959);
#957 = CARTESIAN_POINT('',(0.75,-0.4,-0.405));
#958 = DIRECTION('',(-1.338521200599E-16,0.,1.));
#959 = DIRECTION('',(-1.,0.,-1.338521200599E-16));
#960 = ADVANCED_FACE('',(#961),#973,.T.);
#961 = FACE_BOUND('',#962,.T.);
#962 = EDGE_LOOP('',(#963,#964,#965,#972));
#963 = ORIENTED_EDGE('',*,*,#708,.T.);
#964 = ORIENTED_EDGE('',*,*,#740,.T.);
#965 = ORIENTED_EDGE('',*,*,#966,.T.);
#966 = EDGE_CURVE('',#733,#788,#967,.T.);
#967 = CIRCLE('',#968,5.E-02);
#968 = AXIS2_PLACEMENT_3D('',#969,#970,#971);
#969 = CARTESIAN_POINT('',(0.75,-0.4,-0.355));
#970 = DIRECTION('',(-1.,0.,0.));
#971 = DIRECTION('',(0.,0.,1.));
#972 = ORIENTED_EDGE('',*,*,#802,.T.);
#973 = CYLINDRICAL_SURFACE('',#974,5.E-02);
#974 = AXIS2_PLACEMENT_3D('',#975,#976,#977);
#975 = CARTESIAN_POINT('',(0.8,-0.4,-0.355));
#976 = DIRECTION('',(1.,0.,-6.195440985631E-16));
#977 = DIRECTION('',(6.195440985631E-16,0.,1.));
#978 = ADVANCED_FACE('',(#979),#990,.T.);
#979 = FACE_BOUND('',#980,.T.);
#980 = EDGE_LOOP('',(#981,#982,#989));
#981 = ORIENTED_EDGE('',*,*,#930,.F.);
#982 = ORIENTED_EDGE('',*,*,#983,.T.);
#983 = EDGE_CURVE('',#579,#725,#984,.T.);
#984 = CIRCLE('',#985,5.E-02);
#985 = AXIS2_PLACEMENT_3D('',#986,#987,#988);
#986 = CARTESIAN_POINT('',(0.75,0.4,-0.355));
#987 = DIRECTION('',(0.,1.,0.));
#988 = DIRECTION('',(0.,-0.,1.));
#989 = ORIENTED_EDGE('',*,*,#912,.F.);
#990 = SPHERICAL_SURFACE('',#991,5.E-02);
#991 = AXIS2_PLACEMENT_3D('',#992,#993,#994);
#992 = CARTESIAN_POINT('',(0.75,0.4,-0.355));
#993 = DIRECTION('',(0.,-1.,0.));
#994 = DIRECTION('',(-1.,0.,0.));
#995 = ADVANCED_FACE('',(#996),#1007,.T.);
#996 = FACE_BOUND('',#997,.T.);
#997 = EDGE_LOOP('',(#998,#999,#1006));
#998 = ORIENTED_EDGE('',*,*,#966,.F.);
#999 = ORIENTED_EDGE('',*,*,#1000,.T.);
#1000 = EDGE_CURVE('',#733,#595,#1001,.T.);
#1001 = CIRCLE('',#1002,5.E-02);
#1002 = AXIS2_PLACEMENT_3D('',#1003,#1004,#1005);
#1003 = CARTESIAN_POINT('',(0.75,-0.4,-0.355));
#1004 = DIRECTION('',(0.,-1.,0.));
#1005 = DIRECTION('',(0.,0.,-1.));
#1006 = ORIENTED_EDGE('',*,*,#948,.F.);
#1007 = SPHERICAL_SURFACE('',#1008,5.E-02);
#1008 = AXIS2_PLACEMENT_3D('',#1009,#1010,#1011);
#1009 = CARTESIAN_POINT('',(0.75,-0.4,-0.355));
#1010 = DIRECTION('',(0.,-1.,0.));
#1011 = DIRECTION('',(-1.,0.,0.));
#1012 = ADVANCED_FACE('',(#1013),#1019,.T.);
#1013 = FACE_BOUND('',#1014,.T.);
#1014 = EDGE_LOOP('',(#1015,#1016,#1017,#1018));
#1015 = ORIENTED_EDGE('',*,*,#983,.F.);
#1016 = ORIENTED_EDGE('',*,*,#602,.T.);
#1017 = ORIENTED_EDGE('',*,*,#1000,.F.);
#1018 = ORIENTED_EDGE('',*,*,#732,.T.);
#1019 = CYLINDRICAL_SURFACE('',#1020,5.E-02);
#1020 = AXIS2_PLACEMENT_3D('',#1021,#1022,#1023);
#1021 = CARTESIAN_POINT('',(0.75,0.45,-0.355));
#1022 = DIRECTION('',(0.,-1.,0.));
#1023 = DIRECTION('',(0.,0.,-1.));
#1024 = MANIFOLD_SOLID_BREP('',#1025);
#1025 = CLOSED_SHELL('',(#1026,#1102,#1178,#1200,#1217,#1234,#1251,#1268
    ,#1285,#1302));
#1026 = ADVANCED_FACE('',(#1027),#1097,.T.);
#1027 = FACE_BOUND('',#1028,.T.);
#1028 = EDGE_LOOP('',(#1029,#1040,#1048,#1057,#1065,#1074,#1082,#1091));
#1029 = ORIENTED_EDGE('',*,*,#1030,.T.);
#1030 = EDGE_CURVE('',#1031,#1033,#1035,.T.);
#1031 = VERTEX_POINT('',#1032);
#1032 = CARTESIAN_POINT('',(0.450000000001,0.4,-0.38));
#1033 = VERTEX_POINT('',#1034);
#1034 = CARTESIAN_POINT('',(0.450000000001,0.425,-0.355));
#1035 = CIRCLE('',#1036,2.5E-02);
#1036 = AXIS2_PLACEMENT_3D('',#1037,#1038,#1039);
#1037 = CARTESIAN_POINT('',(0.450000000001,0.4,-0.355));
#1038 = DIRECTION('',(1.,0.,6.692606002997E-17));
#1039 = DIRECTION('',(6.692606002997E-17,0.,-1.));
#1040 = ORIENTED_EDGE('',*,*,#1041,.T.);
#1041 = EDGE_CURVE('',#1033,#1042,#1044,.T.);
#1042 = VERTEX_POINT('',#1043);
#1043 = CARTESIAN_POINT('',(0.450000000001,0.425,0.355));
#1044 = LINE('',#1045,#1046);
#1045 = CARTESIAN_POINT('',(0.450000000001,0.425,-0.355000000077));
#1046 = VECTOR('',#1047,1.);
#1047 = DIRECTION('',(-6.692606002997E-17,0.,1.));
#1048 = ORIENTED_EDGE('',*,*,#1049,.T.);
#1049 = EDGE_CURVE('',#1042,#1050,#1052,.T.);
#1050 = VERTEX_POINT('',#1051);
#1051 = CARTESIAN_POINT('',(0.450000000001,0.4,0.38));
#1052 = CIRCLE('',#1053,2.5E-02);
#1053 = AXIS2_PLACEMENT_3D('',#1054,#1055,#1056);
#1054 = CARTESIAN_POINT('',(0.450000000001,0.4,0.355));
#1055 = DIRECTION('',(1.,0.,6.692606002997E-17));
#1056 = DIRECTION('',(6.692606002997E-17,0.,-1.));
#1057 = ORIENTED_EDGE('',*,*,#1058,.T.);
#1058 = EDGE_CURVE('',#1050,#1059,#1061,.T.);
#1059 = VERTEX_POINT('',#1060);
#1060 = CARTESIAN_POINT('',(0.450000000001,-0.4,0.38));
#1061 = LINE('',#1062,#1063);
#1062 = CARTESIAN_POINT('',(0.450000000001,0.4,0.38));
#1063 = VECTOR('',#1064,1.);
#1064 = DIRECTION('',(0.,-1.,0.));
#1065 = ORIENTED_EDGE('',*,*,#1066,.T.);
#1066 = EDGE_CURVE('',#1059,#1067,#1069,.T.);
#1067 = VERTEX_POINT('',#1068);
#1068 = CARTESIAN_POINT('',(0.450000000001,-0.425,0.355));
#1069 = CIRCLE('',#1070,2.5E-02);
#1070 = AXIS2_PLACEMENT_3D('',#1071,#1072,#1073);
#1071 = CARTESIAN_POINT('',(0.450000000001,-0.4,0.355));
#1072 = DIRECTION('',(1.,0.,6.692606002997E-17));
#1073 = DIRECTION('',(6.692606002997E-17,0.,-1.));
#1074 = ORIENTED_EDGE('',*,*,#1075,.T.);
#1075 = EDGE_CURVE('',#1067,#1076,#1078,.T.);
#1076 = VERTEX_POINT('',#1077);
#1077 = CARTESIAN_POINT('',(0.450000000001,-0.425,-0.355));
#1078 = LINE('',#1079,#1080);
#1079 = CARTESIAN_POINT('',(0.450000000001,-0.425,0.354999999923));
#1080 = VECTOR('',#1081,1.);
#1081 = DIRECTION('',(6.692606002997E-17,0.,-1.));
#1082 = ORIENTED_EDGE('',*,*,#1083,.T.);
#1083 = EDGE_CURVE('',#1076,#1084,#1086,.T.);
#1084 = VERTEX_POINT('',#1085);
#1085 = CARTESIAN_POINT('',(0.450000000001,-0.4,-0.38));
#1086 = CIRCLE('',#1087,2.5E-02);
#1087 = AXIS2_PLACEMENT_3D('',#1088,#1089,#1090);
#1088 = CARTESIAN_POINT('',(0.450000000001,-0.4,-0.355));
#1089 = DIRECTION('',(1.,0.,6.692606002997E-17));
#1090 = DIRECTION('',(6.692606002997E-17,0.,-1.));
#1091 = ORIENTED_EDGE('',*,*,#1092,.T.);
#1092 = EDGE_CURVE('',#1084,#1031,#1093,.T.);
#1093 = LINE('',#1094,#1095);
#1094 = CARTESIAN_POINT('',(0.450000000001,-0.4,-0.38));
#1095 = VECTOR('',#1096,1.);
#1096 = DIRECTION('',(-0.,1.,0.));
#1097 = PLANE('',#1098);
#1098 = AXIS2_PLACEMENT_3D('',#1099,#1100,#1101);
#1099 = CARTESIAN_POINT('',(0.45,0.45,-0.405));
#1100 = DIRECTION('',(1.,0.,6.692606002997E-17));
#1101 = DIRECTION('',(-6.692606002997E-17,0.,1.));
#1102 = ADVANCED_FACE('',(#1103),#1173,.F.);
#1103 = FACE_BOUND('',#1104,.T.);
#1104 = EDGE_LOOP('',(#1105,#1116,#1124,#1133,#1141,#1150,#1158,#1167));
#1105 = ORIENTED_EDGE('',*,*,#1106,.F.);
#1106 = EDGE_CURVE('',#1107,#1109,#1111,.T.);
#1107 = VERTEX_POINT('',#1108);
#1108 = CARTESIAN_POINT('',(-0.45,0.4,-0.38));
#1109 = VERTEX_POINT('',#1110);
#1110 = CARTESIAN_POINT('',(-0.45,0.425,-0.355));
#1111 = CIRCLE('',#1112,2.5E-02);
#1112 = AXIS2_PLACEMENT_3D('',#1113,#1114,#1115);
#1113 = CARTESIAN_POINT('',(-0.45,0.4,-0.355));
#1114 = DIRECTION('',(1.,0.,-8.673617379884E-17));
#1115 = DIRECTION('',(-8.673617379884E-17,-0.,-1.));
#1116 = ORIENTED_EDGE('',*,*,#1117,.F.);
#1117 = EDGE_CURVE('',#1118,#1107,#1120,.T.);
#1118 = VERTEX_POINT('',#1119);
#1119 = CARTESIAN_POINT('',(-0.45,-0.4,-0.38));
#1120 = LINE('',#1121,#1122);
#1121 = CARTESIAN_POINT('',(-0.45,-0.4,-0.38));
#1122 = VECTOR('',#1123,1.);
#1123 = DIRECTION('',(0.,1.,0.));
#1124 = ORIENTED_EDGE('',*,*,#1125,.F.);
#1125 = EDGE_CURVE('',#1126,#1118,#1128,.T.);
#1126 = VERTEX_POINT('',#1127);
#1127 = CARTESIAN_POINT('',(-0.45,-0.425,-0.355));
#1128 = CIRCLE('',#1129,2.5E-02);
#1129 = AXIS2_PLACEMENT_3D('',#1130,#1131,#1132);
#1130 = CARTESIAN_POINT('',(-0.45,-0.4,-0.355));
#1131 = DIRECTION('',(1.,0.,-8.673617379884E-17));
#1132 = DIRECTION('',(-8.673617379884E-17,-0.,-1.));
#1133 = ORIENTED_EDGE('',*,*,#1134,.F.);
#1134 = EDGE_CURVE('',#1135,#1126,#1137,.T.);
#1135 = VERTEX_POINT('',#1136);
#1136 = CARTESIAN_POINT('',(-0.45,-0.425,0.355));
#1137 = LINE('',#1138,#1139);
#1138 = CARTESIAN_POINT('',(-0.45,-0.425,0.355));
#1139 = VECTOR('',#1140,1.);
#1140 = DIRECTION('',(-1.52704531336E-16,0.,-1.));
#1141 = ORIENTED_EDGE('',*,*,#1142,.F.);
#1142 = EDGE_CURVE('',#1143,#1135,#1145,.T.);
#1143 = VERTEX_POINT('',#1144);
#1144 = CARTESIAN_POINT('',(-0.45,-0.4,0.38));
#1145 = CIRCLE('',#1146,2.5E-02);
#1146 = AXIS2_PLACEMENT_3D('',#1147,#1148,#1149);
#1147 = CARTESIAN_POINT('',(-0.45,-0.4,0.355));
#1148 = DIRECTION('',(1.,0.,-8.673617379884E-17));
#1149 = DIRECTION('',(-8.673617379884E-17,-0.,-1.));
#1150 = ORIENTED_EDGE('',*,*,#1151,.F.);
#1151 = EDGE_CURVE('',#1152,#1143,#1154,.T.);
#1152 = VERTEX_POINT('',#1153);
#1153 = CARTESIAN_POINT('',(-0.45,0.4,0.38));
#1154 = LINE('',#1155,#1156);
#1155 = CARTESIAN_POINT('',(-0.45,0.4,0.38));
#1156 = VECTOR('',#1157,1.);
#1157 = DIRECTION('',(0.,-1.,0.));
#1158 = ORIENTED_EDGE('',*,*,#1159,.F.);
#1159 = EDGE_CURVE('',#1160,#1152,#1162,.T.);
#1160 = VERTEX_POINT('',#1161);
#1161 = CARTESIAN_POINT('',(-0.45,0.425,0.355));
#1162 = CIRCLE('',#1163,2.5E-02);
#1163 = AXIS2_PLACEMENT_3D('',#1164,#1165,#1166);
#1164 = CARTESIAN_POINT('',(-0.45,0.4,0.355));
#1165 = DIRECTION('',(1.,0.,-8.673617379884E-17));
#1166 = DIRECTION('',(-8.673617379884E-17,-0.,-1.));
#1167 = ORIENTED_EDGE('',*,*,#1168,.F.);
#1168 = EDGE_CURVE('',#1109,#1160,#1169,.T.);
#1169 = LINE('',#1170,#1171);
#1170 = CARTESIAN_POINT('',(-0.45,0.425,-0.355));
#1171 = VECTOR('',#1172,1.);
#1172 = DIRECTION('',(1.52704531336E-16,0.,1.));
#1173 = PLANE('',#1174);
#1174 = AXIS2_PLACEMENT_3D('',#1175,#1176,#1177);
#1175 = CARTESIAN_POINT('',(-0.45,0.4,-0.355));
#1176 = DIRECTION('',(1.,0.,-8.673617379884E-17));
#1177 = DIRECTION('',(-8.673617379884E-17,0.,-1.));
#1178 = ADVANCED_FACE('',(#1179),#1195,.F.);
#1179 = FACE_BOUND('',#1180,.T.);
#1180 = EDGE_LOOP('',(#1181,#1182,#1188,#1189));
#1181 = ORIENTED_EDGE('',*,*,#1092,.F.);
#1182 = ORIENTED_EDGE('',*,*,#1183,.T.);
#1183 = EDGE_CURVE('',#1084,#1118,#1184,.T.);
#1184 = LINE('',#1185,#1186);
#1185 = CARTESIAN_POINT('',(5.E+05,-0.4,-0.380000000043));
#1186 = VECTOR('',#1187,1.);
#1187 = DIRECTION('',(-1.,-0.,8.673617379884E-17));
#1188 = ORIENTED_EDGE('',*,*,#1117,.T.);
#1189 = ORIENTED_EDGE('',*,*,#1190,.F.);
#1190 = EDGE_CURVE('',#1031,#1107,#1191,.T.);
#1191 = LINE('',#1192,#1193);
#1192 = CARTESIAN_POINT('',(5.E+05,0.4,-0.380000000043));
#1193 = VECTOR('',#1194,1.);
#1194 = DIRECTION('',(-1.,-0.,8.673617379884E-17));
#1195 = PLANE('',#1196);
#1196 = AXIS2_PLACEMENT_3D('',#1197,#1198,#1199);
#1197 = CARTESIAN_POINT('',(5.E+05,-0.4,-0.380000000043));
#1198 = DIRECTION('',(8.673617379884E-17,-0.,1.));
#1199 = DIRECTION('',(1.,0.,-8.673617379884E-17));
#1200 = ADVANCED_FACE('',(#1201),#1212,.T.);
#1201 = FACE_BOUND('',#1202,.T.);
#1202 = EDGE_LOOP('',(#1203,#1204,#1210,#1211));
#1203 = ORIENTED_EDGE('',*,*,#1083,.F.);
#1204 = ORIENTED_EDGE('',*,*,#1205,.T.);
#1205 = EDGE_CURVE('',#1076,#1126,#1206,.T.);
#1206 = LINE('',#1207,#1208);
#1207 = CARTESIAN_POINT('',(5.E+05,-0.425,-0.355000000043));
#1208 = VECTOR('',#1209,1.);
#1209 = DIRECTION('',(-1.,-0.,8.673617379884E-17));
#1210 = ORIENTED_EDGE('',*,*,#1125,.T.);
#1211 = ORIENTED_EDGE('',*,*,#1183,.F.);
#1212 = CYLINDRICAL_SURFACE('',#1213,2.5E-02);
#1213 = AXIS2_PLACEMENT_3D('',#1214,#1215,#1216);
#1214 = CARTESIAN_POINT('',(5.E+05,-0.4,-0.355000000043));
#1215 = DIRECTION('',(-1.,-0.,8.673617379884E-17));
#1216 = DIRECTION('',(8.673617379884E-17,0.,1.));
#1217 = ADVANCED_FACE('',(#1218),#1229,.F.);
#1218 = FACE_BOUND('',#1219,.T.);
#1219 = EDGE_LOOP('',(#1220,#1221,#1227,#1228));
#1220 = ORIENTED_EDGE('',*,*,#1075,.F.);
#1221 = ORIENTED_EDGE('',*,*,#1222,.T.);
#1222 = EDGE_CURVE('',#1067,#1135,#1223,.T.);
#1223 = LINE('',#1224,#1225);
#1224 = CARTESIAN_POINT('',(5.E+05,-0.425,0.354999999957));
#1225 = VECTOR('',#1226,1.);
#1226 = DIRECTION('',(-1.,-0.,8.673617379884E-17));
#1227 = ORIENTED_EDGE('',*,*,#1134,.T.);
#1228 = ORIENTED_EDGE('',*,*,#1205,.F.);
#1229 = PLANE('',#1230);
#1230 = AXIS2_PLACEMENT_3D('',#1231,#1232,#1233);
#1231 = CARTESIAN_POINT('',(5.E+05,-0.425,0.354999999957));
#1232 = DIRECTION('',(0.,1.,0.));
#1233 = DIRECTION('',(0.,-0.,1.));
#1234 = ADVANCED_FACE('',(#1235),#1246,.T.);
#1235 = FACE_BOUND('',#1236,.T.);
#1236 = EDGE_LOOP('',(#1237,#1238,#1244,#1245));
#1237 = ORIENTED_EDGE('',*,*,#1066,.F.);
#1238 = ORIENTED_EDGE('',*,*,#1239,.T.);
#1239 = EDGE_CURVE('',#1059,#1143,#1240,.T.);
#1240 = LINE('',#1241,#1242);
#1241 = CARTESIAN_POINT('',(5.E+05,-0.4,0.379999999957));
#1242 = VECTOR('',#1243,1.);
#1243 = DIRECTION('',(-1.,-0.,8.673617379884E-17));
#1244 = ORIENTED_EDGE('',*,*,#1142,.T.);
#1245 = ORIENTED_EDGE('',*,*,#1222,.F.);
#1246 = CYLINDRICAL_SURFACE('',#1247,2.5E-02);
#1247 = AXIS2_PLACEMENT_3D('',#1248,#1249,#1250);
#1248 = CARTESIAN_POINT('',(5.E+05,-0.4,0.354999999957));
#1249 = DIRECTION('',(-1.,-0.,8.673617379884E-17));
#1250 = DIRECTION('',(8.673617379884E-17,0.,1.));
#1251 = ADVANCED_FACE('',(#1252),#1263,.F.);
#1252 = FACE_BOUND('',#1253,.T.);
#1253 = EDGE_LOOP('',(#1254,#1255,#1261,#1262));
#1254 = ORIENTED_EDGE('',*,*,#1058,.F.);
#1255 = ORIENTED_EDGE('',*,*,#1256,.T.);
#1256 = EDGE_CURVE('',#1050,#1152,#1257,.T.);
#1257 = LINE('',#1258,#1259);
#1258 = CARTESIAN_POINT('',(5.E+05,0.4,0.379999999957));
#1259 = VECTOR('',#1260,1.);
#1260 = DIRECTION('',(-1.,-0.,8.673617379884E-17));
#1261 = ORIENTED_EDGE('',*,*,#1151,.T.);
#1262 = ORIENTED_EDGE('',*,*,#1239,.F.);
#1263 = PLANE('',#1264);
#1264 = AXIS2_PLACEMENT_3D('',#1265,#1266,#1267);
#1265 = CARTESIAN_POINT('',(5.E+05,0.4,0.379999999957));
#1266 = DIRECTION('',(-8.673617379884E-17,0.,-1.));
#1267 = DIRECTION('',(-1.,0.,8.673617379884E-17));
#1268 = ADVANCED_FACE('',(#1269),#1280,.T.);
#1269 = FACE_BOUND('',#1270,.T.);
#1270 = EDGE_LOOP('',(#1271,#1272,#1278,#1279));
#1271 = ORIENTED_EDGE('',*,*,#1049,.F.);
#1272 = ORIENTED_EDGE('',*,*,#1273,.T.);
#1273 = EDGE_CURVE('',#1042,#1160,#1274,.T.);
#1274 = LINE('',#1275,#1276);
#1275 = CARTESIAN_POINT('',(5.E+05,0.425,0.354999999957));
#1276 = VECTOR('',#1277,1.);
#1277 = DIRECTION('',(-1.,-0.,8.673617379884E-17));
#1278 = ORIENTED_EDGE('',*,*,#1159,.T.);
#1279 = ORIENTED_EDGE('',*,*,#1256,.F.);
#1280 = CYLINDRICAL_SURFACE('',#1281,2.5E-02);
#1281 = AXIS2_PLACEMENT_3D('',#1282,#1283,#1284);
#1282 = CARTESIAN_POINT('',(5.E+05,0.4,0.354999999957));
#1283 = DIRECTION('',(-1.,-0.,8.673617379884E-17));
#1284 = DIRECTION('',(8.673617379884E-17,0.,1.));
#1285 = ADVANCED_FACE('',(#1286),#1297,.F.);
#1286 = FACE_BOUND('',#1287,.T.);
#1287 = EDGE_LOOP('',(#1288,#1289,#1295,#1296));
#1288 = ORIENTED_EDGE('',*,*,#1041,.F.);
#1289 = ORIENTED_EDGE('',*,*,#1290,.T.);
#1290 = EDGE_CURVE('',#1033,#1109,#1291,.T.);
#1291 = LINE('',#1292,#1293);
#1292 = CARTESIAN_POINT('',(5.E+05,0.425,-0.355000000043));
#1293 = VECTOR('',#1294,1.);
#1294 = DIRECTION('',(-1.,-0.,8.673617379884E-17));
#1295 = ORIENTED_EDGE('',*,*,#1168,.T.);
#1296 = ORIENTED_EDGE('',*,*,#1273,.F.);
#1297 = PLANE('',#1298);
#1298 = AXIS2_PLACEMENT_3D('',#1299,#1300,#1301);
#1299 = CARTESIAN_POINT('',(5.E+05,0.425,-0.355000000043));
#1300 = DIRECTION('',(0.,-1.,0.));
#1301 = DIRECTION('',(0.,-0.,-1.));
#1302 = ADVANCED_FACE('',(#1303),#1309,.T.);
#1303 = FACE_BOUND('',#1304,.T.);
#1304 = EDGE_LOOP('',(#1305,#1306,#1307,#1308));
#1305 = ORIENTED_EDGE('',*,*,#1030,.F.);
#1306 = ORIENTED_EDGE('',*,*,#1190,.T.);
#1307 = ORIENTED_EDGE('',*,*,#1106,.T.);
#1308 = ORIENTED_EDGE('',*,*,#1290,.F.);
#1309 = CYLINDRICAL_SURFACE('',#1310,2.5E-02);
#1310 = AXIS2_PLACEMENT_3D('',#1311,#1312,#1313);
#1311 = CARTESIAN_POINT('',(5.E+05,0.4,-0.355000000043));
#1312 = DIRECTION('',(-1.,-0.,8.673617379884E-17));
#1313 = DIRECTION('',(8.673617379884E-17,0.,1.));
#1314 = ( GEOMETRIC_REPRESENTATION_CONTEXT(3) 
GLOBAL_UNCERTAINTY_ASSIGNED_CONTEXT((#1318)) 
GLOBAL_UNIT_ASSIGNED_CONTEXT((#1315,#1316,#1317)) REPRESENTATION_CONTEXT
('Context #1','3D Context with UNIT and UNCERTAINTY') );
#1315 = ( LENGTH_UNIT() NAMED_UNIT(*) SI_UNIT(.MILLI.,.METRE.) );
#1316 = ( NAMED_UNIT(*) PLANE_ANGLE_UNIT() SI_UNIT($,.RADIAN.) );
#1317 = ( NAMED_UNIT(*) SI_UNIT($,.STERADIAN.) SOLID_ANGLE_UNIT() );
#1318 = UNCERTAINTY_MEASURE_WITH_UNIT(LENGTH_MEASURE(1.E-07),#1315,
  'distance_accuracy_value','confusion accuracy');
#1319 = CONTEXT_DEPENDENT_SHAPE_REPRESENTATION(#1320,#1322);
#1320 = ( REPRESENTATION_RELATIONSHIP('','',#115,#92) 
REPRESENTATION_RELATIONSHIP_WITH_TRANSFORMATION(#1321) 
SHAPE_REPRESENTATION_RELATIONSHIP() );
#1321 = ITEM_DEFINED_TRANSFORMATION('','',#11,#93);
#1322 = PRODUCT_DEFINITION_SHAPE('Placement','Placement of an item',
  #1323);
#1323 = NEXT_ASSEMBLY_USAGE_OCCURRENCE('1','=>[0:1:1:3]','',#87,#110,$);
#1324 = PRODUCT_RELATED_PRODUCT_CATEGORY('part',$,(#112));
#1325 = SHAPE_DEFINITION_REPRESENTATION(#1326,#1332);
#1326 = PRODUCT_DEFINITION_SHAPE('','',#1327);
#1327 = PRODUCT_DEFINITION('design','',#1328,#1331);
#1328 = PRODUCT_DEFINITION_FORMATION('','',#1329);
#1329 = PRODUCT('easyC connector','easyC connector','',(#1330));
#1330 = PRODUCT_CONTEXT('',#2,'mechanical');
#1331 = PRODUCT_DEFINITION_CONTEXT('part definition',#2,'design');
#1332 = SHAPE_REPRESENTATION('',(#11,#1333),#1337);
#1333 = AXIS2_PLACEMENT_3D('',#1334,#1335,#1336);
#1334 = CARTESIAN_POINT('',(0.,0.,0.));
#1335 = DIRECTION('',(0.,0.,1.));
#1336 = DIRECTION('',(1.,0.,-0.));
#1337 = ( GEOMETRIC_REPRESENTATION_CONTEXT(3) 
GLOBAL_UNCERTAINTY_ASSIGNED_CONTEXT((#1341)) 
GLOBAL_UNIT_ASSIGNED_CONTEXT((#1338,#1339,#1340)) REPRESENTATION_CONTEXT
('Context #1','3D Context with UNIT and UNCERTAINTY') );
#1338 = ( LENGTH_UNIT() NAMED_UNIT(*) SI_UNIT(.MILLI.,.METRE.) );
#1339 = ( NAMED_UNIT(*) PLANE_ANGLE_UNIT() SI_UNIT($,.RADIAN.) );
#1340 = ( NAMED_UNIT(*) SI_UNIT($,.STERADIAN.) SOLID_ANGLE_UNIT() );
#1341 = UNCERTAINTY_MEASURE_WITH_UNIT(LENGTH_MEASURE(1.E-07),#1338,
  'distance_accuracy_value','confusion accuracy');
#1342 = CONTEXT_DEPENDENT_SHAPE_REPRESENTATION(#1343,#1345);
#1343 = ( REPRESENTATION_RELATIONSHIP('','',#1332,#10) 
REPRESENTATION_RELATIONSHIP_WITH_TRANSFORMATION(#1344) 
SHAPE_REPRESENTATION_RELATIONSHIP() );
#1344 = ITEM_DEFINED_TRANSFORMATION('','',#11,#19);
#1345 = PRODUCT_DEFINITION_SHAPE('Placement','Placement of an item',
  #1346);
#1346 = NEXT_ASSEMBLY_USAGE_OCCURRENCE('4','K3','',#5,#1327,$);
#1347 = PRODUCT_RELATED_PRODUCT_CATEGORY('part',$,(#1329));
#1348 = SHAPE_DEFINITION_REPRESENTATION(#1349,#1355);
#1349 = PRODUCT_DEFINITION_SHAPE('','',#1350);
#1350 = PRODUCT_DEFINITION('design','',#1351,#1354);
#1351 = PRODUCT_DEFINITION_FORMATION('','',#1352);
#1352 = PRODUCT('easyC connector v1','easyC connector v1','',(#1353));
#1353 = PRODUCT_CONTEXT('',#2,'mechanical');
#1354 = PRODUCT_DEFINITION_CONTEXT('part definition',#2,'design');
#1355 = ADVANCED_BREP_SHAPE_REPRESENTATION('',(#11,#1356),#5266);
#1356 = MANIFOLD_SOLID_BREP('',#1357);
#1357 = CLOSED_SHELL('',(#1358,#1398,#1438,#1501,#1525,#1572,#1596,#1638
    ,#1726,#1750,#1792,#1880,#1904,#1946,#2034,#2058,#2100,#2131,#2212,
    #2293,#2374,#2455,#2486,#2517,#2539,#2561,#2578,#2595,#2619,#2636,
    #2653,#2670,#2735,#2752,#2769,#2832,#2856,#2889,#2913,#2944,#2970,
    #3037,#3054,#3071,#3104,#3121,#3138,#3169,#3211,#3242,#3449,#3474,
    #3761,#3778,#3800,#3817,#3834,#3856,#3873,#3890,#3912,#3929,#3951,
    #3963,#3989,#4006,#4018,#4068,#4080,#4092,#4104,#4121,#4133,#4145,
    #4162,#4174,#4186,#4198,#4220,#4237,#4249,#4271,#4288,#4300,#4322,
    #4339,#4351,#4373,#4390,#4402,#4414,#4426,#4438,#4450,#4481,#4505,
    #4529,#4546,#4586,#4617,#4641,#4665,#4682,#4722,#4753,#4777,#4801,
    #4818,#4858,#4889,#4913,#4937,#4954,#4994,#5016,#5033,#5050,#5062,
    #5084,#5101,#5118,#5130,#5152,#5169,#5186,#5198,#5220,#5237,#5254));
#1358 = ADVANCED_FACE('',(#1359),#1393,.F.);
#1359 = FACE_BOUND('',#1360,.T.);
#1360 = EDGE_LOOP('',(#1361,#1371,#1379,#1387));
#1361 = ORIENTED_EDGE('',*,*,#1362,.F.);
#1362 = EDGE_CURVE('',#1363,#1365,#1367,.T.);
#1363 = VERTEX_POINT('',#1364);
#1364 = CARTESIAN_POINT('',(3.22,1.825,2.16));
#1365 = VERTEX_POINT('',#1366);
#1366 = CARTESIAN_POINT('',(3.12,1.825,2.16));
#1367 = LINE('',#1368,#1369);
#1368 = CARTESIAN_POINT('',(1.75,1.825,2.16));
#1369 = VECTOR('',#1370,1.);
#1370 = DIRECTION('',(-1.,0.,0.));
#1371 = ORIENTED_EDGE('',*,*,#1372,.F.);
#1372 = EDGE_CURVE('',#1373,#1363,#1375,.T.);
#1373 = VERTEX_POINT('',#1374);
#1374 = CARTESIAN_POINT('',(3.22,2.22,2.16));
#1375 = LINE('',#1376,#1377);
#1376 = CARTESIAN_POINT('',(3.22,-1.02375,2.16));
#1377 = VECTOR('',#1378,1.);
#1378 = DIRECTION('',(0.,-1.,0.));
#1379 = ORIENTED_EDGE('',*,*,#1380,.F.);
#1380 = EDGE_CURVE('',#1381,#1373,#1383,.T.);
#1381 = VERTEX_POINT('',#1382);
#1382 = CARTESIAN_POINT('',(3.12,2.22,2.16));
#1383 = LINE('',#1384,#1385);
#1384 = CARTESIAN_POINT('',(1.56,2.22,2.16));
#1385 = VECTOR('',#1386,1.);
#1386 = DIRECTION('',(1.,0.,0.));
#1387 = ORIENTED_EDGE('',*,*,#1388,.F.);
#1388 = EDGE_CURVE('',#1365,#1381,#1389,.T.);
#1389 = LINE('',#1390,#1391);
#1390 = CARTESIAN_POINT('',(3.12,-1.02375,2.16));
#1391 = VECTOR('',#1392,1.);
#1392 = DIRECTION('',(0.,1.,0.));
#1393 = PLANE('',#1394);
#1394 = AXIS2_PLACEMENT_3D('',#1395,#1396,#1397);
#1395 = CARTESIAN_POINT('',(0.,5.75E-02,2.16));
#1396 = DIRECTION('',(0.,0.,-1.));
#1397 = DIRECTION('',(-1.,0.,0.));
#1398 = ADVANCED_FACE('',(#1399),#1433,.F.);
#1399 = FACE_BOUND('',#1400,.T.);
#1400 = EDGE_LOOP('',(#1401,#1411,#1419,#1427));
#1401 = ORIENTED_EDGE('',*,*,#1402,.F.);
#1402 = EDGE_CURVE('',#1403,#1405,#1407,.T.);
#1403 = VERTEX_POINT('',#1404);
#1404 = CARTESIAN_POINT('',(-3.12,1.825,2.16));
#1405 = VERTEX_POINT('',#1406);
#1406 = CARTESIAN_POINT('',(-3.22,1.825,2.16));
#1407 = LINE('',#1408,#1409);
#1408 = CARTESIAN_POINT('',(1.75,1.825,2.16));
#1409 = VECTOR('',#1410,1.);
#1410 = DIRECTION('',(-1.,0.,0.));
#1411 = ORIENTED_EDGE('',*,*,#1412,.F.);
#1412 = EDGE_CURVE('',#1413,#1403,#1415,.T.);
#1413 = VERTEX_POINT('',#1414);
#1414 = CARTESIAN_POINT('',(-3.12,2.22,2.16));
#1415 = LINE('',#1416,#1417);
#1416 = CARTESIAN_POINT('',(-3.12,-1.02375,2.16));
#1417 = VECTOR('',#1418,1.);
#1418 = DIRECTION('',(0.,-1.,0.));
#1419 = ORIENTED_EDGE('',*,*,#1420,.F.);
#1420 = EDGE_CURVE('',#1421,#1413,#1423,.T.);
#1421 = VERTEX_POINT('',#1422);
#1422 = CARTESIAN_POINT('',(-3.22,2.22,2.16));
#1423 = LINE('',#1424,#1425);
#1424 = CARTESIAN_POINT('',(-1.56,2.22,2.16));
#1425 = VECTOR('',#1426,1.);
#1426 = DIRECTION('',(1.,0.,0.));
#1427 = ORIENTED_EDGE('',*,*,#1428,.F.);
#1428 = EDGE_CURVE('',#1405,#1421,#1429,.T.);
#1429 = LINE('',#1430,#1431);
#1430 = CARTESIAN_POINT('',(-3.22,-1.02375,2.16));
#1431 = VECTOR('',#1432,1.);
#1432 = DIRECTION('',(0.,1.,0.));
#1433 = PLANE('',#1434);
#1434 = AXIS2_PLACEMENT_3D('',#1435,#1436,#1437);
#1435 = CARTESIAN_POINT('',(0.,5.75E-02,2.16));
#1436 = DIRECTION('',(0.,0.,-1.));
#1437 = DIRECTION('',(-1.,0.,0.));
#1438 = ADVANCED_FACE('',(#1439),#1496,.F.);
#1439 = FACE_BOUND('',#1440,.T.);
#1440 = EDGE_LOOP('',(#1441,#1442,#1450,#1458,#1466,#1474,#1482,#1490));
#1441 = ORIENTED_EDGE('',*,*,#1388,.T.);
#1442 = ORIENTED_EDGE('',*,*,#1443,.F.);
#1443 = EDGE_CURVE('',#1444,#1381,#1446,.T.);
#1444 = VERTEX_POINT('',#1445);
#1445 = CARTESIAN_POINT('',(3.12,2.22,0.));
#1446 = LINE('',#1447,#1448);
#1447 = CARTESIAN_POINT('',(3.12,2.22,0.));
#1448 = VECTOR('',#1449,1.);
#1449 = DIRECTION('',(0.,0.,1.));
#1450 = ORIENTED_EDGE('',*,*,#1451,.F.);
#1451 = EDGE_CURVE('',#1452,#1444,#1454,.T.);
#1452 = VERTEX_POINT('',#1453);
#1453 = CARTESIAN_POINT('',(3.12,-2.105,0.));
#1454 = LINE('',#1455,#1456);
#1455 = CARTESIAN_POINT('',(3.12,-2.105,0.));
#1456 = VECTOR('',#1457,1.);
#1457 = DIRECTION('',(0.,1.,0.));
#1458 = ORIENTED_EDGE('',*,*,#1459,.T.);
#1459 = EDGE_CURVE('',#1452,#1460,#1462,.T.);
#1460 = VERTEX_POINT('',#1461);
#1461 = CARTESIAN_POINT('',(3.12,-2.105,0.4));
#1462 = LINE('',#1463,#1464);
#1463 = CARTESIAN_POINT('',(3.12,-2.105,0.));
#1464 = VECTOR('',#1465,1.);
#1465 = DIRECTION('',(0.,0.,1.));
#1466 = ORIENTED_EDGE('',*,*,#1467,.T.);
#1467 = EDGE_CURVE('',#1460,#1468,#1470,.T.);
#1468 = VERTEX_POINT('',#1469);
#1469 = CARTESIAN_POINT('',(3.12,2.125,0.4));
#1470 = LINE('',#1471,#1472);
#1471 = CARTESIAN_POINT('',(3.12,-2.105,0.4));
#1472 = VECTOR('',#1473,1.);
#1473 = DIRECTION('',(0.,1.,0.));
#1474 = ORIENTED_EDGE('',*,*,#1475,.F.);
#1475 = EDGE_CURVE('',#1476,#1468,#1478,.T.);
#1476 = VERTEX_POINT('',#1477);
#1477 = CARTESIAN_POINT('',(3.12,2.125,2.09));
#1478 = LINE('',#1479,#1480);
#1479 = CARTESIAN_POINT('',(3.12,2.125,1.545));
#1480 = VECTOR('',#1481,1.);
#1481 = DIRECTION('',(0.,0.,-1.));
#1482 = ORIENTED_EDGE('',*,*,#1483,.F.);
#1483 = EDGE_CURVE('',#1484,#1476,#1486,.T.);
#1484 = VERTEX_POINT('',#1485);
#1485 = CARTESIAN_POINT('',(3.12,1.825,2.09));
#1486 = LINE('',#1487,#1488);
#1487 = CARTESIAN_POINT('',(3.12,1.11,2.09));
#1488 = VECTOR('',#1489,1.);
#1489 = DIRECTION('',(0.,1.,0.));
#1490 = ORIENTED_EDGE('',*,*,#1491,.F.);
#1491 = EDGE_CURVE('',#1365,#1484,#1492,.T.);
#1492 = LINE('',#1493,#1494);
#1493 = CARTESIAN_POINT('',(3.12,1.825,1.545));
#1494 = VECTOR('',#1495,1.);
#1495 = DIRECTION('',(0.,0.,-1.));
#1496 = PLANE('',#1497);
#1497 = AXIS2_PLACEMENT_3D('',#1498,#1499,#1500);
#1498 = CARTESIAN_POINT('',(3.12,-2.105,0.));
#1499 = DIRECTION('',(1.,0.,0.));
#1500 = DIRECTION('',(0.,0.,-1.));
#1501 = ADVANCED_FACE('',(#1502),#1520,.F.);
#1502 = FACE_BOUND('',#1503,.T.);
#1503 = EDGE_LOOP('',(#1504,#1505,#1513,#1519));
#1504 = ORIENTED_EDGE('',*,*,#1380,.T.);
#1505 = ORIENTED_EDGE('',*,*,#1506,.F.);
#1506 = EDGE_CURVE('',#1507,#1373,#1509,.T.);
#1507 = VERTEX_POINT('',#1508);
#1508 = CARTESIAN_POINT('',(3.22,2.22,0.));
#1509 = LINE('',#1510,#1511);
#1510 = CARTESIAN_POINT('',(3.22,2.22,0.));
#1511 = VECTOR('',#1512,1.);
#1512 = DIRECTION('',(0.,0.,1.));
#1513 = ORIENTED_EDGE('',*,*,#1514,.F.);
#1514 = EDGE_CURVE('',#1444,#1507,#1515,.T.);
#1515 = LINE('',#1516,#1517);
#1516 = CARTESIAN_POINT('',(3.12,2.22,0.));
#1517 = VECTOR('',#1518,1.);
#1518 = DIRECTION('',(1.,0.,0.));
#1519 = ORIENTED_EDGE('',*,*,#1443,.T.);
#1520 = PLANE('',#1521);
#1521 = AXIS2_PLACEMENT_3D('',#1522,#1523,#1524);
#1522 = CARTESIAN_POINT('',(3.12,2.22,0.));
#1523 = DIRECTION('',(0.,-1.,0.));
#1524 = DIRECTION('',(0.,0.,-1.));
#1525 = ADVANCED_FACE('',(#1526),#1567,.F.);
#1526 = FACE_BOUND('',#1527,.T.);
#1527 = EDGE_LOOP('',(#1528,#1529,#1537,#1545,#1553,#1561));
#1528 = ORIENTED_EDGE('',*,*,#1428,.T.);
#1529 = ORIENTED_EDGE('',*,*,#1530,.F.);
#1530 = EDGE_CURVE('',#1531,#1421,#1533,.T.);
#1531 = VERTEX_POINT('',#1532);
#1532 = CARTESIAN_POINT('',(-3.22,2.22,0.));
#1533 = LINE('',#1534,#1535);
#1534 = CARTESIAN_POINT('',(-3.22,2.22,0.));
#1535 = VECTOR('',#1536,1.);
#1536 = DIRECTION('',(0.,0.,1.));
#1537 = ORIENTED_EDGE('',*,*,#1538,.F.);
#1538 = EDGE_CURVE('',#1539,#1531,#1541,.T.);
#1539 = VERTEX_POINT('',#1540);
#1540 = CARTESIAN_POINT('',(-3.22,-2.105,0.));
#1541 = LINE('',#1542,#1543);
#1542 = CARTESIAN_POINT('',(-3.22,-2.105,0.));
#1543 = VECTOR('',#1544,1.);
#1544 = DIRECTION('',(0.,1.,0.));
#1545 = ORIENTED_EDGE('',*,*,#1546,.T.);
#1546 = EDGE_CURVE('',#1539,#1547,#1549,.T.);
#1547 = VERTEX_POINT('',#1548);
#1548 = CARTESIAN_POINT('',(-3.22,-2.105,0.4));
#1549 = LINE('',#1550,#1551);
#1550 = CARTESIAN_POINT('',(-3.22,-2.105,0.));
#1551 = VECTOR('',#1552,1.);
#1552 = DIRECTION('',(0.,0.,1.));
#1553 = ORIENTED_EDGE('',*,*,#1554,.T.);
#1554 = EDGE_CURVE('',#1547,#1555,#1557,.T.);
#1555 = VERTEX_POINT('',#1556);
#1556 = CARTESIAN_POINT('',(-3.22,1.825,0.399999936819));
#1557 = LINE('',#1558,#1559);
#1558 = CARTESIAN_POINT('',(-3.22,-2.105,0.4));
#1559 = VECTOR('',#1560,1.);
#1560 = DIRECTION('',(0.,1.,0.));
#1561 = ORIENTED_EDGE('',*,*,#1562,.F.);
#1562 = EDGE_CURVE('',#1405,#1555,#1563,.T.);
#1563 = LINE('',#1564,#1565);
#1564 = CARTESIAN_POINT('',(-3.22,1.825,2.09));
#1565 = VECTOR('',#1566,1.);
#1566 = DIRECTION('',(0.,0.,-1.));
#1567 = PLANE('',#1568);
#1568 = AXIS2_PLACEMENT_3D('',#1569,#1570,#1571);
#1569 = CARTESIAN_POINT('',(-3.22,-2.105,0.));
#1570 = DIRECTION('',(1.,0.,0.));
#1571 = DIRECTION('',(0.,0.,-1.));
#1572 = ADVANCED_FACE('',(#1573),#1591,.T.);
#1573 = FACE_BOUND('',#1574,.T.);
#1574 = EDGE_LOOP('',(#1575,#1576,#1584,#1590));
#1575 = ORIENTED_EDGE('',*,*,#1420,.T.);
#1576 = ORIENTED_EDGE('',*,*,#1577,.F.);
#1577 = EDGE_CURVE('',#1578,#1413,#1580,.T.);
#1578 = VERTEX_POINT('',#1579);
#1579 = CARTESIAN_POINT('',(-3.12,2.22,0.));
#1580 = LINE('',#1581,#1582);
#1581 = CARTESIAN_POINT('',(-3.12,2.22,0.));
#1582 = VECTOR('',#1583,1.);
#1583 = DIRECTION('',(0.,0.,1.));
#1584 = ORIENTED_EDGE('',*,*,#1585,.T.);
#1585 = EDGE_CURVE('',#1578,#1531,#1586,.T.);
#1586 = LINE('',#1587,#1588);
#1587 = CARTESIAN_POINT('',(-3.12,2.22,0.));
#1588 = VECTOR('',#1589,1.);
#1589 = DIRECTION('',(-1.,0.,0.));
#1590 = ORIENTED_EDGE('',*,*,#1530,.T.);
#1591 = PLANE('',#1592);
#1592 = AXIS2_PLACEMENT_3D('',#1593,#1594,#1595);
#1593 = CARTESIAN_POINT('',(-3.12,2.22,0.));
#1594 = DIRECTION('',(0.,1.,0.));
#1595 = DIRECTION('',(-1.,0.,0.));
#1596 = ADVANCED_FACE('',(#1597),#1633,.T.);
#1597 = FACE_BOUND('',#1598,.T.);
#1598 = EDGE_LOOP('',(#1599,#1610,#1618,#1627));
#1599 = ORIENTED_EDGE('',*,*,#1600,.T.);
#1600 = EDGE_CURVE('',#1601,#1603,#1605,.T.);
#1601 = VERTEX_POINT('',#1602);
#1602 = CARTESIAN_POINT('',(-1.6,2.325,2.08));
#1603 = VERTEX_POINT('',#1604);
#1604 = CARTESIAN_POINT('',(-1.6,2.025,2.38));
#1605 = CIRCLE('',#1606,0.3);
#1606 = AXIS2_PLACEMENT_3D('',#1607,#1608,#1609);
#1607 = CARTESIAN_POINT('',(-1.6,2.025,2.08));
#1608 = DIRECTION('',(1.,0.,-8.673617379884E-17));
#1609 = DIRECTION('',(6.133173666733E-17,0.707106781187,0.707106781187)
  );
#1610 = ORIENTED_EDGE('',*,*,#1611,.T.);
#1611 = EDGE_CURVE('',#1603,#1612,#1614,.T.);
#1612 = VERTEX_POINT('',#1613);
#1613 = CARTESIAN_POINT('',(-1.4,2.025,2.38));
#1614 = LINE('',#1615,#1616);
#1615 = CARTESIAN_POINT('',(-0.7,2.025,2.38));
#1616 = VECTOR('',#1617,1.);
#1617 = DIRECTION('',(1.,0.,0.));
#1618 = ORIENTED_EDGE('',*,*,#1619,.T.);
#1619 = EDGE_CURVE('',#1612,#1620,#1622,.T.);
#1620 = VERTEX_POINT('',#1621);
#1621 = CARTESIAN_POINT('',(-1.4,2.325,2.08));
#1622 = CIRCLE('',#1623,0.3);
#1623 = AXIS2_PLACEMENT_3D('',#1624,#1625,#1626);
#1624 = CARTESIAN_POINT('',(-1.4,2.025,2.08));
#1625 = DIRECTION('',(-1.,0.,-8.673617379884E-17));
#1626 = DIRECTION('',(-6.133173666733E-17,0.707106781187,0.707106781187)
  );
#1627 = ORIENTED_EDGE('',*,*,#1628,.T.);
#1628 = EDGE_CURVE('',#1620,#1601,#1629,.T.);
#1629 = LINE('',#1630,#1631);
#1630 = CARTESIAN_POINT('',(-0.7,2.325,2.08));
#1631 = VECTOR('',#1632,1.);
#1632 = DIRECTION('',(-1.,0.,0.));
#1633 = CYLINDRICAL_SURFACE('',#1634,0.3);
#1634 = AXIS2_PLACEMENT_3D('',#1635,#1636,#1637);
#1635 = CARTESIAN_POINT('',(-0.7,2.025,2.08));
#1636 = DIRECTION('',(-1.,0.,0.));
#1637 = DIRECTION('',(0.,0.707106781187,0.707106781187));
#1638 = ADVANCED_FACE('',(#1639),#1721,.F.);
#1639 = FACE_BOUND('',#1640,.T.);
#1640 = EDGE_LOOP('',(#1641,#1642,#1650,#1658,#1667,#1675,#1683,#1691,
    #1699,#1707,#1715));
#1641 = ORIENTED_EDGE('',*,*,#1600,.F.);
#1642 = ORIENTED_EDGE('',*,*,#1643,.F.);
#1643 = EDGE_CURVE('',#1644,#1601,#1646,.T.);
#1644 = VERTEX_POINT('',#1645);
#1645 = CARTESIAN_POINT('',(-1.6,2.325,0.28));
#1646 = LINE('',#1647,#1648);
#1647 = CARTESIAN_POINT('',(-1.6,2.325,-2.E-02));
#1648 = VECTOR('',#1649,1.);
#1649 = DIRECTION('',(0.,0.,1.));
#1650 = ORIENTED_EDGE('',*,*,#1651,.T.);
#1651 = EDGE_CURVE('',#1644,#1652,#1654,.T.);
#1652 = VERTEX_POINT('',#1653);
#1653 = CARTESIAN_POINT('',(-1.6,2.655,0.28));
#1654 = LINE('',#1655,#1656);
#1655 = CARTESIAN_POINT('',(-1.6,2.305,0.28));
#1656 = VECTOR('',#1657,1.);
#1657 = DIRECTION('',(0.,1.,0.));
#1658 = ORIENTED_EDGE('',*,*,#1659,.T.);
#1659 = EDGE_CURVE('',#1652,#1660,#1662,.T.);
#1660 = VERTEX_POINT('',#1661);
#1661 = CARTESIAN_POINT('',(-1.6,2.855,8.E-02));
#1662 = CIRCLE('',#1663,0.2);
#1663 = AXIS2_PLACEMENT_3D('',#1664,#1665,#1666);
#1664 = CARTESIAN_POINT('',(-1.6,2.655,8.E-02));
#1665 = DIRECTION('',(-1.,0.,8.673617379884E-17));
#1666 = DIRECTION('',(-8.673617379884E-17,0.,-1.));
#1667 = ORIENTED_EDGE('',*,*,#1668,.F.);
#1668 = EDGE_CURVE('',#1669,#1660,#1671,.T.);
#1669 = VERTEX_POINT('',#1670);
#1670 = CARTESIAN_POINT('',(-1.6,2.855,-2.E-02));
#1671 = LINE('',#1672,#1673);
#1672 = CARTESIAN_POINT('',(-1.6,2.855,-2.E-02));
#1673 = VECTOR('',#1674,1.);
#1674 = DIRECTION('',(8.673617379884E-17,0.,1.));
#1675 = ORIENTED_EDGE('',*,*,#1676,.T.);
#1676 = EDGE_CURVE('',#1669,#1677,#1679,.T.);
#1677 = VERTEX_POINT('',#1678);
#1678 = CARTESIAN_POINT('',(-1.6,2.125,-2.E-02));
#1679 = LINE('',#1680,#1681);
#1680 = CARTESIAN_POINT('',(-1.6,2.855,-2.E-02));
#1681 = VECTOR('',#1682,1.);
#1682 = DIRECTION('',(0.,-1.,0.));
#1683 = ORIENTED_EDGE('',*,*,#1684,.T.);
#1684 = EDGE_CURVE('',#1677,#1685,#1687,.T.);
#1685 = VERTEX_POINT('',#1686);
#1686 = CARTESIAN_POINT('',(-1.6,2.125,0.));
#1687 = LINE('',#1688,#1689);
#1688 = CARTESIAN_POINT('',(-1.6,2.125,-2.E-02));
#1689 = VECTOR('',#1690,1.);
#1690 = DIRECTION('',(8.673617379884E-17,0.,1.));
#1691 = ORIENTED_EDGE('',*,*,#1692,.T.);
#1692 = EDGE_CURVE('',#1685,#1693,#1695,.T.);
#1693 = VERTEX_POINT('',#1694);
#1694 = CARTESIAN_POINT('',(-1.6,2.125,2.09));
#1695 = LINE('',#1696,#1697);
#1696 = CARTESIAN_POINT('',(-1.6,2.125,-2.E-02));
#1697 = VECTOR('',#1698,1.);
#1698 = DIRECTION('',(8.673617379884E-17,0.,1.));
#1699 = ORIENTED_EDGE('',*,*,#1700,.F.);
#1700 = EDGE_CURVE('',#1701,#1693,#1703,.T.);
#1701 = VERTEX_POINT('',#1702);
#1702 = CARTESIAN_POINT('',(-1.600000031292,1.825,2.09));
#1703 = LINE('',#1704,#1705);
#1704 = CARTESIAN_POINT('',(-1.600000031292,1.1625,2.09));
#1705 = VECTOR('',#1706,1.);
#1706 = DIRECTION('',(0.,1.,0.));
#1707 = ORIENTED_EDGE('',*,*,#1708,.F.);
#1708 = EDGE_CURVE('',#1709,#1701,#1711,.T.);
#1709 = VERTEX_POINT('',#1710);
#1710 = CARTESIAN_POINT('',(-1.6,1.825,2.38));
#1711 = LINE('',#1712,#1713);
#1712 = CARTESIAN_POINT('',(-1.600000031292,1.825,2.735));
#1713 = VECTOR('',#1714,1.);
#1714 = DIRECTION('',(0.,0.,-1.));
#1715 = ORIENTED_EDGE('',*,*,#1716,.F.);
#1716 = EDGE_CURVE('',#1603,#1709,#1717,.T.);
#1717 = LINE('',#1718,#1719);
#1718 = CARTESIAN_POINT('',(-1.6,2.125,2.38));
#1719 = VECTOR('',#1720,1.);
#1720 = DIRECTION('',(0.,-1.,0.));
#1721 = PLANE('',#1722);
#1722 = AXIS2_PLACEMENT_3D('',#1723,#1724,#1725);
#1723 = CARTESIAN_POINT('',(-1.6,2.855,-2.E-02));
#1724 = DIRECTION('',(1.,0.,-8.673617379884E-17));
#1725 = DIRECTION('',(-8.673617379884E-17,0.,-1.));
#1726 = ADVANCED_FACE('',(#1727),#1745,.T.);
#1727 = FACE_BOUND('',#1728,.T.);
#1728 = EDGE_LOOP('',(#1729,#1730,#1738,#1744));
#1729 = ORIENTED_EDGE('',*,*,#1628,.F.);
#1730 = ORIENTED_EDGE('',*,*,#1731,.F.);
#1731 = EDGE_CURVE('',#1732,#1620,#1734,.T.);
#1732 = VERTEX_POINT('',#1733);
#1733 = CARTESIAN_POINT('',(-1.4,2.325,0.28));
#1734 = LINE('',#1735,#1736);
#1735 = CARTESIAN_POINT('',(-1.4,2.325,-2.E-02));
#1736 = VECTOR('',#1737,1.);
#1737 = DIRECTION('',(0.,0.,1.));
#1738 = ORIENTED_EDGE('',*,*,#1739,.F.);
#1739 = EDGE_CURVE('',#1644,#1732,#1740,.T.);
#1740 = LINE('',#1741,#1742);
#1741 = CARTESIAN_POINT('',(-1.4,2.325,0.28));
#1742 = VECTOR('',#1743,1.);
#1743 = DIRECTION('',(1.,0.,0.));
#1744 = ORIENTED_EDGE('',*,*,#1643,.T.);
#1745 = PLANE('',#1746);
#1746 = AXIS2_PLACEMENT_3D('',#1747,#1748,#1749);
#1747 = CARTESIAN_POINT('',(-1.4,2.325,-2.E-02));
#1748 = DIRECTION('',(0.,1.,0.));
#1749 = DIRECTION('',(-1.,0.,0.));
#1750 = ADVANCED_FACE('',(#1751),#1787,.T.);
#1751 = FACE_BOUND('',#1752,.T.);
#1752 = EDGE_LOOP('',(#1753,#1764,#1772,#1781));
#1753 = ORIENTED_EDGE('',*,*,#1754,.T.);
#1754 = EDGE_CURVE('',#1755,#1757,#1759,.T.);
#1755 = VERTEX_POINT('',#1756);
#1756 = CARTESIAN_POINT('',(-0.6,2.325,2.08));
#1757 = VERTEX_POINT('',#1758);
#1758 = CARTESIAN_POINT('',(-0.6,2.025,2.38));
#1759 = CIRCLE('',#1760,0.3);
#1760 = AXIS2_PLACEMENT_3D('',#1761,#1762,#1763);
#1761 = CARTESIAN_POINT('',(-0.6,2.025,2.08));
#1762 = DIRECTION('',(1.,0.,-1.301042606983E-16));
#1763 = DIRECTION('',(9.1997605001E-17,0.707106781187,0.707106781187));
#1764 = ORIENTED_EDGE('',*,*,#1765,.T.);
#1765 = EDGE_CURVE('',#1757,#1766,#1768,.T.);
#1766 = VERTEX_POINT('',#1767);
#1767 = CARTESIAN_POINT('',(-0.4,2.025,2.38));
#1768 = LINE('',#1769,#1770);
#1769 = CARTESIAN_POINT('',(-0.2,2.025,2.38));
#1770 = VECTOR('',#1771,1.);
#1771 = DIRECTION('',(1.,0.,0.));
#1772 = ORIENTED_EDGE('',*,*,#1773,.T.);
#1773 = EDGE_CURVE('',#1766,#1774,#1776,.T.);
#1774 = VERTEX_POINT('',#1775);
#1775 = CARTESIAN_POINT('',(-0.4,2.325,2.08));
#1776 = CIRCLE('',#1777,0.3);
#1777 = AXIS2_PLACEMENT_3D('',#1778,#1779,#1780);
#1778 = CARTESIAN_POINT('',(-0.4,2.025,2.08));
#1779 = DIRECTION('',(-1.,0.,-1.301042606983E-16));
#1780 = DIRECTION('',(-9.1997605001E-17,0.707106781187,0.707106781187));
#1781 = ORIENTED_EDGE('',*,*,#1782,.T.);
#1782 = EDGE_CURVE('',#1774,#1755,#1783,.T.);
#1783 = LINE('',#1784,#1785);
#1784 = CARTESIAN_POINT('',(-0.2,2.325,2.08));
#1785 = VECTOR('',#1786,1.);
#1786 = DIRECTION('',(-1.,0.,0.));
#1787 = CYLINDRICAL_SURFACE('',#1788,0.3);
#1788 = AXIS2_PLACEMENT_3D('',#1789,#1790,#1791);
#1789 = CARTESIAN_POINT('',(-0.2,2.025,2.08));
#1790 = DIRECTION('',(-1.,0.,0.));
#1791 = DIRECTION('',(0.,0.707106781187,0.707106781187));
#1792 = ADVANCED_FACE('',(#1793),#1875,.F.);
#1793 = FACE_BOUND('',#1794,.T.);
#1794 = EDGE_LOOP('',(#1795,#1796,#1804,#1812,#1821,#1829,#1837,#1845,
    #1853,#1861,#1869));
#1795 = ORIENTED_EDGE('',*,*,#1754,.F.);
#1796 = ORIENTED_EDGE('',*,*,#1797,.F.);
#1797 = EDGE_CURVE('',#1798,#1755,#1800,.T.);
#1798 = VERTEX_POINT('',#1799);
#1799 = CARTESIAN_POINT('',(-0.6,2.325,0.28));
#1800 = LINE('',#1801,#1802);
#1801 = CARTESIAN_POINT('',(-0.6,2.325,-2.E-02));
#1802 = VECTOR('',#1803,1.);
#1803 = DIRECTION('',(0.,0.,1.));
#1804 = ORIENTED_EDGE('',*,*,#1805,.T.);
#1805 = EDGE_CURVE('',#1798,#1806,#1808,.T.);
#1806 = VERTEX_POINT('',#1807);
#1807 = CARTESIAN_POINT('',(-0.6,2.655,0.28));
#1808 = LINE('',#1809,#1810);
#1809 = CARTESIAN_POINT('',(-0.6,2.305,0.28));
#1810 = VECTOR('',#1811,1.);
#1811 = DIRECTION('',(0.,1.,0.));
#1812 = ORIENTED_EDGE('',*,*,#1813,.T.);
#1813 = EDGE_CURVE('',#1806,#1814,#1816,.T.);
#1814 = VERTEX_POINT('',#1815);
#1815 = CARTESIAN_POINT('',(-0.6,2.855,8.E-02));
#1816 = CIRCLE('',#1817,0.2);
#1817 = AXIS2_PLACEMENT_3D('',#1818,#1819,#1820);
#1818 = CARTESIAN_POINT('',(-0.6,2.655,8.E-02));
#1819 = DIRECTION('',(-1.,0.,1.301042606983E-16));
#1820 = DIRECTION('',(-1.301042606983E-16,0.,-1.));
#1821 = ORIENTED_EDGE('',*,*,#1822,.F.);
#1822 = EDGE_CURVE('',#1823,#1814,#1825,.T.);
#1823 = VERTEX_POINT('',#1824);
#1824 = CARTESIAN_POINT('',(-0.6,2.855,-2.E-02));
#1825 = LINE('',#1826,#1827);
#1826 = CARTESIAN_POINT('',(-0.6,2.855,-2.E-02));
#1827 = VECTOR('',#1828,1.);
#1828 = DIRECTION('',(1.301042606983E-16,0.,1.));
#1829 = ORIENTED_EDGE('',*,*,#1830,.T.);
#1830 = EDGE_CURVE('',#1823,#1831,#1833,.T.);
#1831 = VERTEX_POINT('',#1832);
#1832 = CARTESIAN_POINT('',(-0.6,2.125,-2.E-02));
#1833 = LINE('',#1834,#1835);
#1834 = CARTESIAN_POINT('',(-0.6,2.855,-2.E-02));
#1835 = VECTOR('',#1836,1.);
#1836 = DIRECTION('',(0.,-1.,0.));
#1837 = ORIENTED_EDGE('',*,*,#1838,.T.);
#1838 = EDGE_CURVE('',#1831,#1839,#1841,.T.);
#1839 = VERTEX_POINT('',#1840);
#1840 = CARTESIAN_POINT('',(-0.6,2.125,0.));
#1841 = LINE('',#1842,#1843);
#1842 = CARTESIAN_POINT('',(-0.6,2.125,-2.E-02));
#1843 = VECTOR('',#1844,1.);
#1844 = DIRECTION('',(1.301042606983E-16,0.,1.));
#1845 = ORIENTED_EDGE('',*,*,#1846,.T.);
#1846 = EDGE_CURVE('',#1839,#1847,#1849,.T.);
#1847 = VERTEX_POINT('',#1848);
#1848 = CARTESIAN_POINT('',(-0.6,2.125,2.09));
#1849 = LINE('',#1850,#1851);
#1850 = CARTESIAN_POINT('',(-0.6,2.125,-2.E-02));
#1851 = VECTOR('',#1852,1.);
#1852 = DIRECTION('',(1.301042606983E-16,0.,1.));
#1853 = ORIENTED_EDGE('',*,*,#1854,.F.);
#1854 = EDGE_CURVE('',#1855,#1847,#1857,.T.);
#1855 = VERTEX_POINT('',#1856);
#1856 = CARTESIAN_POINT('',(-0.600000031292,1.825,2.09));
#1857 = LINE('',#1858,#1859);
#1858 = CARTESIAN_POINT('',(-0.600000031292,1.1625,2.09));
#1859 = VECTOR('',#1860,1.);
#1860 = DIRECTION('',(0.,1.,0.));
#1861 = ORIENTED_EDGE('',*,*,#1862,.F.);
#1862 = EDGE_CURVE('',#1863,#1855,#1865,.T.);
#1863 = VERTEX_POINT('',#1864);
#1864 = CARTESIAN_POINT('',(-0.6,1.825,2.38));
#1865 = LINE('',#1866,#1867);
#1866 = CARTESIAN_POINT('',(-0.600000031292,1.825,2.735));
#1867 = VECTOR('',#1868,1.);
#1868 = DIRECTION('',(0.,0.,-1.));
#1869 = ORIENTED_EDGE('',*,*,#1870,.F.);
#1870 = EDGE_CURVE('',#1757,#1863,#1871,.T.);
#1871 = LINE('',#1872,#1873);
#1872 = CARTESIAN_POINT('',(-0.6,2.125,2.38));
#1873 = VECTOR('',#1874,1.);
#1874 = DIRECTION('',(0.,-1.,0.));
#1875 = PLANE('',#1876);
#1876 = AXIS2_PLACEMENT_3D('',#1877,#1878,#1879);
#1877 = CARTESIAN_POINT('',(-0.6,2.855,-2.E-02));
#1878 = DIRECTION('',(1.,0.,-1.301042606983E-16));
#1879 = DIRECTION('',(-1.301042606983E-16,0.,-1.));
#1880 = ADVANCED_FACE('',(#1881),#1899,.T.);
#1881 = FACE_BOUND('',#1882,.T.);
#1882 = EDGE_LOOP('',(#1883,#1884,#1892,#1898));
#1883 = ORIENTED_EDGE('',*,*,#1782,.F.);
#1884 = ORIENTED_EDGE('',*,*,#1885,.F.);
#1885 = EDGE_CURVE('',#1886,#1774,#1888,.T.);
#1886 = VERTEX_POINT('',#1887);
#1887 = CARTESIAN_POINT('',(-0.4,2.325,0.28));
#1888 = LINE('',#1889,#1890);
#1889 = CARTESIAN_POINT('',(-0.4,2.325,-2.E-02));
#1890 = VECTOR('',#1891,1.);
#1891 = DIRECTION('',(0.,0.,1.));
#1892 = ORIENTED_EDGE('',*,*,#1893,.F.);
#1893 = EDGE_CURVE('',#1798,#1886,#1894,.T.);
#1894 = LINE('',#1895,#1896);
#1895 = CARTESIAN_POINT('',(-0.4,2.325,0.28));
#1896 = VECTOR('',#1897,1.);
#1897 = DIRECTION('',(1.,0.,0.));
#1898 = ORIENTED_EDGE('',*,*,#1797,.T.);
#1899 = PLANE('',#1900);
#1900 = AXIS2_PLACEMENT_3D('',#1901,#1902,#1903);
#1901 = CARTESIAN_POINT('',(-0.4,2.325,-2.E-02));
#1902 = DIRECTION('',(0.,1.,0.));
#1903 = DIRECTION('',(-1.,0.,0.));
#1904 = ADVANCED_FACE('',(#1905),#1941,.T.);
#1905 = FACE_BOUND('',#1906,.T.);
#1906 = EDGE_LOOP('',(#1907,#1918,#1926,#1935));
#1907 = ORIENTED_EDGE('',*,*,#1908,.T.);
#1908 = EDGE_CURVE('',#1909,#1911,#1913,.T.);
#1909 = VERTEX_POINT('',#1910);
#1910 = CARTESIAN_POINT('',(0.4,2.325,2.08));
#1911 = VERTEX_POINT('',#1912);
#1912 = CARTESIAN_POINT('',(0.4,2.025,2.38));
#1913 = CIRCLE('',#1914,0.3);
#1914 = AXIS2_PLACEMENT_3D('',#1915,#1916,#1917);
#1915 = CARTESIAN_POINT('',(0.4,2.025,2.08));
#1916 = DIRECTION('',(1.,0.,-1.301042606983E-16));
#1917 = DIRECTION('',(9.1997605001E-17,0.707106781187,0.707106781187));
#1918 = ORIENTED_EDGE('',*,*,#1919,.T.);
#1919 = EDGE_CURVE('',#1911,#1920,#1922,.T.);
#1920 = VERTEX_POINT('',#1921);
#1921 = CARTESIAN_POINT('',(0.6,2.025,2.38));
#1922 = LINE('',#1923,#1924);
#1923 = CARTESIAN_POINT('',(0.3,2.025,2.38));
#1924 = VECTOR('',#1925,1.);
#1925 = DIRECTION('',(1.,0.,0.));
#1926 = ORIENTED_EDGE('',*,*,#1927,.T.);
#1927 = EDGE_CURVE('',#1920,#1928,#1930,.T.);
#1928 = VERTEX_POINT('',#1929);
#1929 = CARTESIAN_POINT('',(0.6,2.325,2.08));
#1930 = CIRCLE('',#1931,0.3);
#1931 = AXIS2_PLACEMENT_3D('',#1932,#1933,#1934);
#1932 = CARTESIAN_POINT('',(0.6,2.025,2.08));
#1933 = DIRECTION('',(-1.,0.,-1.301042606983E-16));
#1934 = DIRECTION('',(-9.1997605001E-17,0.707106781187,0.707106781187));
#1935 = ORIENTED_EDGE('',*,*,#1936,.T.);
#1936 = EDGE_CURVE('',#1928,#1909,#1937,.T.);
#1937 = LINE('',#1938,#1939);
#1938 = CARTESIAN_POINT('',(0.3,2.325,2.08));
#1939 = VECTOR('',#1940,1.);
#1940 = DIRECTION('',(-1.,0.,0.));
#1941 = CYLINDRICAL_SURFACE('',#1942,0.3);
#1942 = AXIS2_PLACEMENT_3D('',#1943,#1944,#1945);
#1943 = CARTESIAN_POINT('',(0.3,2.025,2.08));
#1944 = DIRECTION('',(-1.,0.,0.));
#1945 = DIRECTION('',(0.,0.707106781187,0.707106781187));
#1946 = ADVANCED_FACE('',(#1947),#2029,.F.);
#1947 = FACE_BOUND('',#1948,.T.);
#1948 = EDGE_LOOP('',(#1949,#1950,#1958,#1966,#1975,#1983,#1991,#1999,
    #2007,#2015,#2023));
#1949 = ORIENTED_EDGE('',*,*,#1908,.F.);
#1950 = ORIENTED_EDGE('',*,*,#1951,.F.);
#1951 = EDGE_CURVE('',#1952,#1909,#1954,.T.);
#1952 = VERTEX_POINT('',#1953);
#1953 = CARTESIAN_POINT('',(0.4,2.325,0.28));
#1954 = LINE('',#1955,#1956);
#1955 = CARTESIAN_POINT('',(0.4,2.325,-2.E-02));
#1956 = VECTOR('',#1957,1.);
#1957 = DIRECTION('',(0.,0.,1.));
#1958 = ORIENTED_EDGE('',*,*,#1959,.T.);
#1959 = EDGE_CURVE('',#1952,#1960,#1962,.T.);
#1960 = VERTEX_POINT('',#1961);
#1961 = CARTESIAN_POINT('',(0.4,2.655,0.28));
#1962 = LINE('',#1963,#1964);
#1963 = CARTESIAN_POINT('',(0.4,2.305,0.28));
#1964 = VECTOR('',#1965,1.);
#1965 = DIRECTION('',(0.,1.,0.));
#1966 = ORIENTED_EDGE('',*,*,#1967,.T.);
#1967 = EDGE_CURVE('',#1960,#1968,#1970,.T.);
#1968 = VERTEX_POINT('',#1969);
#1969 = CARTESIAN_POINT('',(0.4,2.855,8.E-02));
#1970 = CIRCLE('',#1971,0.2);
#1971 = AXIS2_PLACEMENT_3D('',#1972,#1973,#1974);
#1972 = CARTESIAN_POINT('',(0.4,2.655,8.E-02));
#1973 = DIRECTION('',(-1.,0.,1.301042606983E-16));
#1974 = DIRECTION('',(-1.301042606983E-16,0.,-1.));
#1975 = ORIENTED_EDGE('',*,*,#1976,.F.);
#1976 = EDGE_CURVE('',#1977,#1968,#1979,.T.);
#1977 = VERTEX_POINT('',#1978);
#1978 = CARTESIAN_POINT('',(0.4,2.855,-2.E-02));
#1979 = LINE('',#1980,#1981);
#1980 = CARTESIAN_POINT('',(0.4,2.855,-2.E-02));
#1981 = VECTOR('',#1982,1.);
#1982 = DIRECTION('',(1.301042606983E-16,0.,1.));
#1983 = ORIENTED_EDGE('',*,*,#1984,.T.);
#1984 = EDGE_CURVE('',#1977,#1985,#1987,.T.);
#1985 = VERTEX_POINT('',#1986);
#1986 = CARTESIAN_POINT('',(0.4,2.125,-2.E-02));
#1987 = LINE('',#1988,#1989);
#1988 = CARTESIAN_POINT('',(0.4,2.855,-2.E-02));
#1989 = VECTOR('',#1990,1.);
#1990 = DIRECTION('',(0.,-1.,0.));
#1991 = ORIENTED_EDGE('',*,*,#1992,.T.);
#1992 = EDGE_CURVE('',#1985,#1993,#1995,.T.);
#1993 = VERTEX_POINT('',#1994);
#1994 = CARTESIAN_POINT('',(0.4,2.125,0.));
#1995 = LINE('',#1996,#1997);
#1996 = CARTESIAN_POINT('',(0.4,2.125,-2.E-02));
#1997 = VECTOR('',#1998,1.);
#1998 = DIRECTION('',(1.301042606983E-16,0.,1.));
#1999 = ORIENTED_EDGE('',*,*,#2000,.T.);
#2000 = EDGE_CURVE('',#1993,#2001,#2003,.T.);
#2001 = VERTEX_POINT('',#2002);
#2002 = CARTESIAN_POINT('',(0.4,2.125,2.09));
#2003 = LINE('',#2004,#2005);
#2004 = CARTESIAN_POINT('',(0.4,2.125,-2.E-02));
#2005 = VECTOR('',#2006,1.);
#2006 = DIRECTION('',(1.301042606983E-16,0.,1.));
#2007 = ORIENTED_EDGE('',*,*,#2008,.F.);
#2008 = EDGE_CURVE('',#2009,#2001,#2011,.T.);
#2009 = VERTEX_POINT('',#2010);
#2010 = CARTESIAN_POINT('',(0.399999968708,1.825,2.09));
#2011 = LINE('',#2012,#2013);
#2012 = CARTESIAN_POINT('',(0.399999968708,1.1625,2.09));
#2013 = VECTOR('',#2014,1.);
#2014 = DIRECTION('',(0.,1.,0.));
#2015 = ORIENTED_EDGE('',*,*,#2016,.F.);
#2016 = EDGE_CURVE('',#2017,#2009,#2019,.T.);
#2017 = VERTEX_POINT('',#2018);
#2018 = CARTESIAN_POINT('',(0.4,1.825,2.38));
#2019 = LINE('',#2020,#2021);
#2020 = CARTESIAN_POINT('',(0.399999968708,1.825,2.735));
#2021 = VECTOR('',#2022,1.);
#2022 = DIRECTION('',(0.,0.,-1.));
#2023 = ORIENTED_EDGE('',*,*,#2024,.F.);
#2024 = EDGE_CURVE('',#1911,#2017,#2025,.T.);
#2025 = LINE('',#2026,#2027);
#2026 = CARTESIAN_POINT('',(0.4,2.125,2.38));
#2027 = VECTOR('',#2028,1.);
#2028 = DIRECTION('',(0.,-1.,0.));
#2029 = PLANE('',#2030);
#2030 = AXIS2_PLACEMENT_3D('',#2031,#2032,#2033);
#2031 = CARTESIAN_POINT('',(0.4,2.855,-2.E-02));
#2032 = DIRECTION('',(1.,0.,-1.301042606983E-16));
#2033 = DIRECTION('',(-1.301042606983E-16,0.,-1.));
#2034 = ADVANCED_FACE('',(#2035),#2053,.T.);
#2035 = FACE_BOUND('',#2036,.T.);
#2036 = EDGE_LOOP('',(#2037,#2038,#2046,#2052));
#2037 = ORIENTED_EDGE('',*,*,#1936,.F.);
#2038 = ORIENTED_EDGE('',*,*,#2039,.F.);
#2039 = EDGE_CURVE('',#2040,#1928,#2042,.T.);
#2040 = VERTEX_POINT('',#2041);
#2041 = CARTESIAN_POINT('',(0.6,2.325,0.28));
#2042 = LINE('',#2043,#2044);
#2043 = CARTESIAN_POINT('',(0.6,2.325,-2.E-02));
#2044 = VECTOR('',#2045,1.);
#2045 = DIRECTION('',(0.,0.,1.));
#2046 = ORIENTED_EDGE('',*,*,#2047,.F.);
#2047 = EDGE_CURVE('',#1952,#2040,#2048,.T.);
#2048 = LINE('',#2049,#2050);
#2049 = CARTESIAN_POINT('',(0.6,2.325,0.28));
#2050 = VECTOR('',#2051,1.);
#2051 = DIRECTION('',(1.,0.,0.));
#2052 = ORIENTED_EDGE('',*,*,#1951,.T.);
#2053 = PLANE('',#2054);
#2054 = AXIS2_PLACEMENT_3D('',#2055,#2056,#2057);
#2055 = CARTESIAN_POINT('',(0.6,2.325,-2.E-02));
#2056 = DIRECTION('',(0.,1.,0.));
#2057 = DIRECTION('',(-1.,0.,0.));
#2058 = ADVANCED_FACE('',(#2059),#2095,.T.);
#2059 = FACE_BOUND('',#2060,.T.);
#2060 = EDGE_LOOP('',(#2061,#2072,#2080,#2089));
#2061 = ORIENTED_EDGE('',*,*,#2062,.T.);
#2062 = EDGE_CURVE('',#2063,#2065,#2067,.T.);
#2063 = VERTEX_POINT('',#2064);
#2064 = CARTESIAN_POINT('',(1.4,2.325,2.08));
#2065 = VERTEX_POINT('',#2066);
#2066 = CARTESIAN_POINT('',(1.4,2.025,2.38));
#2067 = CIRCLE('',#2068,0.3);
#2068 = AXIS2_PLACEMENT_3D('',#2069,#2070,#2071);
#2069 = CARTESIAN_POINT('',(1.4,2.025,2.08));
#2070 = DIRECTION('',(1.,0.,-1.734723475977E-16));
#2071 = DIRECTION('',(1.226634733347E-16,0.707106781187,0.707106781187)
  );
#2072 = ORIENTED_EDGE('',*,*,#2073,.T.);
#2073 = EDGE_CURVE('',#2065,#2074,#2076,.T.);
#2074 = VERTEX_POINT('',#2075);
#2075 = CARTESIAN_POINT('',(1.6,2.025,2.38));
#2076 = LINE('',#2077,#2078);
#2077 = CARTESIAN_POINT('',(0.8,2.025,2.38));
#2078 = VECTOR('',#2079,1.);
#2079 = DIRECTION('',(1.,0.,0.));
#2080 = ORIENTED_EDGE('',*,*,#2081,.T.);
#2081 = EDGE_CURVE('',#2074,#2082,#2084,.T.);
#2082 = VERTEX_POINT('',#2083);
#2083 = CARTESIAN_POINT('',(1.6,2.325,2.08));
#2084 = CIRCLE('',#2085,0.3);
#2085 = AXIS2_PLACEMENT_3D('',#2086,#2087,#2088);
#2086 = CARTESIAN_POINT('',(1.6,2.025,2.08));
#2087 = DIRECTION('',(-1.,0.,-1.734723475977E-16));
#2088 = DIRECTION('',(-1.226634733347E-16,0.707106781187,0.707106781187)
  );
#2089 = ORIENTED_EDGE('',*,*,#2090,.T.);
#2090 = EDGE_CURVE('',#2082,#2063,#2091,.T.);
#2091 = LINE('',#2092,#2093);
#2092 = CARTESIAN_POINT('',(0.8,2.325,2.08));
#2093 = VECTOR('',#2094,1.);
#2094 = DIRECTION('',(-1.,0.,0.));
#2095 = CYLINDRICAL_SURFACE('',#2096,0.3);
#2096 = AXIS2_PLACEMENT_3D('',#2097,#2098,#2099);
#2097 = CARTESIAN_POINT('',(0.8,2.025,2.08));
#2098 = DIRECTION('',(-1.,0.,0.));
#2099 = DIRECTION('',(0.,0.707106781187,0.707106781187));
#2100 = ADVANCED_FACE('',(#2101),#2126,.T.);
#2101 = FACE_BOUND('',#2102,.T.);
#2102 = EDGE_LOOP('',(#2103,#2104,#2112,#2120));
#2103 = ORIENTED_EDGE('',*,*,#2090,.F.);
#2104 = ORIENTED_EDGE('',*,*,#2105,.F.);
#2105 = EDGE_CURVE('',#2106,#2082,#2108,.T.);
#2106 = VERTEX_POINT('',#2107);
#2107 = CARTESIAN_POINT('',(1.6,2.325,0.28));
#2108 = LINE('',#2109,#2110);
#2109 = CARTESIAN_POINT('',(1.6,2.325,-2.E-02));
#2110 = VECTOR('',#2111,1.);
#2111 = DIRECTION('',(0.,0.,1.));
#2112 = ORIENTED_EDGE('',*,*,#2113,.F.);
#2113 = EDGE_CURVE('',#2114,#2106,#2116,.T.);
#2114 = VERTEX_POINT('',#2115);
#2115 = CARTESIAN_POINT('',(1.4,2.325,0.28));
#2116 = LINE('',#2117,#2118);
#2117 = CARTESIAN_POINT('',(1.6,2.325,0.28));
#2118 = VECTOR('',#2119,1.);
#2119 = DIRECTION('',(1.,0.,0.));
#2120 = ORIENTED_EDGE('',*,*,#2121,.T.);
#2121 = EDGE_CURVE('',#2114,#2063,#2122,.T.);
#2122 = LINE('',#2123,#2124);
#2123 = CARTESIAN_POINT('',(1.4,2.325,-2.E-02));
#2124 = VECTOR('',#2125,1.);
#2125 = DIRECTION('',(0.,0.,1.));
#2126 = PLANE('',#2127);
#2127 = AXIS2_PLACEMENT_3D('',#2128,#2129,#2130);
#2128 = CARTESIAN_POINT('',(1.6,2.325,-2.E-02));
#2129 = DIRECTION('',(0.,1.,0.));
#2130 = DIRECTION('',(-1.,0.,0.));
#2131 = ADVANCED_FACE('',(#2132),#2207,.F.);
#2132 = FACE_BOUND('',#2133,.T.);
#2133 = EDGE_LOOP('',(#2134,#2135,#2143,#2151,#2159,#2167,#2175,#2183,
    #2191,#2200,#2206));
#2134 = ORIENTED_EDGE('',*,*,#2081,.F.);
#2135 = ORIENTED_EDGE('',*,*,#2136,.T.);
#2136 = EDGE_CURVE('',#2074,#2137,#2139,.T.);
#2137 = VERTEX_POINT('',#2138);
#2138 = CARTESIAN_POINT('',(1.6,1.825,2.38));
#2139 = LINE('',#2140,#2141);
#2140 = CARTESIAN_POINT('',(1.6,2.325,2.38));
#2141 = VECTOR('',#2142,1.);
#2142 = DIRECTION('',(0.,-1.,0.));
#2143 = ORIENTED_EDGE('',*,*,#2144,.F.);
#2144 = EDGE_CURVE('',#2145,#2137,#2147,.T.);
#2145 = VERTEX_POINT('',#2146);
#2146 = CARTESIAN_POINT('',(1.6,1.825,2.09));
#2147 = LINE('',#2148,#2149);
#2148 = CARTESIAN_POINT('',(1.6,1.825,2.585));
#2149 = VECTOR('',#2150,1.);
#2150 = DIRECTION('',(0.,0.,1.));
#2151 = ORIENTED_EDGE('',*,*,#2152,.F.);
#2152 = EDGE_CURVE('',#2153,#2145,#2155,.T.);
#2153 = VERTEX_POINT('',#2154);
#2154 = CARTESIAN_POINT('',(1.6,2.125,2.09));
#2155 = LINE('',#2156,#2157);
#2156 = CARTESIAN_POINT('',(1.6,1.1625,2.09));
#2157 = VECTOR('',#2158,1.);
#2158 = DIRECTION('',(0.,-1.,0.));
#2159 = ORIENTED_EDGE('',*,*,#2160,.T.);
#2160 = EDGE_CURVE('',#2153,#2161,#2163,.T.);
#2161 = VERTEX_POINT('',#2162);
#2162 = CARTESIAN_POINT('',(1.6,2.125,0.));
#2163 = LINE('',#2164,#2165);
#2164 = CARTESIAN_POINT('',(1.6,2.125,-2.E-02));
#2165 = VECTOR('',#2166,1.);
#2166 = DIRECTION('',(1.734723475977E-16,0.,-1.));
#2167 = ORIENTED_EDGE('',*,*,#2168,.T.);
#2168 = EDGE_CURVE('',#2161,#2169,#2171,.T.);
#2169 = VERTEX_POINT('',#2170);
#2170 = CARTESIAN_POINT('',(1.6,2.125,-2.E-02));
#2171 = LINE('',#2172,#2173);
#2172 = CARTESIAN_POINT('',(1.6,2.125,-2.E-02));
#2173 = VECTOR('',#2174,1.);
#2174 = DIRECTION('',(1.734723475977E-16,0.,-1.));
#2175 = ORIENTED_EDGE('',*,*,#2176,.F.);
#2176 = EDGE_CURVE('',#2177,#2169,#2179,.T.);
#2177 = VERTEX_POINT('',#2178);
#2178 = CARTESIAN_POINT('',(1.6,2.855,-2.E-02));
#2179 = LINE('',#2180,#2181);
#2180 = CARTESIAN_POINT('',(1.6,2.855,-2.E-02));
#2181 = VECTOR('',#2182,1.);
#2182 = DIRECTION('',(0.,-1.,0.));
#2183 = ORIENTED_EDGE('',*,*,#2184,.F.);
#2184 = EDGE_CURVE('',#2185,#2177,#2187,.T.);
#2185 = VERTEX_POINT('',#2186);
#2186 = CARTESIAN_POINT('',(1.6,2.855,8.E-02));
#2187 = LINE('',#2188,#2189);
#2188 = CARTESIAN_POINT('',(1.6,2.855,-2.E-02));
#2189 = VECTOR('',#2190,1.);
#2190 = DIRECTION('',(1.734723475977E-16,0.,-1.));
#2191 = ORIENTED_EDGE('',*,*,#2192,.T.);
#2192 = EDGE_CURVE('',#2185,#2193,#2195,.T.);
#2193 = VERTEX_POINT('',#2194);
#2194 = CARTESIAN_POINT('',(1.6,2.655,0.28));
#2195 = CIRCLE('',#2196,0.2);
#2196 = AXIS2_PLACEMENT_3D('',#2197,#2198,#2199);
#2197 = CARTESIAN_POINT('',(1.6,2.655,8.E-02));
#2198 = DIRECTION('',(1.,0.,1.734723475977E-16));
#2199 = DIRECTION('',(-1.734723475977E-16,0.,1.));
#2200 = ORIENTED_EDGE('',*,*,#2201,.F.);
#2201 = EDGE_CURVE('',#2106,#2193,#2202,.T.);
#2202 = LINE('',#2203,#2204);
#2203 = CARTESIAN_POINT('',(1.6,2.305,0.28));
#2204 = VECTOR('',#2205,1.);
#2205 = DIRECTION('',(0.,1.,0.));
#2206 = ORIENTED_EDGE('',*,*,#2105,.T.);
#2207 = PLANE('',#2208);
#2208 = AXIS2_PLACEMENT_3D('',#2209,#2210,#2211);
#2209 = CARTESIAN_POINT('',(1.6,2.855,-2.E-02));
#2210 = DIRECTION('',(-1.,0.,-1.734723475977E-16));
#2211 = DIRECTION('',(-1.734723475977E-16,0.,1.));
#2212 = ADVANCED_FACE('',(#2213),#2288,.F.);
#2213 = FACE_BOUND('',#2214,.T.);
#2214 = EDGE_LOOP('',(#2215,#2216,#2224,#2232,#2240,#2248,#2256,#2264,
    #2272,#2281,#2287));
#2215 = ORIENTED_EDGE('',*,*,#1927,.F.);
#2216 = ORIENTED_EDGE('',*,*,#2217,.T.);
#2217 = EDGE_CURVE('',#1920,#2218,#2220,.T.);
#2218 = VERTEX_POINT('',#2219);
#2219 = CARTESIAN_POINT('',(0.6,1.825,2.38));
#2220 = LINE('',#2221,#2222);
#2221 = CARTESIAN_POINT('',(0.6,2.325,2.38));
#2222 = VECTOR('',#2223,1.);
#2223 = DIRECTION('',(0.,-1.,0.));
#2224 = ORIENTED_EDGE('',*,*,#2225,.F.);
#2225 = EDGE_CURVE('',#2226,#2218,#2228,.T.);
#2226 = VERTEX_POINT('',#2227);
#2227 = CARTESIAN_POINT('',(0.6,1.825,2.09));
#2228 = LINE('',#2229,#2230);
#2229 = CARTESIAN_POINT('',(0.6,1.825,2.585));
#2230 = VECTOR('',#2231,1.);
#2231 = DIRECTION('',(0.,0.,1.));
#2232 = ORIENTED_EDGE('',*,*,#2233,.F.);
#2233 = EDGE_CURVE('',#2234,#2226,#2236,.T.);
#2234 = VERTEX_POINT('',#2235);
#2235 = CARTESIAN_POINT('',(0.6,2.125,2.09));
#2236 = LINE('',#2237,#2238);
#2237 = CARTESIAN_POINT('',(0.6,1.1625,2.09));
#2238 = VECTOR('',#2239,1.);
#2239 = DIRECTION('',(0.,-1.,0.));
#2240 = ORIENTED_EDGE('',*,*,#2241,.T.);
#2241 = EDGE_CURVE('',#2234,#2242,#2244,.T.);
#2242 = VERTEX_POINT('',#2243);
#2243 = CARTESIAN_POINT('',(0.6,2.125,0.));
#2244 = LINE('',#2245,#2246);
#2245 = CARTESIAN_POINT('',(0.6,2.125,-2.E-02));
#2246 = VECTOR('',#2247,1.);
#2247 = DIRECTION('',(1.301042606983E-16,0.,-1.));
#2248 = ORIENTED_EDGE('',*,*,#2249,.T.);
#2249 = EDGE_CURVE('',#2242,#2250,#2252,.T.);
#2250 = VERTEX_POINT('',#2251);
#2251 = CARTESIAN_POINT('',(0.6,2.125,-2.E-02));
#2252 = LINE('',#2253,#2254);
#2253 = CARTESIAN_POINT('',(0.6,2.125,-2.E-02));
#2254 = VECTOR('',#2255,1.);
#2255 = DIRECTION('',(1.301042606983E-16,0.,-1.));
#2256 = ORIENTED_EDGE('',*,*,#2257,.F.);
#2257 = EDGE_CURVE('',#2258,#2250,#2260,.T.);
#2258 = VERTEX_POINT('',#2259);
#2259 = CARTESIAN_POINT('',(0.6,2.855,-2.E-02));
#2260 = LINE('',#2261,#2262);
#2261 = CARTESIAN_POINT('',(0.6,2.855,-2.E-02));
#2262 = VECTOR('',#2263,1.);
#2263 = DIRECTION('',(0.,-1.,0.));
#2264 = ORIENTED_EDGE('',*,*,#2265,.F.);
#2265 = EDGE_CURVE('',#2266,#2258,#2268,.T.);
#2266 = VERTEX_POINT('',#2267);
#2267 = CARTESIAN_POINT('',(0.6,2.855,8.E-02));
#2268 = LINE('',#2269,#2270);
#2269 = CARTESIAN_POINT('',(0.6,2.855,-2.E-02));
#2270 = VECTOR('',#2271,1.);
#2271 = DIRECTION('',(1.301042606983E-16,0.,-1.));
#2272 = ORIENTED_EDGE('',*,*,#2273,.T.);
#2273 = EDGE_CURVE('',#2266,#2274,#2276,.T.);
#2274 = VERTEX_POINT('',#2275);
#2275 = CARTESIAN_POINT('',(0.6,2.655,0.28));
#2276 = CIRCLE('',#2277,0.2);
#2277 = AXIS2_PLACEMENT_3D('',#2278,#2279,#2280);
#2278 = CARTESIAN_POINT('',(0.6,2.655,8.E-02));
#2279 = DIRECTION('',(1.,0.,1.301042606983E-16));
#2280 = DIRECTION('',(-1.301042606983E-16,0.,1.));
#2281 = ORIENTED_EDGE('',*,*,#2282,.F.);
#2282 = EDGE_CURVE('',#2040,#2274,#2283,.T.);
#2283 = LINE('',#2284,#2285);
#2284 = CARTESIAN_POINT('',(0.6,2.305,0.28));
#2285 = VECTOR('',#2286,1.);
#2286 = DIRECTION('',(0.,1.,0.));
#2287 = ORIENTED_EDGE('',*,*,#2039,.T.);
#2288 = PLANE('',#2289);
#2289 = AXIS2_PLACEMENT_3D('',#2290,#2291,#2292);
#2290 = CARTESIAN_POINT('',(0.6,2.855,-2.E-02));
#2291 = DIRECTION('',(-1.,0.,-1.301042606983E-16));
#2292 = DIRECTION('',(-1.301042606983E-16,0.,1.));
#2293 = ADVANCED_FACE('',(#2294),#2369,.F.);
#2294 = FACE_BOUND('',#2295,.T.);
#2295 = EDGE_LOOP('',(#2296,#2297,#2305,#2313,#2321,#2329,#2337,#2345,
    #2353,#2362,#2368));
#2296 = ORIENTED_EDGE('',*,*,#1773,.F.);
#2297 = ORIENTED_EDGE('',*,*,#2298,.T.);
#2298 = EDGE_CURVE('',#1766,#2299,#2301,.T.);
#2299 = VERTEX_POINT('',#2300);
#2300 = CARTESIAN_POINT('',(-0.4,1.825,2.38));
#2301 = LINE('',#2302,#2303);
#2302 = CARTESIAN_POINT('',(-0.4,2.325,2.38));
#2303 = VECTOR('',#2304,1.);
#2304 = DIRECTION('',(0.,-1.,0.));
#2305 = ORIENTED_EDGE('',*,*,#2306,.F.);
#2306 = EDGE_CURVE('',#2307,#2299,#2309,.T.);
#2307 = VERTEX_POINT('',#2308);
#2308 = CARTESIAN_POINT('',(-0.4,1.825,2.09));
#2309 = LINE('',#2310,#2311);
#2310 = CARTESIAN_POINT('',(-0.4,1.825,2.585));
#2311 = VECTOR('',#2312,1.);
#2312 = DIRECTION('',(0.,0.,1.));
#2313 = ORIENTED_EDGE('',*,*,#2314,.F.);
#2314 = EDGE_CURVE('',#2315,#2307,#2317,.T.);
#2315 = VERTEX_POINT('',#2316);
#2316 = CARTESIAN_POINT('',(-0.4,2.125,2.09));
#2317 = LINE('',#2318,#2319);
#2318 = CARTESIAN_POINT('',(-0.4,1.1625,2.09));
#2319 = VECTOR('',#2320,1.);
#2320 = DIRECTION('',(0.,-1.,0.));
#2321 = ORIENTED_EDGE('',*,*,#2322,.T.);
#2322 = EDGE_CURVE('',#2315,#2323,#2325,.T.);
#2323 = VERTEX_POINT('',#2324);
#2324 = CARTESIAN_POINT('',(-0.4,2.125,0.));
#2325 = LINE('',#2326,#2327);
#2326 = CARTESIAN_POINT('',(-0.4,2.125,-2.E-02));
#2327 = VECTOR('',#2328,1.);
#2328 = DIRECTION('',(1.301042606983E-16,0.,-1.));
#2329 = ORIENTED_EDGE('',*,*,#2330,.T.);
#2330 = EDGE_CURVE('',#2323,#2331,#2333,.T.);
#2331 = VERTEX_POINT('',#2332);
#2332 = CARTESIAN_POINT('',(-0.4,2.125,-2.E-02));
#2333 = LINE('',#2334,#2335);
#2334 = CARTESIAN_POINT('',(-0.4,2.125,-2.E-02));
#2335 = VECTOR('',#2336,1.);
#2336 = DIRECTION('',(1.301042606983E-16,0.,-1.));
#2337 = ORIENTED_EDGE('',*,*,#2338,.F.);
#2338 = EDGE_CURVE('',#2339,#2331,#2341,.T.);
#2339 = VERTEX_POINT('',#2340);
#2340 = CARTESIAN_POINT('',(-0.4,2.855,-2.E-02));
#2341 = LINE('',#2342,#2343);
#2342 = CARTESIAN_POINT('',(-0.4,2.855,-2.E-02));
#2343 = VECTOR('',#2344,1.);
#2344 = DIRECTION('',(0.,-1.,0.));
#2345 = ORIENTED_EDGE('',*,*,#2346,.F.);
#2346 = EDGE_CURVE('',#2347,#2339,#2349,.T.);
#2347 = VERTEX_POINT('',#2348);
#2348 = CARTESIAN_POINT('',(-0.4,2.855,8.E-02));
#2349 = LINE('',#2350,#2351);
#2350 = CARTESIAN_POINT('',(-0.4,2.855,-2.E-02));
#2351 = VECTOR('',#2352,1.);
#2352 = DIRECTION('',(1.301042606983E-16,0.,-1.));
#2353 = ORIENTED_EDGE('',*,*,#2354,.T.);
#2354 = EDGE_CURVE('',#2347,#2355,#2357,.T.);
#2355 = VERTEX_POINT('',#2356);
#2356 = CARTESIAN_POINT('',(-0.4,2.655,0.28));
#2357 = CIRCLE('',#2358,0.2);
#2358 = AXIS2_PLACEMENT_3D('',#2359,#2360,#2361);
#2359 = CARTESIAN_POINT('',(-0.4,2.655,8.E-02));
#2360 = DIRECTION('',(1.,0.,1.301042606983E-16));
#2361 = DIRECTION('',(-1.301042606983E-16,0.,1.));
#2362 = ORIENTED_EDGE('',*,*,#2363,.F.);
#2363 = EDGE_CURVE('',#1886,#2355,#2364,.T.);
#2364 = LINE('',#2365,#2366);
#2365 = CARTESIAN_POINT('',(-0.4,2.305,0.28));
#2366 = VECTOR('',#2367,1.);
#2367 = DIRECTION('',(0.,1.,0.));
#2368 = ORIENTED_EDGE('',*,*,#1885,.T.);
#2369 = PLANE('',#2370);
#2370 = AXIS2_PLACEMENT_3D('',#2371,#2372,#2373);
#2371 = CARTESIAN_POINT('',(-0.4,2.855,-2.E-02));
#2372 = DIRECTION('',(-1.,0.,-1.301042606983E-16));
#2373 = DIRECTION('',(-1.301042606983E-16,0.,1.));
#2374 = ADVANCED_FACE('',(#2375),#2450,.F.);
#2375 = FACE_BOUND('',#2376,.T.);
#2376 = EDGE_LOOP('',(#2377,#2378,#2386,#2394,#2402,#2410,#2418,#2426,
    #2434,#2443,#2449));
#2377 = ORIENTED_EDGE('',*,*,#1619,.F.);
#2378 = ORIENTED_EDGE('',*,*,#2379,.T.);
#2379 = EDGE_CURVE('',#1612,#2380,#2382,.T.);
#2380 = VERTEX_POINT('',#2381);
#2381 = CARTESIAN_POINT('',(-1.4,1.825,2.38));
#2382 = LINE('',#2383,#2384);
#2383 = CARTESIAN_POINT('',(-1.4,2.325,2.38));
#2384 = VECTOR('',#2385,1.);
#2385 = DIRECTION('',(0.,-1.,0.));
#2386 = ORIENTED_EDGE('',*,*,#2387,.F.);
#2387 = EDGE_CURVE('',#2388,#2380,#2390,.T.);
#2388 = VERTEX_POINT('',#2389);
#2389 = CARTESIAN_POINT('',(-1.4,1.825,2.09));
#2390 = LINE('',#2391,#2392);
#2391 = CARTESIAN_POINT('',(-1.4,1.825,2.585));
#2392 = VECTOR('',#2393,1.);
#2393 = DIRECTION('',(0.,0.,1.));
#2394 = ORIENTED_EDGE('',*,*,#2395,.F.);
#2395 = EDGE_CURVE('',#2396,#2388,#2398,.T.);
#2396 = VERTEX_POINT('',#2397);
#2397 = CARTESIAN_POINT('',(-1.4,2.125,2.09));
#2398 = LINE('',#2399,#2400);
#2399 = CARTESIAN_POINT('',(-1.4,1.1625,2.09));
#2400 = VECTOR('',#2401,1.);
#2401 = DIRECTION('',(0.,-1.,0.));
#2402 = ORIENTED_EDGE('',*,*,#2403,.T.);
#2403 = EDGE_CURVE('',#2396,#2404,#2406,.T.);
#2404 = VERTEX_POINT('',#2405);
#2405 = CARTESIAN_POINT('',(-1.4,2.125,0.));
#2406 = LINE('',#2407,#2408);
#2407 = CARTESIAN_POINT('',(-1.4,2.125,-2.E-02));
#2408 = VECTOR('',#2409,1.);
#2409 = DIRECTION('',(8.673617379884E-17,0.,-1.));
#2410 = ORIENTED_EDGE('',*,*,#2411,.T.);
#2411 = EDGE_CURVE('',#2404,#2412,#2414,.T.);
#2412 = VERTEX_POINT('',#2413);
#2413 = CARTESIAN_POINT('',(-1.4,2.125,-2.E-02));
#2414 = LINE('',#2415,#2416);
#2415 = CARTESIAN_POINT('',(-1.4,2.125,-2.E-02));
#2416 = VECTOR('',#2417,1.);
#2417 = DIRECTION('',(8.673617379884E-17,0.,-1.));
#2418 = ORIENTED_EDGE('',*,*,#2419,.F.);
#2419 = EDGE_CURVE('',#2420,#2412,#2422,.T.);
#2420 = VERTEX_POINT('',#2421);
#2421 = CARTESIAN_POINT('',(-1.4,2.855,-2.E-02));
#2422 = LINE('',#2423,#2424);
#2423 = CARTESIAN_POINT('',(-1.4,2.855,-2.E-02));
#2424 = VECTOR('',#2425,1.);
#2425 = DIRECTION('',(0.,-1.,0.));
#2426 = ORIENTED_EDGE('',*,*,#2427,.F.);
#2427 = EDGE_CURVE('',#2428,#2420,#2430,.T.);
#2428 = VERTEX_POINT('',#2429);
#2429 = CARTESIAN_POINT('',(-1.4,2.855,8.E-02));
#2430 = LINE('',#2431,#2432);
#2431 = CARTESIAN_POINT('',(-1.4,2.855,-2.E-02));
#2432 = VECTOR('',#2433,1.);
#2433 = DIRECTION('',(8.673617379884E-17,0.,-1.));
#2434 = ORIENTED_EDGE('',*,*,#2435,.T.);
#2435 = EDGE_CURVE('',#2428,#2436,#2438,.T.);
#2436 = VERTEX_POINT('',#2437);
#2437 = CARTESIAN_POINT('',(-1.4,2.655,0.28));
#2438 = CIRCLE('',#2439,0.2);
#2439 = AXIS2_PLACEMENT_3D('',#2440,#2441,#2442);
#2440 = CARTESIAN_POINT('',(-1.4,2.655,8.E-02));
#2441 = DIRECTION('',(1.,0.,8.673617379884E-17));
#2442 = DIRECTION('',(-8.673617379884E-17,0.,1.));
#2443 = ORIENTED_EDGE('',*,*,#2444,.F.);
#2444 = EDGE_CURVE('',#1732,#2436,#2445,.T.);
#2445 = LINE('',#2446,#2447);
#2446 = CARTESIAN_POINT('',(-1.4,2.305,0.28));
#2447 = VECTOR('',#2448,1.);
#2448 = DIRECTION('',(0.,1.,0.));
#2449 = ORIENTED_EDGE('',*,*,#1731,.T.);
#2450 = PLANE('',#2451);
#2451 = AXIS2_PLACEMENT_3D('',#2452,#2453,#2454);
#2452 = CARTESIAN_POINT('',(-1.4,2.855,-2.E-02));
#2453 = DIRECTION('',(-1.,0.,-8.673617379884E-17));
#2454 = DIRECTION('',(-8.673617379884E-17,0.,1.));
#2455 = ADVANCED_FACE('',(#2456),#2481,.F.);
#2456 = FACE_BOUND('',#2457,.T.);
#2457 = EDGE_LOOP('',(#2458,#2459,#2467,#2475));
#2458 = ORIENTED_EDGE('',*,*,#1700,.T.);
#2459 = ORIENTED_EDGE('',*,*,#2460,.F.);
#2460 = EDGE_CURVE('',#2461,#1693,#2463,.T.);
#2461 = VERTEX_POINT('',#2462);
#2462 = CARTESIAN_POINT('',(-3.12,2.125,2.09));
#2463 = LINE('',#2464,#2465);
#2464 = CARTESIAN_POINT('',(-1.75,2.125,2.09));
#2465 = VECTOR('',#2466,1.);
#2466 = DIRECTION('',(1.,0.,0.));
#2467 = ORIENTED_EDGE('',*,*,#2468,.T.);
#2468 = EDGE_CURVE('',#2461,#2469,#2471,.T.);
#2469 = VERTEX_POINT('',#2470);
#2470 = CARTESIAN_POINT('',(-3.12,1.825,2.09));
#2471 = LINE('',#2472,#2473);
#2472 = CARTESIAN_POINT('',(-3.12,0.91,2.09));
#2473 = VECTOR('',#2474,1.);
#2474 = DIRECTION('',(0.,-1.,0.));
#2475 = ORIENTED_EDGE('',*,*,#2476,.F.);
#2476 = EDGE_CURVE('',#1701,#2469,#2477,.T.);
#2477 = LINE('',#2478,#2479);
#2478 = CARTESIAN_POINT('',(-3.5,1.825,2.09));
#2479 = VECTOR('',#2480,1.);
#2480 = DIRECTION('',(-1.,0.,0.));
#2481 = PLANE('',#2482);
#2482 = AXIS2_PLACEMENT_3D('',#2483,#2484,#2485);
#2483 = CARTESIAN_POINT('',(0.,0.,2.09));
#2484 = DIRECTION('',(0.,0.,-1.));
#2485 = DIRECTION('',(-1.,0.,0.));
#2486 = ADVANCED_FACE('',(#2487),#2512,.F.);
#2487 = FACE_BOUND('',#2488,.T.);
#2488 = EDGE_LOOP('',(#2489,#2490,#2498,#2506));
#2489 = ORIENTED_EDGE('',*,*,#2233,.T.);
#2490 = ORIENTED_EDGE('',*,*,#2491,.F.);
#2491 = EDGE_CURVE('',#2492,#2226,#2494,.T.);
#2492 = VERTEX_POINT('',#2493);
#2493 = CARTESIAN_POINT('',(1.399999968708,1.825,2.09));
#2494 = LINE('',#2495,#2496);
#2495 = CARTESIAN_POINT('',(-3.5,1.825,2.09));
#2496 = VECTOR('',#2497,1.);
#2497 = DIRECTION('',(-1.,0.,0.));
#2498 = ORIENTED_EDGE('',*,*,#2499,.T.);
#2499 = EDGE_CURVE('',#2492,#2500,#2502,.T.);
#2500 = VERTEX_POINT('',#2501);
#2501 = CARTESIAN_POINT('',(1.4,2.125,2.09));
#2502 = LINE('',#2503,#2504);
#2503 = CARTESIAN_POINT('',(1.399999968708,1.1625,2.09));
#2504 = VECTOR('',#2505,1.);
#2505 = DIRECTION('',(0.,1.,0.));
#2506 = ORIENTED_EDGE('',*,*,#2507,.F.);
#2507 = EDGE_CURVE('',#2234,#2500,#2508,.T.);
#2508 = LINE('',#2509,#2510);
#2509 = CARTESIAN_POINT('',(-1.75,2.125,2.09));
#2510 = VECTOR('',#2511,1.);
#2511 = DIRECTION('',(1.,0.,0.));
#2512 = PLANE('',#2513);
#2513 = AXIS2_PLACEMENT_3D('',#2514,#2515,#2516);
#2514 = CARTESIAN_POINT('',(0.,0.,2.09));
#2515 = DIRECTION('',(0.,0.,-1.));
#2516 = DIRECTION('',(-1.,0.,0.));
#2517 = ADVANCED_FACE('',(#2518),#2534,.F.);
#2518 = FACE_BOUND('',#2519,.T.);
#2519 = EDGE_LOOP('',(#2520,#2521,#2527,#2528));
#2520 = ORIENTED_EDGE('',*,*,#2152,.T.);
#2521 = ORIENTED_EDGE('',*,*,#2522,.F.);
#2522 = EDGE_CURVE('',#1484,#2145,#2523,.T.);
#2523 = LINE('',#2524,#2525);
#2524 = CARTESIAN_POINT('',(-3.5,1.825,2.09));
#2525 = VECTOR('',#2526,1.);
#2526 = DIRECTION('',(-1.,0.,0.));
#2527 = ORIENTED_EDGE('',*,*,#1483,.T.);
#2528 = ORIENTED_EDGE('',*,*,#2529,.F.);
#2529 = EDGE_CURVE('',#2153,#1476,#2530,.T.);
#2530 = LINE('',#2531,#2532);
#2531 = CARTESIAN_POINT('',(-1.75,2.125,2.09));
#2532 = VECTOR('',#2533,1.);
#2533 = DIRECTION('',(1.,0.,0.));
#2534 = PLANE('',#2535);
#2535 = AXIS2_PLACEMENT_3D('',#2536,#2537,#2538);
#2536 = CARTESIAN_POINT('',(0.,0.,2.09));
#2537 = DIRECTION('',(0.,0.,-1.));
#2538 = DIRECTION('',(-1.,0.,0.));
#2539 = ADVANCED_FACE('',(#2540),#2556,.F.);
#2540 = FACE_BOUND('',#2541,.T.);
#2541 = EDGE_LOOP('',(#2542,#2543,#2549,#2550));
#2542 = ORIENTED_EDGE('',*,*,#1854,.T.);
#2543 = ORIENTED_EDGE('',*,*,#2544,.F.);
#2544 = EDGE_CURVE('',#2396,#1847,#2545,.T.);
#2545 = LINE('',#2546,#2547);
#2546 = CARTESIAN_POINT('',(-1.75,2.125,2.09));
#2547 = VECTOR('',#2548,1.);
#2548 = DIRECTION('',(1.,0.,0.));
#2549 = ORIENTED_EDGE('',*,*,#2395,.T.);
#2550 = ORIENTED_EDGE('',*,*,#2551,.F.);
#2551 = EDGE_CURVE('',#1855,#2388,#2552,.T.);
#2552 = LINE('',#2553,#2554);
#2553 = CARTESIAN_POINT('',(-3.5,1.825,2.09));
#2554 = VECTOR('',#2555,1.);
#2555 = DIRECTION('',(-1.,0.,0.));
#2556 = PLANE('',#2557);
#2557 = AXIS2_PLACEMENT_3D('',#2558,#2559,#2560);
#2558 = CARTESIAN_POINT('',(0.,0.,2.09));
#2559 = DIRECTION('',(0.,0.,-1.));
#2560 = DIRECTION('',(-1.,0.,0.));
#2561 = ADVANCED_FACE('',(#2562),#2573,.T.);
#2562 = FACE_BOUND('',#2563,.T.);
#2563 = EDGE_LOOP('',(#2564,#2565,#2566,#2572));
#2564 = ORIENTED_EDGE('',*,*,#1919,.F.);
#2565 = ORIENTED_EDGE('',*,*,#2024,.T.);
#2566 = ORIENTED_EDGE('',*,*,#2567,.F.);
#2567 = EDGE_CURVE('',#2218,#2017,#2568,.T.);
#2568 = LINE('',#2569,#2570);
#2569 = CARTESIAN_POINT('',(2.05,1.825,2.38));
#2570 = VECTOR('',#2571,1.);
#2571 = DIRECTION('',(-1.,0.,0.));
#2572 = ORIENTED_EDGE('',*,*,#2217,.F.);
#2573 = PLANE('',#2574);
#2574 = AXIS2_PLACEMENT_3D('',#2575,#2576,#2577);
#2575 = CARTESIAN_POINT('',(-2.775557561563E-16,2.49,2.38));
#2576 = DIRECTION('',(0.,0.,1.));
#2577 = DIRECTION('',(1.,0.,-0.));
#2578 = ADVANCED_FACE('',(#2579),#2590,.T.);
#2579 = FACE_BOUND('',#2580,.T.);
#2580 = EDGE_LOOP('',(#2581,#2582,#2583,#2589));
#2581 = ORIENTED_EDGE('',*,*,#1765,.F.);
#2582 = ORIENTED_EDGE('',*,*,#1870,.T.);
#2583 = ORIENTED_EDGE('',*,*,#2584,.F.);
#2584 = EDGE_CURVE('',#2299,#1863,#2585,.T.);
#2585 = LINE('',#2586,#2587);
#2586 = CARTESIAN_POINT('',(1.55,1.825,2.38));
#2587 = VECTOR('',#2588,1.);
#2588 = DIRECTION('',(-1.,0.,0.));
#2589 = ORIENTED_EDGE('',*,*,#2298,.F.);
#2590 = PLANE('',#2591);
#2591 = AXIS2_PLACEMENT_3D('',#2592,#2593,#2594);
#2592 = CARTESIAN_POINT('',(-2.775557561563E-16,2.49,2.38));
#2593 = DIRECTION('',(0.,0.,1.));
#2594 = DIRECTION('',(1.,0.,-0.));
#2595 = ADVANCED_FACE('',(#2596),#2614,.T.);
#2596 = FACE_BOUND('',#2597,.T.);
#2597 = EDGE_LOOP('',(#2598,#2599,#2607,#2613));
#2598 = ORIENTED_EDGE('',*,*,#2073,.F.);
#2599 = ORIENTED_EDGE('',*,*,#2600,.T.);
#2600 = EDGE_CURVE('',#2065,#2601,#2603,.T.);
#2601 = VERTEX_POINT('',#2602);
#2602 = CARTESIAN_POINT('',(1.399999968708,1.825,2.38));
#2603 = LINE('',#2604,#2605);
#2604 = CARTESIAN_POINT('',(1.4,2.125,2.38));
#2605 = VECTOR('',#2606,1.);
#2606 = DIRECTION('',(0.,-1.,0.));
#2607 = ORIENTED_EDGE('',*,*,#2608,.F.);
#2608 = EDGE_CURVE('',#2137,#2601,#2609,.T.);
#2609 = LINE('',#2610,#2611);
#2610 = CARTESIAN_POINT('',(2.55,1.825,2.38));
#2611 = VECTOR('',#2612,1.);
#2612 = DIRECTION('',(-1.,0.,0.));
#2613 = ORIENTED_EDGE('',*,*,#2136,.F.);
#2614 = PLANE('',#2615);
#2615 = AXIS2_PLACEMENT_3D('',#2616,#2617,#2618);
#2616 = CARTESIAN_POINT('',(-2.775557561563E-16,2.49,2.38));
#2617 = DIRECTION('',(0.,0.,1.));
#2618 = DIRECTION('',(1.,0.,-0.));
#2619 = ADVANCED_FACE('',(#2620),#2631,.T.);
#2620 = FACE_BOUND('',#2621,.T.);
#2621 = EDGE_LOOP('',(#2622,#2623,#2624,#2630));
#2622 = ORIENTED_EDGE('',*,*,#1611,.F.);
#2623 = ORIENTED_EDGE('',*,*,#1716,.T.);
#2624 = ORIENTED_EDGE('',*,*,#2625,.F.);
#2625 = EDGE_CURVE('',#2380,#1709,#2626,.T.);
#2626 = LINE('',#2627,#2628);
#2627 = CARTESIAN_POINT('',(1.05,1.825,2.38));
#2628 = VECTOR('',#2629,1.);
#2629 = DIRECTION('',(-1.,0.,0.));
#2630 = ORIENTED_EDGE('',*,*,#2379,.F.);
#2631 = PLANE('',#2632);
#2632 = AXIS2_PLACEMENT_3D('',#2633,#2634,#2635);
#2633 = CARTESIAN_POINT('',(-2.775557561563E-16,2.49,2.38));
#2634 = DIRECTION('',(0.,0.,1.));
#2635 = DIRECTION('',(1.,0.,-0.));
#2636 = ADVANCED_FACE('',(#2637),#2648,.F.);
#2637 = FACE_BOUND('',#2638,.T.);
#2638 = EDGE_LOOP('',(#2639,#2640,#2641,#2647));
#2639 = ORIENTED_EDGE('',*,*,#2047,.T.);
#2640 = ORIENTED_EDGE('',*,*,#2282,.T.);
#2641 = ORIENTED_EDGE('',*,*,#2642,.T.);
#2642 = EDGE_CURVE('',#2274,#1960,#2643,.T.);
#2643 = LINE('',#2644,#2645);
#2644 = CARTESIAN_POINT('',(0.6,2.655,0.28));
#2645 = VECTOR('',#2646,1.);
#2646 = DIRECTION('',(-1.,0.,0.));
#2647 = ORIENTED_EDGE('',*,*,#1959,.F.);
#2648 = PLANE('',#2649);
#2649 = AXIS2_PLACEMENT_3D('',#2650,#2651,#2652);
#2650 = CARTESIAN_POINT('',(0.6,2.305,0.28));
#2651 = DIRECTION('',(0.,0.,-1.));
#2652 = DIRECTION('',(-1.,0.,0.));
#2653 = ADVANCED_FACE('',(#2654),#2665,.F.);
#2654 = FACE_BOUND('',#2655,.T.);
#2655 = EDGE_LOOP('',(#2656,#2657,#2658,#2664));
#2656 = ORIENTED_EDGE('',*,*,#1893,.T.);
#2657 = ORIENTED_EDGE('',*,*,#2363,.T.);
#2658 = ORIENTED_EDGE('',*,*,#2659,.T.);
#2659 = EDGE_CURVE('',#2355,#1806,#2660,.T.);
#2660 = LINE('',#2661,#2662);
#2661 = CARTESIAN_POINT('',(-0.4,2.655,0.28));
#2662 = VECTOR('',#2663,1.);
#2663 = DIRECTION('',(-1.,0.,0.));
#2664 = ORIENTED_EDGE('',*,*,#1805,.F.);
#2665 = PLANE('',#2666);
#2666 = AXIS2_PLACEMENT_3D('',#2667,#2668,#2669);
#2667 = CARTESIAN_POINT('',(-0.4,2.305,0.28));
#2668 = DIRECTION('',(0.,0.,-1.));
#2669 = DIRECTION('',(-1.,0.,0.));
#2670 = ADVANCED_FACE('',(#2671),#2730,.F.);
#2671 = FACE_BOUND('',#2672,.T.);
#2672 = EDGE_LOOP('',(#2673,#2674,#2675,#2683,#2692,#2700,#2708,#2716,
    #2722,#2723,#2729));
#2673 = ORIENTED_EDGE('',*,*,#2062,.F.);
#2674 = ORIENTED_EDGE('',*,*,#2121,.F.);
#2675 = ORIENTED_EDGE('',*,*,#2676,.T.);
#2676 = EDGE_CURVE('',#2114,#2677,#2679,.T.);
#2677 = VERTEX_POINT('',#2678);
#2678 = CARTESIAN_POINT('',(1.4,2.655,0.28));
#2679 = LINE('',#2680,#2681);
#2680 = CARTESIAN_POINT('',(1.4,2.305,0.28));
#2681 = VECTOR('',#2682,1.);
#2682 = DIRECTION('',(0.,1.,0.));
#2683 = ORIENTED_EDGE('',*,*,#2684,.T.);
#2684 = EDGE_CURVE('',#2677,#2685,#2687,.T.);
#2685 = VERTEX_POINT('',#2686);
#2686 = CARTESIAN_POINT('',(1.4,2.855,8.E-02));
#2687 = CIRCLE('',#2688,0.2);
#2688 = AXIS2_PLACEMENT_3D('',#2689,#2690,#2691);
#2689 = CARTESIAN_POINT('',(1.4,2.655,8.E-02));
#2690 = DIRECTION('',(-1.,0.,1.734723475977E-16));
#2691 = DIRECTION('',(-1.734723475977E-16,0.,-1.));
#2692 = ORIENTED_EDGE('',*,*,#2693,.F.);
#2693 = EDGE_CURVE('',#2694,#2685,#2696,.T.);
#2694 = VERTEX_POINT('',#2695);
#2695 = CARTESIAN_POINT('',(1.4,2.855,-2.E-02));
#2696 = LINE('',#2697,#2698);
#2697 = CARTESIAN_POINT('',(1.4,2.855,-2.E-02));
#2698 = VECTOR('',#2699,1.);
#2699 = DIRECTION('',(1.734723475977E-16,0.,1.));
#2700 = ORIENTED_EDGE('',*,*,#2701,.T.);
#2701 = EDGE_CURVE('',#2694,#2702,#2704,.T.);
#2702 = VERTEX_POINT('',#2703);
#2703 = CARTESIAN_POINT('',(1.4,2.125,-2.E-02));
#2704 = LINE('',#2705,#2706);
#2705 = CARTESIAN_POINT('',(1.4,2.855,-2.E-02));
#2706 = VECTOR('',#2707,1.);
#2707 = DIRECTION('',(0.,-1.,0.));
#2708 = ORIENTED_EDGE('',*,*,#2709,.T.);
#2709 = EDGE_CURVE('',#2702,#2710,#2712,.T.);
#2710 = VERTEX_POINT('',#2711);
#2711 = CARTESIAN_POINT('',(1.4,2.125,0.));
#2712 = LINE('',#2713,#2714);
#2713 = CARTESIAN_POINT('',(1.4,2.125,-2.E-02));
#2714 = VECTOR('',#2715,1.);
#2715 = DIRECTION('',(1.734723475977E-16,0.,1.));
#2716 = ORIENTED_EDGE('',*,*,#2717,.T.);
#2717 = EDGE_CURVE('',#2710,#2500,#2718,.T.);
#2718 = LINE('',#2719,#2720);
#2719 = CARTESIAN_POINT('',(1.4,2.125,-2.E-02));
#2720 = VECTOR('',#2721,1.);
#2721 = DIRECTION('',(1.734723475977E-16,0.,1.));
#2722 = ORIENTED_EDGE('',*,*,#2499,.F.);
#2723 = ORIENTED_EDGE('',*,*,#2724,.F.);
#2724 = EDGE_CURVE('',#2601,#2492,#2725,.T.);
#2725 = LINE('',#2726,#2727);
#2726 = CARTESIAN_POINT('',(1.399999968708,1.825,2.735));
#2727 = VECTOR('',#2728,1.);
#2728 = DIRECTION('',(0.,0.,-1.));
#2729 = ORIENTED_EDGE('',*,*,#2600,.F.);
#2730 = PLANE('',#2731);
#2731 = AXIS2_PLACEMENT_3D('',#2732,#2733,#2734);
#2732 = CARTESIAN_POINT('',(1.4,2.855,-2.E-02));
#2733 = DIRECTION('',(1.,0.,-1.734723475977E-16));
#2734 = DIRECTION('',(-1.734723475977E-16,0.,-1.));
#2735 = ADVANCED_FACE('',(#2736),#2747,.F.);
#2736 = FACE_BOUND('',#2737,.T.);
#2737 = EDGE_LOOP('',(#2738,#2739,#2740,#2746));
#2738 = ORIENTED_EDGE('',*,*,#2113,.T.);
#2739 = ORIENTED_EDGE('',*,*,#2201,.T.);
#2740 = ORIENTED_EDGE('',*,*,#2741,.T.);
#2741 = EDGE_CURVE('',#2193,#2677,#2742,.T.);
#2742 = LINE('',#2743,#2744);
#2743 = CARTESIAN_POINT('',(1.6,2.655,0.28));
#2744 = VECTOR('',#2745,1.);
#2745 = DIRECTION('',(-1.,0.,0.));
#2746 = ORIENTED_EDGE('',*,*,#2676,.F.);
#2747 = PLANE('',#2748);
#2748 = AXIS2_PLACEMENT_3D('',#2749,#2750,#2751);
#2749 = CARTESIAN_POINT('',(1.6,2.305,0.28));
#2750 = DIRECTION('',(0.,0.,-1.));
#2751 = DIRECTION('',(-1.,0.,0.));
#2752 = ADVANCED_FACE('',(#2753),#2764,.F.);
#2753 = FACE_BOUND('',#2754,.T.);
#2754 = EDGE_LOOP('',(#2755,#2756,#2757,#2763));
#2755 = ORIENTED_EDGE('',*,*,#1739,.T.);
#2756 = ORIENTED_EDGE('',*,*,#2444,.T.);
#2757 = ORIENTED_EDGE('',*,*,#2758,.T.);
#2758 = EDGE_CURVE('',#2436,#1652,#2759,.T.);
#2759 = LINE('',#2760,#2761);
#2760 = CARTESIAN_POINT('',(-1.4,2.655,0.28));
#2761 = VECTOR('',#2762,1.);
#2762 = DIRECTION('',(-1.,0.,0.));
#2763 = ORIENTED_EDGE('',*,*,#1651,.F.);
#2764 = PLANE('',#2765);
#2765 = AXIS2_PLACEMENT_3D('',#2766,#2767,#2768);
#2766 = CARTESIAN_POINT('',(-1.4,2.305,0.28));
#2767 = DIRECTION('',(0.,0.,-1.));
#2768 = DIRECTION('',(-1.,0.,0.));
#2769 = ADVANCED_FACE('',(#2770),#2827,.F.);
#2770 = FACE_BOUND('',#2771,.T.);
#2771 = EDGE_LOOP('',(#2772,#2780,#2781,#2789,#2797,#2805,#2813,#2821));
#2772 = ORIENTED_EDGE('',*,*,#2773,.T.);
#2773 = EDGE_CURVE('',#2774,#1555,#2776,.T.);
#2774 = VERTEX_POINT('',#2775);
#2775 = CARTESIAN_POINT('',(-3.5,1.825,0.399999936819));
#2776 = LINE('',#2777,#2778);
#2777 = CARTESIAN_POINT('',(-3.36,1.825,0.4));
#2778 = VECTOR('',#2779,1.);
#2779 = DIRECTION('',(1.,0.,0.));
#2780 = ORIENTED_EDGE('',*,*,#1554,.F.);
#2781 = ORIENTED_EDGE('',*,*,#2782,.F.);
#2782 = EDGE_CURVE('',#2783,#1547,#2785,.T.);
#2783 = VERTEX_POINT('',#2784);
#2784 = CARTESIAN_POINT('',(-3.12,-2.105,0.4));
#2785 = LINE('',#2786,#2787);
#2786 = CARTESIAN_POINT('',(-3.12,-2.105,0.4));
#2787 = VECTOR('',#2788,1.);
#2788 = DIRECTION('',(-1.,-4.336808689942E-15,0.));
#2789 = ORIENTED_EDGE('',*,*,#2790,.F.);
#2790 = EDGE_CURVE('',#2791,#2783,#2793,.T.);
#2791 = VERTEX_POINT('',#2792);
#2792 = CARTESIAN_POINT('',(-3.12,2.125,0.4));
#2793 = LINE('',#2794,#2795);
#2794 = CARTESIAN_POINT('',(-3.12,1.575,0.4));
#2795 = VECTOR('',#2796,1.);
#2796 = DIRECTION('',(0.,-1.,0.));
#2797 = ORIENTED_EDGE('',*,*,#2798,.F.);
#2798 = EDGE_CURVE('',#2799,#2791,#2801,.T.);
#2799 = VERTEX_POINT('',#2800);
#2800 = CARTESIAN_POINT('',(-3.1,2.125,0.4));
#2801 = LINE('',#2802,#2803);
#2802 = CARTESIAN_POINT('',(-3.5,2.125,0.4));
#2803 = VECTOR('',#2804,1.);
#2804 = DIRECTION('',(-1.,0.,0.));
#2805 = ORIENTED_EDGE('',*,*,#2806,.T.);
#2806 = EDGE_CURVE('',#2799,#2807,#2809,.T.);
#2807 = VERTEX_POINT('',#2808);
#2808 = CARTESIAN_POINT('',(-3.1,-2.125,0.4));
#2809 = LINE('',#2810,#2811);
#2810 = CARTESIAN_POINT('',(-3.1,1.575,0.4));
#2811 = VECTOR('',#2812,1.);
#2812 = DIRECTION('',(0.,-1.,0.));
#2813 = ORIENTED_EDGE('',*,*,#2814,.T.);
#2814 = EDGE_CURVE('',#2807,#2815,#2817,.T.);
#2815 = VERTEX_POINT('',#2816);
#2816 = CARTESIAN_POINT('',(-3.5,-2.125,0.4));
#2817 = LINE('',#2818,#2819);
#2818 = CARTESIAN_POINT('',(-3.5,-2.125,0.4));
#2819 = VECTOR('',#2820,1.);
#2820 = DIRECTION('',(-1.,0.,0.));
#2821 = ORIENTED_EDGE('',*,*,#2822,.F.);
#2822 = EDGE_CURVE('',#2774,#2815,#2823,.T.);
#2823 = LINE('',#2824,#2825);
#2824 = CARTESIAN_POINT('',(-3.5,1.575,0.4));
#2825 = VECTOR('',#2826,1.);
#2826 = DIRECTION('',(0.,-1.,0.));
#2827 = PLANE('',#2828);
#2828 = AXIS2_PLACEMENT_3D('',#2829,#2830,#2831);
#2829 = CARTESIAN_POINT('',(-3.5,1.575,0.4));
#2830 = DIRECTION('',(0.,0.,1.));
#2831 = DIRECTION('',(1.,0.,-0.));
#2832 = ADVANCED_FACE('',(#2833),#2851,.T.);
#2833 = FACE_BOUND('',#2834,.T.);
#2834 = EDGE_LOOP('',(#2835,#2843,#2849,#2850));
#2835 = ORIENTED_EDGE('',*,*,#2836,.T.);
#2836 = EDGE_CURVE('',#1507,#2837,#2839,.T.);
#2837 = VERTEX_POINT('',#2838);
#2838 = CARTESIAN_POINT('',(3.22,-2.105,0.));
#2839 = LINE('',#2840,#2841);
#2840 = CARTESIAN_POINT('',(3.22,-2.105,0.));
#2841 = VECTOR('',#2842,1.);
#2842 = DIRECTION('',(0.,-1.,0.));
#2843 = ORIENTED_EDGE('',*,*,#2844,.T.);
#2844 = EDGE_CURVE('',#2837,#1452,#2845,.T.);
#2845 = LINE('',#2846,#2847);
#2846 = CARTESIAN_POINT('',(3.12,-2.105,0.));
#2847 = VECTOR('',#2848,1.);
#2848 = DIRECTION('',(-1.,0.,0.));
#2849 = ORIENTED_EDGE('',*,*,#1451,.T.);
#2850 = ORIENTED_EDGE('',*,*,#1514,.T.);
#2851 = PLANE('',#2852);
#2852 = AXIS2_PLACEMENT_3D('',#2853,#2854,#2855);
#2853 = CARTESIAN_POINT('',(0.,0.,0.));
#2854 = DIRECTION('',(0.,0.,-1.));
#2855 = DIRECTION('',(-1.,0.,0.));
#2856 = ADVANCED_FACE('',(#2857),#2884,.F.);
#2857 = FACE_BOUND('',#2858,.T.);
#2858 = EDGE_LOOP('',(#2859,#2860,#2868,#2876,#2882,#2883));
#2859 = ORIENTED_EDGE('',*,*,#1372,.T.);
#2860 = ORIENTED_EDGE('',*,*,#2861,.F.);
#2861 = EDGE_CURVE('',#2862,#1363,#2864,.T.);
#2862 = VERTEX_POINT('',#2863);
#2863 = CARTESIAN_POINT('',(3.22,1.825,0.399999936819));
#2864 = LINE('',#2865,#2866);
#2865 = CARTESIAN_POINT('',(3.22,1.825,1.545));
#2866 = VECTOR('',#2867,1.);
#2867 = DIRECTION('',(0.,0.,1.));
#2868 = ORIENTED_EDGE('',*,*,#2869,.T.);
#2869 = EDGE_CURVE('',#2862,#2870,#2872,.T.);
#2870 = VERTEX_POINT('',#2871);
#2871 = CARTESIAN_POINT('',(3.22,-2.105,0.4));
#2872 = LINE('',#2873,#2874);
#2873 = CARTESIAN_POINT('',(3.22,1.575,0.4));
#2874 = VECTOR('',#2875,1.);
#2875 = DIRECTION('',(0.,-1.,0.));
#2876 = ORIENTED_EDGE('',*,*,#2877,.F.);
#2877 = EDGE_CURVE('',#2837,#2870,#2878,.T.);
#2878 = LINE('',#2879,#2880);
#2879 = CARTESIAN_POINT('',(3.22,-2.105,0.));
#2880 = VECTOR('',#2881,1.);
#2881 = DIRECTION('',(0.,0.,1.));
#2882 = ORIENTED_EDGE('',*,*,#2836,.F.);
#2883 = ORIENTED_EDGE('',*,*,#1506,.T.);
#2884 = PLANE('',#2885);
#2885 = AXIS2_PLACEMENT_3D('',#2886,#2887,#2888);
#2886 = CARTESIAN_POINT('',(3.22,-2.105,0.));
#2887 = DIRECTION('',(-1.,0.,0.));
#2888 = DIRECTION('',(0.,0.,1.));
#2889 = ADVANCED_FACE('',(#2890),#2908,.F.);
#2890 = FACE_BOUND('',#2891,.T.);
#2891 = EDGE_LOOP('',(#2892,#2900,#2906,#2907));
#2892 = ORIENTED_EDGE('',*,*,#2893,.T.);
#2893 = EDGE_CURVE('',#1578,#2894,#2896,.T.);
#2894 = VERTEX_POINT('',#2895);
#2895 = CARTESIAN_POINT('',(-3.12,-2.105,0.));
#2896 = LINE('',#2897,#2898);
#2897 = CARTESIAN_POINT('',(-3.12,-2.105,0.));
#2898 = VECTOR('',#2899,1.);
#2899 = DIRECTION('',(0.,-1.,0.));
#2900 = ORIENTED_EDGE('',*,*,#2901,.T.);
#2901 = EDGE_CURVE('',#2894,#1539,#2902,.T.);
#2902 = LINE('',#2903,#2904);
#2903 = CARTESIAN_POINT('',(-3.12,-2.105,0.));
#2904 = VECTOR('',#2905,1.);
#2905 = DIRECTION('',(-1.,-4.336808689942E-15,0.));
#2906 = ORIENTED_EDGE('',*,*,#1538,.T.);
#2907 = ORIENTED_EDGE('',*,*,#1585,.F.);
#2908 = PLANE('',#2909);
#2909 = AXIS2_PLACEMENT_3D('',#2910,#2911,#2912);
#2910 = CARTESIAN_POINT('',(0.,0.,0.));
#2911 = DIRECTION('',(0.,0.,1.));
#2912 = DIRECTION('',(1.,0.,-0.));
#2913 = ADVANCED_FACE('',(#2914),#2939,.F.);
#2914 = FACE_BOUND('',#2915,.T.);
#2915 = EDGE_LOOP('',(#2916,#2917,#2923,#2924,#2930,#2931,#2937,#2938));
#2916 = ORIENTED_EDGE('',*,*,#1412,.T.);
#2917 = ORIENTED_EDGE('',*,*,#2918,.F.);
#2918 = EDGE_CURVE('',#2469,#1403,#2919,.T.);
#2919 = LINE('',#2920,#2921);
#2920 = CARTESIAN_POINT('',(-3.12,1.825,1.545));
#2921 = VECTOR('',#2922,1.);
#2922 = DIRECTION('',(0.,0.,1.));
#2923 = ORIENTED_EDGE('',*,*,#2468,.F.);
#2924 = ORIENTED_EDGE('',*,*,#2925,.F.);
#2925 = EDGE_CURVE('',#2791,#2461,#2926,.T.);
#2926 = LINE('',#2927,#2928);
#2927 = CARTESIAN_POINT('',(-3.12,2.125,1.545));
#2928 = VECTOR('',#2929,1.);
#2929 = DIRECTION('',(0.,0.,1.));
#2930 = ORIENTED_EDGE('',*,*,#2790,.T.);
#2931 = ORIENTED_EDGE('',*,*,#2932,.F.);
#2932 = EDGE_CURVE('',#2894,#2783,#2933,.T.);
#2933 = LINE('',#2934,#2935);
#2934 = CARTESIAN_POINT('',(-3.12,-2.105,0.));
#2935 = VECTOR('',#2936,1.);
#2936 = DIRECTION('',(0.,0.,1.));
#2937 = ORIENTED_EDGE('',*,*,#2893,.F.);
#2938 = ORIENTED_EDGE('',*,*,#1577,.T.);
#2939 = PLANE('',#2940);
#2940 = AXIS2_PLACEMENT_3D('',#2941,#2942,#2943);
#2941 = CARTESIAN_POINT('',(-3.12,-2.105,0.));
#2942 = DIRECTION('',(-1.,0.,0.));
#2943 = DIRECTION('',(0.,0.,1.));
#2944 = ADVANCED_FACE('',(#2945),#2965,.F.);
#2945 = FACE_BOUND('',#2946,.T.);
#2946 = EDGE_LOOP('',(#2947,#2948,#2949,#2950,#2958,#2964));
#2947 = ORIENTED_EDGE('',*,*,#2925,.T.);
#2948 = ORIENTED_EDGE('',*,*,#2460,.T.);
#2949 = ORIENTED_EDGE('',*,*,#1692,.F.);
#2950 = ORIENTED_EDGE('',*,*,#2951,.T.);
#2951 = EDGE_CURVE('',#1685,#2952,#2954,.T.);
#2952 = VERTEX_POINT('',#2953);
#2953 = CARTESIAN_POINT('',(-3.1,2.125,0.));
#2954 = LINE('',#2955,#2956);
#2955 = CARTESIAN_POINT('',(-3.5,2.125,0.));
#2956 = VECTOR('',#2957,1.);
#2957 = DIRECTION('',(-1.,0.,0.));
#2958 = ORIENTED_EDGE('',*,*,#2959,.T.);
#2959 = EDGE_CURVE('',#2952,#2799,#2960,.T.);
#2960 = LINE('',#2961,#2962);
#2961 = CARTESIAN_POINT('',(-3.1,2.125,3.09));
#2962 = VECTOR('',#2963,1.);
#2963 = DIRECTION('',(0.,0.,1.));
#2964 = ORIENTED_EDGE('',*,*,#2798,.T.);
#2965 = PLANE('',#2966);
#2966 = AXIS2_PLACEMENT_3D('',#2967,#2968,#2969);
#2967 = CARTESIAN_POINT('',(-3.5,2.125,3.09));
#2968 = DIRECTION('',(0.,-1.,0.));
#2969 = DIRECTION('',(0.,0.,-1.));
#2970 = ADVANCED_FACE('',(#2971),#3032,.F.);
#2971 = FACE_BOUND('',#2972,.T.);
#2972 = EDGE_LOOP('',(#2973,#2974,#2980,#2981,#2982,#2983,#2984,#2985,
    #2986,#2987,#2988,#2989,#2990,#2991,#2992,#3000,#3008,#3016,#3022,
    #3023,#3024,#3025,#3026,#3027,#3028,#3029,#3030,#3031));
#2973 = ORIENTED_EDGE('',*,*,#2016,.T.);
#2974 = ORIENTED_EDGE('',*,*,#2975,.T.);
#2975 = EDGE_CURVE('',#2009,#2307,#2976,.T.);
#2976 = LINE('',#2977,#2978);
#2977 = CARTESIAN_POINT('',(-3.5,1.825,2.09));
#2978 = VECTOR('',#2979,1.);
#2979 = DIRECTION('',(-1.,0.,0.));
#2980 = ORIENTED_EDGE('',*,*,#2306,.T.);
#2981 = ORIENTED_EDGE('',*,*,#2584,.T.);
#2982 = ORIENTED_EDGE('',*,*,#1862,.T.);
#2983 = ORIENTED_EDGE('',*,*,#2551,.T.);
#2984 = ORIENTED_EDGE('',*,*,#2387,.T.);
#2985 = ORIENTED_EDGE('',*,*,#2625,.T.);
#2986 = ORIENTED_EDGE('',*,*,#1708,.T.);
#2987 = ORIENTED_EDGE('',*,*,#2476,.T.);
#2988 = ORIENTED_EDGE('',*,*,#2918,.T.);
#2989 = ORIENTED_EDGE('',*,*,#1402,.T.);
#2990 = ORIENTED_EDGE('',*,*,#1562,.T.);
#2991 = ORIENTED_EDGE('',*,*,#2773,.F.);
#2992 = ORIENTED_EDGE('',*,*,#2993,.F.);
#2993 = EDGE_CURVE('',#2994,#2774,#2996,.T.);
#2994 = VERTEX_POINT('',#2995);
#2995 = CARTESIAN_POINT('',(-3.5,1.825,3.09));
#2996 = LINE('',#2997,#2998);
#2997 = CARTESIAN_POINT('',(-3.5,1.825,3.09));
#2998 = VECTOR('',#2999,1.);
#2999 = DIRECTION('',(0.,0.,-1.));
#3000 = ORIENTED_EDGE('',*,*,#3001,.F.);
#3001 = EDGE_CURVE('',#3002,#2994,#3004,.T.);
#3002 = VERTEX_POINT('',#3003);
#3003 = CARTESIAN_POINT('',(3.5,1.825,3.09));
#3004 = LINE('',#3005,#3006);
#3005 = CARTESIAN_POINT('',(1.75,1.825,3.09));
#3006 = VECTOR('',#3007,1.);
#3007 = DIRECTION('',(-1.,0.,0.));
#3008 = ORIENTED_EDGE('',*,*,#3009,.F.);
#3009 = EDGE_CURVE('',#3010,#3002,#3012,.T.);
#3010 = VERTEX_POINT('',#3011);
#3011 = CARTESIAN_POINT('',(3.5,1.825,0.399999936819));
#3012 = LINE('',#3013,#3014);
#3013 = CARTESIAN_POINT('',(3.5,1.825,3.09));
#3014 = VECTOR('',#3015,1.);
#3015 = DIRECTION('',(0.,0.,1.));
#3016 = ORIENTED_EDGE('',*,*,#3017,.F.);
#3017 = EDGE_CURVE('',#2862,#3010,#3018,.T.);
#3018 = LINE('',#3019,#3020);
#3019 = CARTESIAN_POINT('',(3.5,1.825,0.4));
#3020 = VECTOR('',#3021,1.);
#3021 = DIRECTION('',(1.,0.,0.));
#3022 = ORIENTED_EDGE('',*,*,#2861,.T.);
#3023 = ORIENTED_EDGE('',*,*,#1362,.T.);
#3024 = ORIENTED_EDGE('',*,*,#1491,.T.);
#3025 = ORIENTED_EDGE('',*,*,#2522,.T.);
#3026 = ORIENTED_EDGE('',*,*,#2144,.T.);
#3027 = ORIENTED_EDGE('',*,*,#2608,.T.);
#3028 = ORIENTED_EDGE('',*,*,#2724,.T.);
#3029 = ORIENTED_EDGE('',*,*,#2491,.T.);
#3030 = ORIENTED_EDGE('',*,*,#2225,.T.);
#3031 = ORIENTED_EDGE('',*,*,#2567,.T.);
#3032 = PLANE('',#3033);
#3033 = AXIS2_PLACEMENT_3D('',#3034,#3035,#3036);
#3034 = CARTESIAN_POINT('',(3.5,1.825,3.09));
#3035 = DIRECTION('',(0.,-1.,0.));
#3036 = DIRECTION('',(-1.,0.,0.));
#3037 = ADVANCED_FACE('',(#3038),#3049,.F.);
#3038 = FACE_BOUND('',#3039,.T.);
#3039 = EDGE_LOOP('',(#3040,#3041,#3047,#3048));
#3040 = ORIENTED_EDGE('',*,*,#2008,.T.);
#3041 = ORIENTED_EDGE('',*,*,#3042,.F.);
#3042 = EDGE_CURVE('',#2315,#2001,#3043,.T.);
#3043 = LINE('',#3044,#3045);
#3044 = CARTESIAN_POINT('',(-1.75,2.125,2.09));
#3045 = VECTOR('',#3046,1.);
#3046 = DIRECTION('',(1.,0.,0.));
#3047 = ORIENTED_EDGE('',*,*,#2314,.T.);
#3048 = ORIENTED_EDGE('',*,*,#2975,.F.);
#3049 = PLANE('',#3050);
#3050 = AXIS2_PLACEMENT_3D('',#3051,#3052,#3053);
#3051 = CARTESIAN_POINT('',(0.,0.,2.09));
#3052 = DIRECTION('',(0.,0.,-1.));
#3053 = DIRECTION('',(-1.,0.,0.));
#3054 = ADVANCED_FACE('',(#3055),#3066,.F.);
#3055 = FACE_BOUND('',#3056,.T.);
#3056 = EDGE_LOOP('',(#3057,#3058,#3059,#3065));
#3057 = ORIENTED_EDGE('',*,*,#2507,.T.);
#3058 = ORIENTED_EDGE('',*,*,#2717,.F.);
#3059 = ORIENTED_EDGE('',*,*,#3060,.T.);
#3060 = EDGE_CURVE('',#2710,#2242,#3061,.T.);
#3061 = LINE('',#3062,#3063);
#3062 = CARTESIAN_POINT('',(-3.5,2.125,0.));
#3063 = VECTOR('',#3064,1.);
#3064 = DIRECTION('',(-1.,0.,0.));
#3065 = ORIENTED_EDGE('',*,*,#2241,.F.);
#3066 = PLANE('',#3067);
#3067 = AXIS2_PLACEMENT_3D('',#3068,#3069,#3070);
#3068 = CARTESIAN_POINT('',(-3.5,2.125,3.09));
#3069 = DIRECTION('',(0.,-1.,0.));
#3070 = DIRECTION('',(0.,0.,-1.));
#3071 = ADVANCED_FACE('',(#3072),#3099,.F.);
#3072 = FACE_BOUND('',#3073,.T.);
#3073 = EDGE_LOOP('',(#3074,#3075,#3083,#3091,#3097,#3098));
#3074 = ORIENTED_EDGE('',*,*,#1475,.T.);
#3075 = ORIENTED_EDGE('',*,*,#3076,.T.);
#3076 = EDGE_CURVE('',#1468,#3077,#3079,.T.);
#3077 = VERTEX_POINT('',#3078);
#3078 = CARTESIAN_POINT('',(3.1,2.125,0.4));
#3079 = LINE('',#3080,#3081);
#3080 = CARTESIAN_POINT('',(-3.5,2.125,0.4));
#3081 = VECTOR('',#3082,1.);
#3082 = DIRECTION('',(-1.,0.,0.));
#3083 = ORIENTED_EDGE('',*,*,#3084,.T.);
#3084 = EDGE_CURVE('',#3077,#3085,#3087,.T.);
#3085 = VERTEX_POINT('',#3086);
#3086 = CARTESIAN_POINT('',(3.1,2.125,0.));
#3087 = LINE('',#3088,#3089);
#3088 = CARTESIAN_POINT('',(3.1,2.125,3.09));
#3089 = VECTOR('',#3090,1.);
#3090 = DIRECTION('',(0.,0.,-1.));
#3091 = ORIENTED_EDGE('',*,*,#3092,.T.);
#3092 = EDGE_CURVE('',#3085,#2161,#3093,.T.);
#3093 = LINE('',#3094,#3095);
#3094 = CARTESIAN_POINT('',(-3.5,2.125,0.));
#3095 = VECTOR('',#3096,1.);
#3096 = DIRECTION('',(-1.,0.,0.));
#3097 = ORIENTED_EDGE('',*,*,#2160,.F.);
#3098 = ORIENTED_EDGE('',*,*,#2529,.T.);
#3099 = PLANE('',#3100);
#3100 = AXIS2_PLACEMENT_3D('',#3101,#3102,#3103);
#3101 = CARTESIAN_POINT('',(-3.5,2.125,3.09));
#3102 = DIRECTION('',(0.,-1.,0.));
#3103 = DIRECTION('',(0.,0.,-1.));
#3104 = ADVANCED_FACE('',(#3105),#3116,.F.);
#3105 = FACE_BOUND('',#3106,.T.);
#3106 = EDGE_LOOP('',(#3107,#3108,#3109,#3115));
#3107 = ORIENTED_EDGE('',*,*,#2544,.T.);
#3108 = ORIENTED_EDGE('',*,*,#1846,.F.);
#3109 = ORIENTED_EDGE('',*,*,#3110,.T.);
#3110 = EDGE_CURVE('',#1839,#2404,#3111,.T.);
#3111 = LINE('',#3112,#3113);
#3112 = CARTESIAN_POINT('',(-3.5,2.125,0.));
#3113 = VECTOR('',#3114,1.);
#3114 = DIRECTION('',(-1.,0.,0.));
#3115 = ORIENTED_EDGE('',*,*,#2403,.F.);
#3116 = PLANE('',#3117);
#3117 = AXIS2_PLACEMENT_3D('',#3118,#3119,#3120);
#3118 = CARTESIAN_POINT('',(-3.5,2.125,3.09));
#3119 = DIRECTION('',(0.,-1.,0.));
#3120 = DIRECTION('',(0.,0.,-1.));
#3121 = ADVANCED_FACE('',(#3122),#3133,.F.);
#3122 = FACE_BOUND('',#3123,.T.);
#3123 = EDGE_LOOP('',(#3124,#3125,#3126,#3132));
#3124 = ORIENTED_EDGE('',*,*,#3042,.T.);
#3125 = ORIENTED_EDGE('',*,*,#2000,.F.);
#3126 = ORIENTED_EDGE('',*,*,#3127,.T.);
#3127 = EDGE_CURVE('',#1993,#2323,#3128,.T.);
#3128 = LINE('',#3129,#3130);
#3129 = CARTESIAN_POINT('',(-3.5,2.125,0.));
#3130 = VECTOR('',#3131,1.);
#3131 = DIRECTION('',(-1.,0.,0.));
#3132 = ORIENTED_EDGE('',*,*,#2322,.F.);
#3133 = PLANE('',#3134);
#3134 = AXIS2_PLACEMENT_3D('',#3135,#3136,#3137);
#3135 = CARTESIAN_POINT('',(-3.5,2.125,3.09));
#3136 = DIRECTION('',(0.,-1.,0.));
#3137 = DIRECTION('',(0.,0.,-1.));
#3138 = ADVANCED_FACE('',(#3139),#3164,.F.);
#3139 = FACE_BOUND('',#3140,.T.);
#3140 = EDGE_LOOP('',(#3141,#3142,#3150,#3158));
#3141 = ORIENTED_EDGE('',*,*,#3009,.T.);
#3142 = ORIENTED_EDGE('',*,*,#3143,.F.);
#3143 = EDGE_CURVE('',#3144,#3002,#3146,.T.);
#3144 = VERTEX_POINT('',#3145);
#3145 = CARTESIAN_POINT('',(3.5,-2.125,3.09));
#3146 = LINE('',#3147,#3148);
#3147 = CARTESIAN_POINT('',(3.5,-2.125,3.09));
#3148 = VECTOR('',#3149,1.);
#3149 = DIRECTION('',(0.,1.,0.));
#3150 = ORIENTED_EDGE('',*,*,#3151,.T.);
#3151 = EDGE_CURVE('',#3144,#3152,#3154,.T.);
#3152 = VERTEX_POINT('',#3153);
#3153 = CARTESIAN_POINT('',(3.5,-2.125,0.4));
#3154 = LINE('',#3155,#3156);
#3155 = CARTESIAN_POINT('',(3.5,-2.125,3.09));
#3156 = VECTOR('',#3157,1.);
#3157 = DIRECTION('',(0.,0.,-1.));
#3158 = ORIENTED_EDGE('',*,*,#3159,.F.);
#3159 = EDGE_CURVE('',#3010,#3152,#3160,.T.);
#3160 = LINE('',#3161,#3162);
#3161 = CARTESIAN_POINT('',(3.5,1.575,0.4));
#3162 = VECTOR('',#3163,1.);
#3163 = DIRECTION('',(0.,-1.,0.));
#3164 = PLANE('',#3165);
#3165 = AXIS2_PLACEMENT_3D('',#3166,#3167,#3168);
#3166 = CARTESIAN_POINT('',(3.5,-2.125,3.09));
#3167 = DIRECTION('',(-1.,0.,0.));
#3168 = DIRECTION('',(0.,0.,1.));
#3169 = ADVANCED_FACE('',(#3170),#3206,.T.);
#3170 = FACE_BOUND('',#3171,.T.);
#3171 = EDGE_LOOP('',(#3172,#3183,#3191,#3200));
#3172 = ORIENTED_EDGE('',*,*,#3173,.T.);
#3173 = EDGE_CURVE('',#3174,#3176,#3178,.T.);
#3174 = VERTEX_POINT('',#3175);
#3175 = CARTESIAN_POINT('',(3.,-2.125,1.25));
#3176 = VERTEX_POINT('',#3177);
#3177 = CARTESIAN_POINT('',(3.05,-2.125,1.3));
#3178 = CIRCLE('',#3179,5.E-02);
#3179 = AXIS2_PLACEMENT_3D('',#3180,#3181,#3182);
#3180 = CARTESIAN_POINT('',(3.05,-2.125,1.25));
#3181 = DIRECTION('',(0.,1.,0.));
#3182 = DIRECTION('',(-0.707106781187,0.,0.707106781187));
#3183 = ORIENTED_EDGE('',*,*,#3184,.T.);
#3184 = EDGE_CURVE('',#3176,#3185,#3187,.T.);
#3185 = VERTEX_POINT('',#3186);
#3186 = CARTESIAN_POINT('',(3.05,1.575,1.3));
#3187 = LINE('',#3188,#3189);
#3188 = CARTESIAN_POINT('',(3.05,1.575,1.3));
#3189 = VECTOR('',#3190,1.);
#3190 = DIRECTION('',(0.,1.,0.));
#3191 = ORIENTED_EDGE('',*,*,#3192,.F.);
#3192 = EDGE_CURVE('',#3193,#3185,#3195,.T.);
#3193 = VERTEX_POINT('',#3194);
#3194 = CARTESIAN_POINT('',(3.,1.575,1.25));
#3195 = CIRCLE('',#3196,5.E-02);
#3196 = AXIS2_PLACEMENT_3D('',#3197,#3198,#3199);
#3197 = CARTESIAN_POINT('',(3.05,1.575,1.25));
#3198 = DIRECTION('',(0.,1.,0.));
#3199 = DIRECTION('',(-0.707106781187,0.,0.707106781187));
#3200 = ORIENTED_EDGE('',*,*,#3201,.T.);
#3201 = EDGE_CURVE('',#3193,#3174,#3202,.T.);
#3202 = LINE('',#3203,#3204);
#3203 = CARTESIAN_POINT('',(3.,1.575,1.25));
#3204 = VECTOR('',#3205,1.);
#3205 = DIRECTION('',(0.,-1.,0.));
#3206 = CYLINDRICAL_SURFACE('',#3207,5.E-02);
#3207 = AXIS2_PLACEMENT_3D('',#3208,#3209,#3210);
#3208 = CARTESIAN_POINT('',(3.05,1.575,1.25));
#3209 = DIRECTION('',(0.,-1.,0.));
#3210 = DIRECTION('',(-0.707106781187,0.,0.707106781187));
#3211 = ADVANCED_FACE('',(#3212),#3237,.F.);
#3212 = FACE_BOUND('',#3213,.T.);
#3213 = EDGE_LOOP('',(#3214,#3215,#3223,#3231));
#3214 = ORIENTED_EDGE('',*,*,#3184,.F.);
#3215 = ORIENTED_EDGE('',*,*,#3216,.T.);
#3216 = EDGE_CURVE('',#3176,#3217,#3219,.T.);
#3217 = VERTEX_POINT('',#3218);
#3218 = CARTESIAN_POINT('',(3.15,-2.125,1.3));
#3219 = LINE('',#3220,#3221);
#3220 = CARTESIAN_POINT('',(3.2,-2.125,1.3));
#3221 = VECTOR('',#3222,1.);
#3222 = DIRECTION('',(1.,0.,0.));
#3223 = ORIENTED_EDGE('',*,*,#3224,.F.);
#3224 = EDGE_CURVE('',#3225,#3217,#3227,.T.);
#3225 = VERTEX_POINT('',#3226);
#3226 = CARTESIAN_POINT('',(3.15,1.575,1.3));
#3227 = LINE('',#3228,#3229);
#3228 = CARTESIAN_POINT('',(3.15,1.575,1.3));
#3229 = VECTOR('',#3230,1.);
#3230 = DIRECTION('',(0.,-1.,0.));
#3231 = ORIENTED_EDGE('',*,*,#3232,.F.);
#3232 = EDGE_CURVE('',#3185,#3225,#3233,.T.);
#3233 = LINE('',#3234,#3235);
#3234 = CARTESIAN_POINT('',(3.2,1.575,1.3));
#3235 = VECTOR('',#3236,1.);
#3236 = DIRECTION('',(1.,0.,0.));
#3237 = PLANE('',#3238);
#3238 = AXIS2_PLACEMENT_3D('',#3239,#3240,#3241);
#3239 = CARTESIAN_POINT('',(3.2,1.575,1.3));
#3240 = DIRECTION('',(0.,0.,-1.));
#3241 = DIRECTION('',(-1.,0.,0.));
#3242 = ADVANCED_FACE('',(#3243,#3291),#3444,.F.);
#3243 = FACE_BOUND('',#3244,.T.);
#3244 = EDGE_LOOP('',(#3245,#3253,#3254,#3262,#3270,#3278,#3284,#3285));
#3245 = ORIENTED_EDGE('',*,*,#3246,.T.);
#3246 = EDGE_CURVE('',#3247,#2815,#3249,.T.);
#3247 = VERTEX_POINT('',#3248);
#3248 = CARTESIAN_POINT('',(-3.5,-2.125,3.09));
#3249 = LINE('',#3250,#3251);
#3250 = CARTESIAN_POINT('',(-3.5,-2.125,3.09));
#3251 = VECTOR('',#3252,1.);
#3252 = DIRECTION('',(0.,0.,-1.));
#3253 = ORIENTED_EDGE('',*,*,#2814,.F.);
#3254 = ORIENTED_EDGE('',*,*,#3255,.F.);
#3255 = EDGE_CURVE('',#3256,#2807,#3258,.T.);
#3256 = VERTEX_POINT('',#3257);
#3257 = CARTESIAN_POINT('',(-3.1,-2.125,0.));
#3258 = LINE('',#3259,#3260);
#3259 = CARTESIAN_POINT('',(-3.1,-2.125,0.));
#3260 = VECTOR('',#3261,1.);
#3261 = DIRECTION('',(0.,0.,1.));
#3262 = ORIENTED_EDGE('',*,*,#3263,.T.);
#3263 = EDGE_CURVE('',#3256,#3264,#3266,.T.);
#3264 = VERTEX_POINT('',#3265);
#3265 = CARTESIAN_POINT('',(3.1,-2.125,0.));
#3266 = LINE('',#3267,#3268);
#3267 = CARTESIAN_POINT('',(-3.5,-2.125,0.));
#3268 = VECTOR('',#3269,1.);
#3269 = DIRECTION('',(1.,0.,0.));
#3270 = ORIENTED_EDGE('',*,*,#3271,.F.);
#3271 = EDGE_CURVE('',#3272,#3264,#3274,.T.);
#3272 = VERTEX_POINT('',#3273);
#3273 = CARTESIAN_POINT('',(3.1,-2.125,0.4));
#3274 = LINE('',#3275,#3276);
#3275 = CARTESIAN_POINT('',(3.1,-2.125,0.));
#3276 = VECTOR('',#3277,1.);
#3277 = DIRECTION('',(0.,0.,-1.));
#3278 = ORIENTED_EDGE('',*,*,#3279,.F.);
#3279 = EDGE_CURVE('',#3152,#3272,#3280,.T.);
#3280 = LINE('',#3281,#3282);
#3281 = CARTESIAN_POINT('',(3.5,-2.125,0.4));
#3282 = VECTOR('',#3283,1.);
#3283 = DIRECTION('',(-1.,0.,0.));
#3284 = ORIENTED_EDGE('',*,*,#3151,.F.);
#3285 = ORIENTED_EDGE('',*,*,#3286,.F.);
#3286 = EDGE_CURVE('',#3247,#3144,#3287,.T.);
#3287 = LINE('',#3288,#3289);
#3288 = CARTESIAN_POINT('',(-3.5,-2.125,3.09));
#3289 = VECTOR('',#3290,1.);
#3290 = DIRECTION('',(1.,0.,0.));
#3291 = FACE_BOUND('',#3292,.T.);
#3292 = EDGE_LOOP('',(#3293,#3294,#3302,#3310,#3318,#3327,#3335,#3344,
    #3352,#3361,#3369,#3378,#3386,#3394,#3402,#3411,#3419,#3428,#3436,
    #3443));
#3293 = ORIENTED_EDGE('',*,*,#3173,.F.);
#3294 = ORIENTED_EDGE('',*,*,#3295,.F.);
#3295 = EDGE_CURVE('',#3296,#3174,#3298,.T.);
#3296 = VERTEX_POINT('',#3297);
#3297 = CARTESIAN_POINT('',(3.,-2.125,0.3));
#3298 = LINE('',#3299,#3300);
#3299 = CARTESIAN_POINT('',(3.,-2.125,0.3));
#3300 = VECTOR('',#3301,1.);
#3301 = DIRECTION('',(-8.673617379884E-16,0.,1.));
#3302 = ORIENTED_EDGE('',*,*,#3303,.F.);
#3303 = EDGE_CURVE('',#3304,#3296,#3306,.T.);
#3304 = VERTEX_POINT('',#3305);
#3305 = CARTESIAN_POINT('',(-3.,-2.125,0.3));
#3306 = LINE('',#3307,#3308);
#3307 = CARTESIAN_POINT('',(-3.,-2.125,0.3));
#3308 = VECTOR('',#3309,1.);
#3309 = DIRECTION('',(1.,0.,1.264902534566E-16));
#3310 = ORIENTED_EDGE('',*,*,#3311,.F.);
#3311 = EDGE_CURVE('',#3312,#3304,#3314,.T.);
#3312 = VERTEX_POINT('',#3313);
#3313 = CARTESIAN_POINT('',(-3.,-2.125,1.25));
#3314 = LINE('',#3315,#3316);
#3315 = CARTESIAN_POINT('',(-3.,-2.125,0.3));
#3316 = VECTOR('',#3317,1.);
#3317 = DIRECTION('',(0.,0.,-1.));
#3318 = ORIENTED_EDGE('',*,*,#3319,.F.);
#3319 = EDGE_CURVE('',#3320,#3312,#3322,.T.);
#3320 = VERTEX_POINT('',#3321);
#3321 = CARTESIAN_POINT('',(-3.05,-2.125,1.3));
#3322 = CIRCLE('',#3323,5.E-02);
#3323 = AXIS2_PLACEMENT_3D('',#3324,#3325,#3326);
#3324 = CARTESIAN_POINT('',(-3.05,-2.125,1.25));
#3325 = DIRECTION('',(0.,1.,0.));
#3326 = DIRECTION('',(0.707106781187,-0.,0.707106781187));
#3327 = ORIENTED_EDGE('',*,*,#3328,.F.);
#3328 = EDGE_CURVE('',#3329,#3320,#3331,.T.);
#3329 = VERTEX_POINT('',#3330);
#3330 = CARTESIAN_POINT('',(-3.15,-2.125,1.3));
#3331 = LINE('',#3332,#3333);
#3332 = CARTESIAN_POINT('',(-3.,-2.125,1.3));
#3333 = VECTOR('',#3334,1.);
#3334 = DIRECTION('',(1.,0.,0.));
#3335 = ORIENTED_EDGE('',*,*,#3336,.F.);
#3336 = EDGE_CURVE('',#3337,#3329,#3339,.T.);
#3337 = VERTEX_POINT('',#3338);
#3338 = CARTESIAN_POINT('',(-3.2,-2.125,1.35));
#3339 = CIRCLE('',#3340,5.E-02);
#3340 = AXIS2_PLACEMENT_3D('',#3341,#3342,#3343);
#3341 = CARTESIAN_POINT('',(-3.15,-2.125,1.35));
#3342 = DIRECTION('',(0.,-1.,0.));
#3343 = DIRECTION('',(-0.707106781187,-0.,-0.707106781187));
#3344 = ORIENTED_EDGE('',*,*,#3345,.F.);
#3345 = EDGE_CURVE('',#3346,#3337,#3348,.T.);
#3346 = VERTEX_POINT('',#3347);
#3347 = CARTESIAN_POINT('',(-3.2,-2.125,1.745));
#3348 = LINE('',#3349,#3350);
#3349 = CARTESIAN_POINT('',(-3.2,-2.125,1.545));
#3350 = VECTOR('',#3351,1.);
#3351 = DIRECTION('',(0.,0.,-1.));
#3352 = ORIENTED_EDGE('',*,*,#3353,.F.);
#3353 = EDGE_CURVE('',#3354,#3346,#3356,.T.);
#3354 = VERTEX_POINT('',#3355);
#3355 = CARTESIAN_POINT('',(-3.15,-2.125,1.795));
#3356 = CIRCLE('',#3357,5.E-02);
#3357 = AXIS2_PLACEMENT_3D('',#3358,#3359,#3360);
#3358 = CARTESIAN_POINT('',(-3.15,-2.125,1.745));
#3359 = DIRECTION('',(0.,-1.,0.));
#3360 = DIRECTION('',(-0.707106781187,0.,0.707106781187));
#3361 = ORIENTED_EDGE('',*,*,#3362,.F.);
#3362 = EDGE_CURVE('',#3363,#3354,#3365,.T.);
#3363 = VERTEX_POINT('',#3364);
#3364 = CARTESIAN_POINT('',(-3.05,-2.125,1.795));
#3365 = LINE('',#3366,#3367);
#3366 = CARTESIAN_POINT('',(-3.,-2.125,1.795));
#3367 = VECTOR('',#3368,1.);
#3368 = DIRECTION('',(-1.,0.,0.));
#3369 = ORIENTED_EDGE('',*,*,#3370,.F.);
#3370 = EDGE_CURVE('',#3371,#3363,#3373,.T.);
#3371 = VERTEX_POINT('',#3372);
#3372 = CARTESIAN_POINT('',(-3.,-2.125,1.845));
#3373 = CIRCLE('',#3374,5.E-02);
#3374 = AXIS2_PLACEMENT_3D('',#3375,#3376,#3377);
#3375 = CARTESIAN_POINT('',(-3.05,-2.125,1.845));
#3376 = DIRECTION('',(0.,1.,0.));
#3377 = DIRECTION('',(0.707106781187,0.,-0.707106781187));
#3378 = ORIENTED_EDGE('',*,*,#3379,.F.);
#3379 = EDGE_CURVE('',#3380,#3371,#3382,.T.);
#3380 = VERTEX_POINT('',#3381);
#3381 = CARTESIAN_POINT('',(-3.,-2.125,2.79));
#3382 = LINE('',#3383,#3384);
#3383 = CARTESIAN_POINT('',(-3.,-2.125,1.795));
#3384 = VECTOR('',#3385,1.);
#3385 = DIRECTION('',(8.717203396868E-16,0.,-1.));
#3386 = ORIENTED_EDGE('',*,*,#3387,.F.);
#3387 = EDGE_CURVE('',#3388,#3380,#3390,.T.);
#3388 = VERTEX_POINT('',#3389);
#3389 = CARTESIAN_POINT('',(3.,-2.125,2.79));
#3390 = LINE('',#3391,#3392);
#3391 = CARTESIAN_POINT('',(-3.,-2.125,2.79));
#3392 = VECTOR('',#3393,1.);
#3393 = DIRECTION('',(-1.,0.,-1.445602896647E-16));
#3394 = ORIENTED_EDGE('',*,*,#3395,.F.);
#3395 = EDGE_CURVE('',#3396,#3388,#3398,.T.);
#3396 = VERTEX_POINT('',#3397);
#3397 = CARTESIAN_POINT('',(3.,-2.125,1.845));
#3398 = LINE('',#3399,#3400);
#3399 = CARTESIAN_POINT('',(3.,-2.125,1.795));
#3400 = VECTOR('',#3401,1.);
#3401 = DIRECTION('',(8.717203396868E-16,0.,1.));
#3402 = ORIENTED_EDGE('',*,*,#3403,.F.);
#3403 = EDGE_CURVE('',#3404,#3396,#3406,.T.);
#3404 = VERTEX_POINT('',#3405);
#3405 = CARTESIAN_POINT('',(3.05,-2.125,1.795));
#3406 = CIRCLE('',#3407,5.E-02);
#3407 = AXIS2_PLACEMENT_3D('',#3408,#3409,#3410);
#3408 = CARTESIAN_POINT('',(3.05,-2.125,1.845));
#3409 = DIRECTION('',(0.,1.,0.));
#3410 = DIRECTION('',(-0.707106781187,0.,-0.707106781187));
#3411 = ORIENTED_EDGE('',*,*,#3412,.F.);
#3412 = EDGE_CURVE('',#3413,#3404,#3415,.T.);
#3413 = VERTEX_POINT('',#3414);
#3414 = CARTESIAN_POINT('',(3.15,-2.125,1.795));
#3415 = LINE('',#3416,#3417);
#3416 = CARTESIAN_POINT('',(3.2,-2.125,1.795));
#3417 = VECTOR('',#3418,1.);
#3418 = DIRECTION('',(-1.,0.,0.));
#3419 = ORIENTED_EDGE('',*,*,#3420,.F.);
#3420 = EDGE_CURVE('',#3421,#3413,#3423,.T.);
#3421 = VERTEX_POINT('',#3422);
#3422 = CARTESIAN_POINT('',(3.2,-2.125,1.745));
#3423 = CIRCLE('',#3424,5.E-02);
#3424 = AXIS2_PLACEMENT_3D('',#3425,#3426,#3427);
#3425 = CARTESIAN_POINT('',(3.15,-2.125,1.745));
#3426 = DIRECTION('',(0.,-1.,0.));
#3427 = DIRECTION('',(0.707106781187,0.,0.707106781187));
#3428 = ORIENTED_EDGE('',*,*,#3429,.F.);
#3429 = EDGE_CURVE('',#3430,#3421,#3432,.T.);
#3430 = VERTEX_POINT('',#3431);
#3431 = CARTESIAN_POINT('',(3.2,-2.125,1.35));
#3432 = LINE('',#3433,#3434);
#3433 = CARTESIAN_POINT('',(3.2,-2.125,1.795));
#3434 = VECTOR('',#3435,1.);
#3435 = DIRECTION('',(0.,0.,1.));
#3436 = ORIENTED_EDGE('',*,*,#3437,.F.);
#3437 = EDGE_CURVE('',#3217,#3430,#3438,.T.);
#3438 = CIRCLE('',#3439,5.E-02);
#3439 = AXIS2_PLACEMENT_3D('',#3440,#3441,#3442);
#3440 = CARTESIAN_POINT('',(3.15,-2.125,1.35));
#3441 = DIRECTION('',(0.,-1.,0.));
#3442 = DIRECTION('',(0.707106781187,0.,-0.707106781187));
#3443 = ORIENTED_EDGE('',*,*,#3216,.F.);
#3444 = PLANE('',#3445);
#3445 = AXIS2_PLACEMENT_3D('',#3446,#3447,#3448);
#3446 = CARTESIAN_POINT('',(-3.5,-2.125,3.09));
#3447 = DIRECTION('',(0.,1.,0.));
#3448 = DIRECTION('',(0.,-0.,1.));
#3449 = ADVANCED_FACE('',(#3450),#3469,.F.);
#3450 = FACE_BOUND('',#3451,.F.);
#3451 = EDGE_LOOP('',(#3452,#3460,#3461,#3462));
#3452 = ORIENTED_EDGE('',*,*,#3453,.F.);
#3453 = EDGE_CURVE('',#3430,#3454,#3456,.T.);
#3454 = VERTEX_POINT('',#3455);
#3455 = CARTESIAN_POINT('',(3.2,1.575,1.35));
#3456 = LINE('',#3457,#3458);
#3457 = CARTESIAN_POINT('',(3.2,1.575,1.35));
#3458 = VECTOR('',#3459,1.);
#3459 = DIRECTION('',(0.,1.,0.));
#3460 = ORIENTED_EDGE('',*,*,#3437,.F.);
#3461 = ORIENTED_EDGE('',*,*,#3224,.F.);
#3462 = ORIENTED_EDGE('',*,*,#3463,.T.);
#3463 = EDGE_CURVE('',#3225,#3454,#3464,.T.);
#3464 = CIRCLE('',#3465,5.E-02);
#3465 = AXIS2_PLACEMENT_3D('',#3466,#3467,#3468);
#3466 = CARTESIAN_POINT('',(3.15,1.575,1.35));
#3467 = DIRECTION('',(0.,-1.,0.));
#3468 = DIRECTION('',(0.707106781187,0.,-0.707106781187));
#3469 = CYLINDRICAL_SURFACE('',#3470,5.E-02);
#3470 = AXIS2_PLACEMENT_3D('',#3471,#3472,#3473);
#3471 = CARTESIAN_POINT('',(3.15,1.575,1.35));
#3472 = DIRECTION('',(0.,-1.,0.));
#3473 = DIRECTION('',(0.707106781187,0.,-0.707106781187));
#3474 = ADVANCED_FACE('',(#3475,#3620,#3654,#3688,#3722),#3756,.F.);
#3475 = FACE_BOUND('',#3476,.T.);
#3476 = EDGE_LOOP('',(#3477,#3478,#3486,#3495,#3503,#3512,#3520,#3528,
    #3536,#3545,#3553,#3562,#3570,#3579,#3587,#3596,#3604,#3612,#3618,
    #3619));
#3477 = ORIENTED_EDGE('',*,*,#3463,.T.);
#3478 = ORIENTED_EDGE('',*,*,#3479,.T.);
#3479 = EDGE_CURVE('',#3454,#3480,#3482,.T.);
#3480 = VERTEX_POINT('',#3481);
#3481 = CARTESIAN_POINT('',(3.2,1.575,1.745));
#3482 = LINE('',#3483,#3484);
#3483 = CARTESIAN_POINT('',(3.2,1.575,1.795));
#3484 = VECTOR('',#3485,1.);
#3485 = DIRECTION('',(0.,0.,1.));
#3486 = ORIENTED_EDGE('',*,*,#3487,.T.);
#3487 = EDGE_CURVE('',#3480,#3488,#3490,.T.);
#3488 = VERTEX_POINT('',#3489);
#3489 = CARTESIAN_POINT('',(3.15,1.575,1.795));
#3490 = CIRCLE('',#3491,5.E-02);
#3491 = AXIS2_PLACEMENT_3D('',#3492,#3493,#3494);
#3492 = CARTESIAN_POINT('',(3.15,1.575,1.745));
#3493 = DIRECTION('',(0.,-1.,0.));
#3494 = DIRECTION('',(0.707106781187,0.,0.707106781187));
#3495 = ORIENTED_EDGE('',*,*,#3496,.T.);
#3496 = EDGE_CURVE('',#3488,#3497,#3499,.T.);
#3497 = VERTEX_POINT('',#3498);
#3498 = CARTESIAN_POINT('',(3.05,1.575,1.795));
#3499 = LINE('',#3500,#3501);
#3500 = CARTESIAN_POINT('',(3.2,1.575,1.795));
#3501 = VECTOR('',#3502,1.);
#3502 = DIRECTION('',(-1.,0.,0.));
#3503 = ORIENTED_EDGE('',*,*,#3504,.T.);
#3504 = EDGE_CURVE('',#3497,#3505,#3507,.T.);
#3505 = VERTEX_POINT('',#3506);
#3506 = CARTESIAN_POINT('',(3.,1.575,1.845));
#3507 = CIRCLE('',#3508,5.E-02);
#3508 = AXIS2_PLACEMENT_3D('',#3509,#3510,#3511);
#3509 = CARTESIAN_POINT('',(3.05,1.575,1.845));
#3510 = DIRECTION('',(0.,1.,0.));
#3511 = DIRECTION('',(-0.707106781187,0.,-0.707106781187));
#3512 = ORIENTED_EDGE('',*,*,#3513,.T.);
#3513 = EDGE_CURVE('',#3505,#3514,#3516,.T.);
#3514 = VERTEX_POINT('',#3515);
#3515 = CARTESIAN_POINT('',(3.,1.575,2.79));
#3516 = LINE('',#3517,#3518);
#3517 = CARTESIAN_POINT('',(3.,1.575,1.795));
#3518 = VECTOR('',#3519,1.);
#3519 = DIRECTION('',(8.717203396868E-16,0.,1.));
#3520 = ORIENTED_EDGE('',*,*,#3521,.T.);
#3521 = EDGE_CURVE('',#3514,#3522,#3524,.T.);
#3522 = VERTEX_POINT('',#3523);
#3523 = CARTESIAN_POINT('',(-3.,1.575,2.79));
#3524 = LINE('',#3525,#3526);
#3525 = CARTESIAN_POINT('',(-3.,1.575,2.79));
#3526 = VECTOR('',#3527,1.);
#3527 = DIRECTION('',(-1.,0.,-1.445602896647E-16));
#3528 = ORIENTED_EDGE('',*,*,#3529,.T.);
#3529 = EDGE_CURVE('',#3522,#3530,#3532,.T.);
#3530 = VERTEX_POINT('',#3531);
#3531 = CARTESIAN_POINT('',(-3.,1.575,1.845));
#3532 = LINE('',#3533,#3534);
#3533 = CARTESIAN_POINT('',(-3.,1.575,1.795));
#3534 = VECTOR('',#3535,1.);
#3535 = DIRECTION('',(8.717203396868E-16,0.,-1.));
#3536 = ORIENTED_EDGE('',*,*,#3537,.T.);
#3537 = EDGE_CURVE('',#3530,#3538,#3540,.T.);
#3538 = VERTEX_POINT('',#3539);
#3539 = CARTESIAN_POINT('',(-3.05,1.575,1.795));
#3540 = CIRCLE('',#3541,5.E-02);
#3541 = AXIS2_PLACEMENT_3D('',#3542,#3543,#3544);
#3542 = CARTESIAN_POINT('',(-3.05,1.575,1.845));
#3543 = DIRECTION('',(0.,1.,0.));
#3544 = DIRECTION('',(0.707106781187,0.,-0.707106781187));
#3545 = ORIENTED_EDGE('',*,*,#3546,.T.);
#3546 = EDGE_CURVE('',#3538,#3547,#3549,.T.);
#3547 = VERTEX_POINT('',#3548);
#3548 = CARTESIAN_POINT('',(-3.15,1.575,1.795));
#3549 = LINE('',#3550,#3551);
#3550 = CARTESIAN_POINT('',(-3.,1.575,1.795));
#3551 = VECTOR('',#3552,1.);
#3552 = DIRECTION('',(-1.,0.,0.));
#3553 = ORIENTED_EDGE('',*,*,#3554,.T.);
#3554 = EDGE_CURVE('',#3547,#3555,#3557,.T.);
#3555 = VERTEX_POINT('',#3556);
#3556 = CARTESIAN_POINT('',(-3.2,1.575,1.745));
#3557 = CIRCLE('',#3558,5.E-02);
#3558 = AXIS2_PLACEMENT_3D('',#3559,#3560,#3561);
#3559 = CARTESIAN_POINT('',(-3.15,1.575,1.745));
#3560 = DIRECTION('',(0.,-1.,0.));
#3561 = DIRECTION('',(-0.707106781187,0.,0.707106781187));
#3562 = ORIENTED_EDGE('',*,*,#3563,.T.);
#3563 = EDGE_CURVE('',#3555,#3564,#3566,.T.);
#3564 = VERTEX_POINT('',#3565);
#3565 = CARTESIAN_POINT('',(-3.2,1.575,1.35));
#3566 = LINE('',#3567,#3568);
#3567 = CARTESIAN_POINT('',(-3.2,1.575,1.545));
#3568 = VECTOR('',#3569,1.);
#3569 = DIRECTION('',(0.,0.,-1.));
#3570 = ORIENTED_EDGE('',*,*,#3571,.T.);
#3571 = EDGE_CURVE('',#3564,#3572,#3574,.T.);
#3572 = VERTEX_POINT('',#3573);
#3573 = CARTESIAN_POINT('',(-3.15,1.575,1.3));
#3574 = CIRCLE('',#3575,5.E-02);
#3575 = AXIS2_PLACEMENT_3D('',#3576,#3577,#3578);
#3576 = CARTESIAN_POINT('',(-3.15,1.575,1.35));
#3577 = DIRECTION('',(0.,-1.,0.));
#3578 = DIRECTION('',(-0.707106781187,-0.,-0.707106781187));
#3579 = ORIENTED_EDGE('',*,*,#3580,.T.);
#3580 = EDGE_CURVE('',#3572,#3581,#3583,.T.);
#3581 = VERTEX_POINT('',#3582);
#3582 = CARTESIAN_POINT('',(-3.05,1.575,1.3));
#3583 = LINE('',#3584,#3585);
#3584 = CARTESIAN_POINT('',(-3.,1.575,1.3));
#3585 = VECTOR('',#3586,1.);
#3586 = DIRECTION('',(1.,0.,0.));
#3587 = ORIENTED_EDGE('',*,*,#3588,.T.);
#3588 = EDGE_CURVE('',#3581,#3589,#3591,.T.);
#3589 = VERTEX_POINT('',#3590);
#3590 = CARTESIAN_POINT('',(-3.,1.575,1.25));
#3591 = CIRCLE('',#3592,5.E-02);
#3592 = AXIS2_PLACEMENT_3D('',#3593,#3594,#3595);
#3593 = CARTESIAN_POINT('',(-3.05,1.575,1.25));
#3594 = DIRECTION('',(0.,1.,0.));
#3595 = DIRECTION('',(0.707106781187,-0.,0.707106781187));
#3596 = ORIENTED_EDGE('',*,*,#3597,.T.);
#3597 = EDGE_CURVE('',#3589,#3598,#3600,.T.);
#3598 = VERTEX_POINT('',#3599);
#3599 = CARTESIAN_POINT('',(-3.,1.575,0.3));
#3600 = LINE('',#3601,#3602);
#3601 = CARTESIAN_POINT('',(-3.,1.575,0.3));
#3602 = VECTOR('',#3603,1.);
#3603 = DIRECTION('',(0.,0.,-1.));
#3604 = ORIENTED_EDGE('',*,*,#3605,.T.);
#3605 = EDGE_CURVE('',#3598,#3606,#3608,.T.);
#3606 = VERTEX_POINT('',#3607);
#3607 = CARTESIAN_POINT('',(3.,1.575,0.3));
#3608 = LINE('',#3609,#3610);
#3609 = CARTESIAN_POINT('',(-3.,1.575,0.3));
#3610 = VECTOR('',#3611,1.);
#3611 = DIRECTION('',(1.,0.,1.264902534566E-16));
#3612 = ORIENTED_EDGE('',*,*,#3613,.T.);
#3613 = EDGE_CURVE('',#3606,#3193,#3614,.T.);
#3614 = LINE('',#3615,#3616);
#3615 = CARTESIAN_POINT('',(3.,1.575,0.3));
#3616 = VECTOR('',#3617,1.);
#3617 = DIRECTION('',(-8.673617379884E-16,0.,1.));
#3618 = ORIENTED_EDGE('',*,*,#3192,.T.);
#3619 = ORIENTED_EDGE('',*,*,#3232,.T.);
#3620 = FACE_BOUND('',#3621,.T.);
#3621 = EDGE_LOOP('',(#3622,#3632,#3640,#3648));
#3622 = ORIENTED_EDGE('',*,*,#3623,.F.);
#3623 = EDGE_CURVE('',#3624,#3626,#3628,.T.);
#3624 = VERTEX_POINT('',#3625);
#3625 = CARTESIAN_POINT('',(-1.4,1.575,1.4475));
#3626 = VERTEX_POINT('',#3627);
#3627 = CARTESIAN_POINT('',(-1.4,1.575,1.6475));
#3628 = LINE('',#3629,#3630);
#3629 = CARTESIAN_POINT('',(-1.4,1.575,1.4475));
#3630 = VECTOR('',#3631,1.);
#3631 = DIRECTION('',(0.,0.,1.));
#3632 = ORIENTED_EDGE('',*,*,#3633,.F.);
#3633 = EDGE_CURVE('',#3634,#3624,#3636,.T.);
#3634 = VERTEX_POINT('',#3635);
#3635 = CARTESIAN_POINT('',(-1.6,1.575,1.4475));
#3636 = LINE('',#3637,#3638);
#3637 = CARTESIAN_POINT('',(-1.6,1.575,1.4475));
#3638 = VECTOR('',#3639,1.);
#3639 = DIRECTION('',(1.,0.,0.));
#3640 = ORIENTED_EDGE('',*,*,#3641,.F.);
#3641 = EDGE_CURVE('',#3642,#3634,#3644,.T.);
#3642 = VERTEX_POINT('',#3643);
#3643 = CARTESIAN_POINT('',(-1.6,1.575,1.6475));
#3644 = LINE('',#3645,#3646);
#3645 = CARTESIAN_POINT('',(-1.6,1.575,1.4475));
#3646 = VECTOR('',#3647,1.);
#3647 = DIRECTION('',(0.,0.,-1.));
#3648 = ORIENTED_EDGE('',*,*,#3649,.F.);
#3649 = EDGE_CURVE('',#3626,#3642,#3650,.T.);
#3650 = LINE('',#3651,#3652);
#3651 = CARTESIAN_POINT('',(-1.6,1.575,1.6475));
#3652 = VECTOR('',#3653,1.);
#3653 = DIRECTION('',(-1.,0.,0.));
#3654 = FACE_BOUND('',#3655,.T.);
#3655 = EDGE_LOOP('',(#3656,#3666,#3674,#3682));
#3656 = ORIENTED_EDGE('',*,*,#3657,.F.);
#3657 = EDGE_CURVE('',#3658,#3660,#3662,.T.);
#3658 = VERTEX_POINT('',#3659);
#3659 = CARTESIAN_POINT('',(1.6,1.575,1.4475));
#3660 = VERTEX_POINT('',#3661);
#3661 = CARTESIAN_POINT('',(1.6,1.575,1.6475));
#3662 = LINE('',#3663,#3664);
#3663 = CARTESIAN_POINT('',(1.6,1.575,1.4475));
#3664 = VECTOR('',#3665,1.);
#3665 = DIRECTION('',(0.,0.,1.));
#3666 = ORIENTED_EDGE('',*,*,#3667,.F.);
#3667 = EDGE_CURVE('',#3668,#3658,#3670,.T.);
#3668 = VERTEX_POINT('',#3669);
#3669 = CARTESIAN_POINT('',(1.4,1.575,1.4475));
#3670 = LINE('',#3671,#3672);
#3671 = CARTESIAN_POINT('',(1.4,1.575,1.4475));
#3672 = VECTOR('',#3673,1.);
#3673 = DIRECTION('',(1.,0.,0.));
#3674 = ORIENTED_EDGE('',*,*,#3675,.F.);
#3675 = EDGE_CURVE('',#3676,#3668,#3678,.T.);
#3676 = VERTEX_POINT('',#3677);
#3677 = CARTESIAN_POINT('',(1.4,1.575,1.6475));
#3678 = LINE('',#3679,#3680);
#3679 = CARTESIAN_POINT('',(1.4,1.575,1.4475));
#3680 = VECTOR('',#3681,1.);
#3681 = DIRECTION('',(0.,0.,-1.));
#3682 = ORIENTED_EDGE('',*,*,#3683,.F.);
#3683 = EDGE_CURVE('',#3660,#3676,#3684,.T.);
#3684 = LINE('',#3685,#3686);
#3685 = CARTESIAN_POINT('',(1.4,1.575,1.6475));
#3686 = VECTOR('',#3687,1.);
#3687 = DIRECTION('',(-1.,0.,0.));
#3688 = FACE_BOUND('',#3689,.T.);
#3689 = EDGE_LOOP('',(#3690,#3700,#3708,#3716));
#3690 = ORIENTED_EDGE('',*,*,#3691,.F.);
#3691 = EDGE_CURVE('',#3692,#3694,#3696,.T.);
#3692 = VERTEX_POINT('',#3693);
#3693 = CARTESIAN_POINT('',(0.6,1.575,1.4475));
#3694 = VERTEX_POINT('',#3695);
#3695 = CARTESIAN_POINT('',(0.6,1.575,1.6475));
#3696 = LINE('',#3697,#3698);
#3697 = CARTESIAN_POINT('',(0.6,1.575,1.4475));
#3698 = VECTOR('',#3699,1.);
#3699 = DIRECTION('',(0.,0.,1.));
#3700 = ORIENTED_EDGE('',*,*,#3701,.F.);
#3701 = EDGE_CURVE('',#3702,#3692,#3704,.T.);
#3702 = VERTEX_POINT('',#3703);
#3703 = CARTESIAN_POINT('',(0.4,1.575,1.4475));
#3704 = LINE('',#3705,#3706);
#3705 = CARTESIAN_POINT('',(0.4,1.575,1.4475));
#3706 = VECTOR('',#3707,1.);
#3707 = DIRECTION('',(1.,0.,0.));
#3708 = ORIENTED_EDGE('',*,*,#3709,.F.);
#3709 = EDGE_CURVE('',#3710,#3702,#3712,.T.);
#3710 = VERTEX_POINT('',#3711);
#3711 = CARTESIAN_POINT('',(0.4,1.575,1.6475));
#3712 = LINE('',#3713,#3714);
#3713 = CARTESIAN_POINT('',(0.4,1.575,1.4475));
#3714 = VECTOR('',#3715,1.);
#3715 = DIRECTION('',(0.,0.,-1.));
#3716 = ORIENTED_EDGE('',*,*,#3717,.F.);
#3717 = EDGE_CURVE('',#3694,#3710,#3718,.T.);
#3718 = LINE('',#3719,#3720);
#3719 = CARTESIAN_POINT('',(0.4,1.575,1.6475));
#3720 = VECTOR('',#3721,1.);
#3721 = DIRECTION('',(-1.,0.,0.));
#3722 = FACE_BOUND('',#3723,.T.);
#3723 = EDGE_LOOP('',(#3724,#3734,#3742,#3750));
#3724 = ORIENTED_EDGE('',*,*,#3725,.F.);
#3725 = EDGE_CURVE('',#3726,#3728,#3730,.T.);
#3726 = VERTEX_POINT('',#3727);
#3727 = CARTESIAN_POINT('',(-0.4,1.575,1.4475));
#3728 = VERTEX_POINT('',#3729);
#3729 = CARTESIAN_POINT('',(-0.4,1.575,1.6475));
#3730 = LINE('',#3731,#3732);
#3731 = CARTESIAN_POINT('',(-0.4,1.575,1.4475));
#3732 = VECTOR('',#3733,1.);
#3733 = DIRECTION('',(-2.710505431214E-16,0.,1.));
#3734 = ORIENTED_EDGE('',*,*,#3735,.F.);
#3735 = EDGE_CURVE('',#3736,#3726,#3738,.T.);
#3736 = VERTEX_POINT('',#3737);
#3737 = CARTESIAN_POINT('',(-0.6,1.575,1.4475));
#3738 = LINE('',#3739,#3740);
#3739 = CARTESIAN_POINT('',(-0.6,1.575,1.4475));
#3740 = VECTOR('',#3741,1.);
#3741 = DIRECTION('',(1.,0.,0.));
#3742 = ORIENTED_EDGE('',*,*,#3743,.F.);
#3743 = EDGE_CURVE('',#3744,#3736,#3746,.T.);
#3744 = VERTEX_POINT('',#3745);
#3745 = CARTESIAN_POINT('',(-0.6,1.575,1.6475));
#3746 = LINE('',#3747,#3748);
#3747 = CARTESIAN_POINT('',(-0.6,1.575,1.4475));
#3748 = VECTOR('',#3749,1.);
#3749 = DIRECTION('',(0.,0.,-1.));
#3750 = ORIENTED_EDGE('',*,*,#3751,.F.);
#3751 = EDGE_CURVE('',#3728,#3744,#3752,.T.);
#3752 = LINE('',#3753,#3754);
#3753 = CARTESIAN_POINT('',(-0.6,1.575,1.6475));
#3754 = VECTOR('',#3755,1.);
#3755 = DIRECTION('',(-1.,0.,0.));
#3756 = PLANE('',#3757);
#3757 = AXIS2_PLACEMENT_3D('',#3758,#3759,#3760);
#3758 = CARTESIAN_POINT('',(0.,1.575,0.));
#3759 = DIRECTION('',(0.,1.,0.));
#3760 = DIRECTION('',(0.,-0.,1.));
#3761 = ADVANCED_FACE('',(#3762),#3773,.F.);
#3762 = FACE_BOUND('',#3763,.T.);
#3763 = EDGE_LOOP('',(#3764,#3765,#3766,#3772));
#3764 = ORIENTED_EDGE('',*,*,#3453,.F.);
#3765 = ORIENTED_EDGE('',*,*,#3429,.T.);
#3766 = ORIENTED_EDGE('',*,*,#3767,.F.);
#3767 = EDGE_CURVE('',#3480,#3421,#3768,.T.);
#3768 = LINE('',#3769,#3770);
#3769 = CARTESIAN_POINT('',(3.2,1.575,1.745));
#3770 = VECTOR('',#3771,1.);
#3771 = DIRECTION('',(0.,-1.,0.));
#3772 = ORIENTED_EDGE('',*,*,#3479,.F.);
#3773 = PLANE('',#3774);
#3774 = AXIS2_PLACEMENT_3D('',#3775,#3776,#3777);
#3775 = CARTESIAN_POINT('',(3.2,1.575,1.795));
#3776 = DIRECTION('',(1.,0.,0.));
#3777 = DIRECTION('',(0.,0.,-1.));
#3778 = ADVANCED_FACE('',(#3779),#3795,.T.);
#3779 = FACE_BOUND('',#3780,.T.);
#3780 = EDGE_LOOP('',(#3781,#3782,#3788,#3789));
#3781 = ORIENTED_EDGE('',*,*,#3403,.T.);
#3782 = ORIENTED_EDGE('',*,*,#3783,.T.);
#3783 = EDGE_CURVE('',#3396,#3505,#3784,.T.);
#3784 = LINE('',#3785,#3786);
#3785 = CARTESIAN_POINT('',(3.,1.575,1.845));
#3786 = VECTOR('',#3787,1.);
#3787 = DIRECTION('',(0.,1.,0.));
#3788 = ORIENTED_EDGE('',*,*,#3504,.F.);
#3789 = ORIENTED_EDGE('',*,*,#3790,.T.);
#3790 = EDGE_CURVE('',#3497,#3404,#3791,.T.);
#3791 = LINE('',#3792,#3793);
#3792 = CARTESIAN_POINT('',(3.05,1.575,1.795));
#3793 = VECTOR('',#3794,1.);
#3794 = DIRECTION('',(0.,-1.,0.));
#3795 = CYLINDRICAL_SURFACE('',#3796,5.E-02);
#3796 = AXIS2_PLACEMENT_3D('',#3797,#3798,#3799);
#3797 = CARTESIAN_POINT('',(3.05,1.575,1.845));
#3798 = DIRECTION('',(0.,-1.,0.));
#3799 = DIRECTION('',(-0.707106781187,-0.,-0.707106781187));
#3800 = ADVANCED_FACE('',(#3801),#3812,.F.);
#3801 = FACE_BOUND('',#3802,.T.);
#3802 = EDGE_LOOP('',(#3803,#3804,#3805,#3811));
#3803 = ORIENTED_EDGE('',*,*,#3783,.F.);
#3804 = ORIENTED_EDGE('',*,*,#3395,.T.);
#3805 = ORIENTED_EDGE('',*,*,#3806,.F.);
#3806 = EDGE_CURVE('',#3514,#3388,#3807,.T.);
#3807 = LINE('',#3808,#3809);
#3808 = CARTESIAN_POINT('',(3.,1.575,2.79));
#3809 = VECTOR('',#3810,1.);
#3810 = DIRECTION('',(0.,-1.,0.));
#3811 = ORIENTED_EDGE('',*,*,#3513,.F.);
#3812 = PLANE('',#3813);
#3813 = AXIS2_PLACEMENT_3D('',#3814,#3815,#3816);
#3814 = CARTESIAN_POINT('',(3.,1.575,1.795));
#3815 = DIRECTION('',(1.,0.,-8.717203396868E-16));
#3816 = DIRECTION('',(-8.717203396868E-16,0.,-1.));
#3817 = ADVANCED_FACE('',(#3818),#3829,.F.);
#3818 = FACE_BOUND('',#3819,.F.);
#3819 = EDGE_LOOP('',(#3820,#3826,#3827,#3828));
#3820 = ORIENTED_EDGE('',*,*,#3821,.F.);
#3821 = EDGE_CURVE('',#3413,#3488,#3822,.T.);
#3822 = LINE('',#3823,#3824);
#3823 = CARTESIAN_POINT('',(3.15,1.575,1.795));
#3824 = VECTOR('',#3825,1.);
#3825 = DIRECTION('',(0.,1.,0.));
#3826 = ORIENTED_EDGE('',*,*,#3420,.F.);
#3827 = ORIENTED_EDGE('',*,*,#3767,.F.);
#3828 = ORIENTED_EDGE('',*,*,#3487,.T.);
#3829 = CYLINDRICAL_SURFACE('',#3830,5.E-02);
#3830 = AXIS2_PLACEMENT_3D('',#3831,#3832,#3833);
#3831 = CARTESIAN_POINT('',(3.15,1.575,1.745));
#3832 = DIRECTION('',(0.,-1.,0.));
#3833 = DIRECTION('',(0.707106781187,0.,0.707106781187));
#3834 = ADVANCED_FACE('',(#3835),#3851,.F.);
#3835 = FACE_BOUND('',#3836,.F.);
#3836 = EDGE_LOOP('',(#3837,#3843,#3844,#3850));
#3837 = ORIENTED_EDGE('',*,*,#3838,.F.);
#3838 = EDGE_CURVE('',#3346,#3555,#3839,.T.);
#3839 = LINE('',#3840,#3841);
#3840 = CARTESIAN_POINT('',(-3.2,1.575,1.745));
#3841 = VECTOR('',#3842,1.);
#3842 = DIRECTION('',(0.,1.,0.));
#3843 = ORIENTED_EDGE('',*,*,#3353,.F.);
#3844 = ORIENTED_EDGE('',*,*,#3845,.F.);
#3845 = EDGE_CURVE('',#3547,#3354,#3846,.T.);
#3846 = LINE('',#3847,#3848);
#3847 = CARTESIAN_POINT('',(-3.15,1.575,1.795));
#3848 = VECTOR('',#3849,1.);
#3849 = DIRECTION('',(0.,-1.,0.));
#3850 = ORIENTED_EDGE('',*,*,#3554,.T.);
#3851 = CYLINDRICAL_SURFACE('',#3852,5.E-02);
#3852 = AXIS2_PLACEMENT_3D('',#3853,#3854,#3855);
#3853 = CARTESIAN_POINT('',(-3.15,1.575,1.745));
#3854 = DIRECTION('',(0.,-1.,0.));
#3855 = DIRECTION('',(-0.707106781187,0.,0.707106781187));
#3856 = ADVANCED_FACE('',(#3857),#3868,.F.);
#3857 = FACE_BOUND('',#3858,.T.);
#3858 = EDGE_LOOP('',(#3859,#3860,#3861,#3867));
#3859 = ORIENTED_EDGE('',*,*,#3838,.F.);
#3860 = ORIENTED_EDGE('',*,*,#3345,.T.);
#3861 = ORIENTED_EDGE('',*,*,#3862,.F.);
#3862 = EDGE_CURVE('',#3564,#3337,#3863,.T.);
#3863 = LINE('',#3864,#3865);
#3864 = CARTESIAN_POINT('',(-3.2,1.575,1.35));
#3865 = VECTOR('',#3866,1.);
#3866 = DIRECTION('',(0.,-1.,0.));
#3867 = ORIENTED_EDGE('',*,*,#3563,.F.);
#3868 = PLANE('',#3869);
#3869 = AXIS2_PLACEMENT_3D('',#3870,#3871,#3872);
#3870 = CARTESIAN_POINT('',(-3.2,1.575,1.545));
#3871 = DIRECTION('',(-1.,0.,0.));
#3872 = DIRECTION('',(0.,0.,1.));
#3873 = ADVANCED_FACE('',(#3874),#3885,.F.);
#3874 = FACE_BOUND('',#3875,.F.);
#3875 = EDGE_LOOP('',(#3876,#3882,#3883,#3884));
#3876 = ORIENTED_EDGE('',*,*,#3877,.F.);
#3877 = EDGE_CURVE('',#3329,#3572,#3878,.T.);
#3878 = LINE('',#3879,#3880);
#3879 = CARTESIAN_POINT('',(-3.15,1.575,1.3));
#3880 = VECTOR('',#3881,1.);
#3881 = DIRECTION('',(0.,1.,0.));
#3882 = ORIENTED_EDGE('',*,*,#3336,.F.);
#3883 = ORIENTED_EDGE('',*,*,#3862,.F.);
#3884 = ORIENTED_EDGE('',*,*,#3571,.T.);
#3885 = CYLINDRICAL_SURFACE('',#3886,5.E-02);
#3886 = AXIS2_PLACEMENT_3D('',#3887,#3888,#3889);
#3887 = CARTESIAN_POINT('',(-3.15,1.575,1.35));
#3888 = DIRECTION('',(0.,-1.,0.));
#3889 = DIRECTION('',(-0.707106781187,-0.,-0.707106781187));
#3890 = ADVANCED_FACE('',(#3891),#3907,.T.);
#3891 = FACE_BOUND('',#3892,.T.);
#3892 = EDGE_LOOP('',(#3893,#3894,#3900,#3901));
#3893 = ORIENTED_EDGE('',*,*,#3319,.T.);
#3894 = ORIENTED_EDGE('',*,*,#3895,.T.);
#3895 = EDGE_CURVE('',#3312,#3589,#3896,.T.);
#3896 = LINE('',#3897,#3898);
#3897 = CARTESIAN_POINT('',(-3.,1.575,1.25));
#3898 = VECTOR('',#3899,1.);
#3899 = DIRECTION('',(0.,1.,0.));
#3900 = ORIENTED_EDGE('',*,*,#3588,.F.);
#3901 = ORIENTED_EDGE('',*,*,#3902,.T.);
#3902 = EDGE_CURVE('',#3581,#3320,#3903,.T.);
#3903 = LINE('',#3904,#3905);
#3904 = CARTESIAN_POINT('',(-3.05,1.575,1.3));
#3905 = VECTOR('',#3906,1.);
#3906 = DIRECTION('',(0.,-1.,0.));
#3907 = CYLINDRICAL_SURFACE('',#3908,5.E-02);
#3908 = AXIS2_PLACEMENT_3D('',#3909,#3910,#3911);
#3909 = CARTESIAN_POINT('',(-3.05,1.575,1.25));
#3910 = DIRECTION('',(0.,-1.,0.));
#3911 = DIRECTION('',(0.707106781187,0.,0.707106781187));
#3912 = ADVANCED_FACE('',(#3913),#3924,.F.);
#3913 = FACE_BOUND('',#3914,.T.);
#3914 = EDGE_LOOP('',(#3915,#3916,#3917,#3923));
#3915 = ORIENTED_EDGE('',*,*,#3895,.F.);
#3916 = ORIENTED_EDGE('',*,*,#3311,.T.);
#3917 = ORIENTED_EDGE('',*,*,#3918,.F.);
#3918 = EDGE_CURVE('',#3598,#3304,#3919,.T.);
#3919 = LINE('',#3920,#3921);
#3920 = CARTESIAN_POINT('',(-3.,1.575,0.3));
#3921 = VECTOR('',#3922,1.);
#3922 = DIRECTION('',(0.,-1.,0.));
#3923 = ORIENTED_EDGE('',*,*,#3597,.F.);
#3924 = PLANE('',#3925);
#3925 = AXIS2_PLACEMENT_3D('',#3926,#3927,#3928);
#3926 = CARTESIAN_POINT('',(-3.,1.575,0.3));
#3927 = DIRECTION('',(-1.,0.,0.));
#3928 = DIRECTION('',(0.,0.,1.));
#3929 = ADVANCED_FACE('',(#3930),#3946,.T.);
#3930 = FACE_BOUND('',#3931,.T.);
#3931 = EDGE_LOOP('',(#3932,#3933,#3939,#3940));
#3932 = ORIENTED_EDGE('',*,*,#3370,.T.);
#3933 = ORIENTED_EDGE('',*,*,#3934,.T.);
#3934 = EDGE_CURVE('',#3363,#3538,#3935,.T.);
#3935 = LINE('',#3936,#3937);
#3936 = CARTESIAN_POINT('',(-3.05,1.575,1.795));
#3937 = VECTOR('',#3938,1.);
#3938 = DIRECTION('',(0.,1.,0.));
#3939 = ORIENTED_EDGE('',*,*,#3537,.F.);
#3940 = ORIENTED_EDGE('',*,*,#3941,.T.);
#3941 = EDGE_CURVE('',#3530,#3371,#3942,.T.);
#3942 = LINE('',#3943,#3944);
#3943 = CARTESIAN_POINT('',(-3.,1.575,1.845));
#3944 = VECTOR('',#3945,1.);
#3945 = DIRECTION('',(0.,-1.,0.));
#3946 = CYLINDRICAL_SURFACE('',#3947,5.E-02);
#3947 = AXIS2_PLACEMENT_3D('',#3948,#3949,#3950);
#3948 = CARTESIAN_POINT('',(-3.05,1.575,1.845));
#3949 = DIRECTION('',(0.,-1.,0.));
#3950 = DIRECTION('',(0.707106781187,0.,-0.707106781187));
#3951 = ADVANCED_FACE('',(#3952),#3958,.F.);
#3952 = FACE_BOUND('',#3953,.T.);
#3953 = EDGE_LOOP('',(#3954,#3955,#3956,#3957));
#3954 = ORIENTED_EDGE('',*,*,#3845,.F.);
#3955 = ORIENTED_EDGE('',*,*,#3546,.F.);
#3956 = ORIENTED_EDGE('',*,*,#3934,.F.);
#3957 = ORIENTED_EDGE('',*,*,#3362,.T.);
#3958 = PLANE('',#3959);
#3959 = AXIS2_PLACEMENT_3D('',#3960,#3961,#3962);
#3960 = CARTESIAN_POINT('',(-3.,1.575,1.795));
#3961 = DIRECTION('',(0.,0.,1.));
#3962 = DIRECTION('',(1.,0.,-0.));
#3963 = ADVANCED_FACE('',(#3964),#3984,.F.);
#3964 = FACE_BOUND('',#3965,.T.);
#3965 = EDGE_LOOP('',(#3966,#3967,#3968,#3969,#3975,#3976,#3977,#3983));
#3966 = ORIENTED_EDGE('',*,*,#3017,.T.);
#3967 = ORIENTED_EDGE('',*,*,#3159,.T.);
#3968 = ORIENTED_EDGE('',*,*,#3279,.T.);
#3969 = ORIENTED_EDGE('',*,*,#3970,.F.);
#3970 = EDGE_CURVE('',#3077,#3272,#3971,.T.);
#3971 = LINE('',#3972,#3973);
#3972 = CARTESIAN_POINT('',(3.1,1.575,0.4));
#3973 = VECTOR('',#3974,1.);
#3974 = DIRECTION('',(0.,-1.,0.));
#3975 = ORIENTED_EDGE('',*,*,#3076,.F.);
#3976 = ORIENTED_EDGE('',*,*,#1467,.F.);
#3977 = ORIENTED_EDGE('',*,*,#3978,.F.);
#3978 = EDGE_CURVE('',#2870,#1460,#3979,.T.);
#3979 = LINE('',#3980,#3981);
#3980 = CARTESIAN_POINT('',(3.12,-2.105,0.4));
#3981 = VECTOR('',#3982,1.);
#3982 = DIRECTION('',(-1.,0.,0.));
#3983 = ORIENTED_EDGE('',*,*,#2869,.F.);
#3984 = PLANE('',#3985);
#3985 = AXIS2_PLACEMENT_3D('',#3986,#3987,#3988);
#3986 = CARTESIAN_POINT('',(3.5,1.575,0.4));
#3987 = DIRECTION('',(0.,0.,1.));
#3988 = DIRECTION('',(1.,0.,-0.));
#3989 = ADVANCED_FACE('',(#3990),#4001,.F.);
#3990 = FACE_BOUND('',#3991,.T.);
#3991 = EDGE_LOOP('',(#3992,#3993,#3994,#3995));
#3992 = ORIENTED_EDGE('',*,*,#2993,.T.);
#3993 = ORIENTED_EDGE('',*,*,#2822,.T.);
#3994 = ORIENTED_EDGE('',*,*,#3246,.F.);
#3995 = ORIENTED_EDGE('',*,*,#3996,.F.);
#3996 = EDGE_CURVE('',#2994,#3247,#3997,.T.);
#3997 = LINE('',#3998,#3999);
#3998 = CARTESIAN_POINT('',(-3.5,-2.125,3.09));
#3999 = VECTOR('',#4000,1.);
#4000 = DIRECTION('',(0.,-1.,0.));
#4001 = PLANE('',#4002);
#4002 = AXIS2_PLACEMENT_3D('',#4003,#4004,#4005);
#4003 = CARTESIAN_POINT('',(-3.5,-2.125,3.09));
#4004 = DIRECTION('',(1.,0.,0.));
#4005 = DIRECTION('',(0.,0.,-1.));
#4006 = ADVANCED_FACE('',(#4007),#4013,.F.);
#4007 = FACE_BOUND('',#4008,.T.);
#4008 = EDGE_LOOP('',(#4009,#4010,#4011,#4012));
#4009 = ORIENTED_EDGE('',*,*,#3001,.T.);
#4010 = ORIENTED_EDGE('',*,*,#3996,.T.);
#4011 = ORIENTED_EDGE('',*,*,#3286,.T.);
#4012 = ORIENTED_EDGE('',*,*,#3143,.T.);
#4013 = PLANE('',#4014);
#4014 = AXIS2_PLACEMENT_3D('',#4015,#4016,#4017);
#4015 = CARTESIAN_POINT('',(0.,0.,3.09));
#4016 = DIRECTION('',(0.,0.,-1.));
#4017 = DIRECTION('',(-1.,0.,0.));
#4018 = ADVANCED_FACE('',(#4019),#4063,.T.);
#4019 = FACE_BOUND('',#4020,.T.);
#4020 = EDGE_LOOP('',(#4021,#4027,#4028,#4034,#4035,#4041,#4042,#4048,
    #4049,#4055,#4056,#4062));
#4021 = ORIENTED_EDGE('',*,*,#4022,.F.);
#4022 = EDGE_CURVE('',#2952,#3256,#4023,.T.);
#4023 = LINE('',#4024,#4025);
#4024 = CARTESIAN_POINT('',(-3.1,1.575,0.));
#4025 = VECTOR('',#4026,1.);
#4026 = DIRECTION('',(0.,-1.,0.));
#4027 = ORIENTED_EDGE('',*,*,#2951,.F.);
#4028 = ORIENTED_EDGE('',*,*,#4029,.F.);
#4029 = EDGE_CURVE('',#2404,#1685,#4030,.T.);
#4030 = LINE('',#4031,#4032);
#4031 = CARTESIAN_POINT('',(-3.5,2.125,0.));
#4032 = VECTOR('',#4033,1.);
#4033 = DIRECTION('',(-1.,0.,0.));
#4034 = ORIENTED_EDGE('',*,*,#3110,.F.);
#4035 = ORIENTED_EDGE('',*,*,#4036,.F.);
#4036 = EDGE_CURVE('',#2323,#1839,#4037,.T.);
#4037 = LINE('',#4038,#4039);
#4038 = CARTESIAN_POINT('',(-3.5,2.125,0.));
#4039 = VECTOR('',#4040,1.);
#4040 = DIRECTION('',(-1.,0.,0.));
#4041 = ORIENTED_EDGE('',*,*,#3127,.F.);
#4042 = ORIENTED_EDGE('',*,*,#4043,.F.);
#4043 = EDGE_CURVE('',#2242,#1993,#4044,.T.);
#4044 = LINE('',#4045,#4046);
#4045 = CARTESIAN_POINT('',(-3.5,2.125,0.));
#4046 = VECTOR('',#4047,1.);
#4047 = DIRECTION('',(-1.,0.,0.));
#4048 = ORIENTED_EDGE('',*,*,#3060,.F.);
#4049 = ORIENTED_EDGE('',*,*,#4050,.F.);
#4050 = EDGE_CURVE('',#2161,#2710,#4051,.T.);
#4051 = LINE('',#4052,#4053);
#4052 = CARTESIAN_POINT('',(-3.5,2.125,0.));
#4053 = VECTOR('',#4054,1.);
#4054 = DIRECTION('',(-1.,0.,0.));
#4055 = ORIENTED_EDGE('',*,*,#3092,.F.);
#4056 = ORIENTED_EDGE('',*,*,#4057,.T.);
#4057 = EDGE_CURVE('',#3085,#3264,#4058,.T.);
#4058 = LINE('',#4059,#4060);
#4059 = CARTESIAN_POINT('',(3.1,1.575,0.));
#4060 = VECTOR('',#4061,1.);
#4061 = DIRECTION('',(0.,-1.,0.));
#4062 = ORIENTED_EDGE('',*,*,#3263,.F.);
#4063 = PLANE('',#4064);
#4064 = AXIS2_PLACEMENT_3D('',#4065,#4066,#4067);
#4065 = CARTESIAN_POINT('',(0.,0.,0.));
#4066 = DIRECTION('',(0.,0.,-1.));
#4067 = DIRECTION('',(-1.,0.,0.));
#4068 = ADVANCED_FACE('',(#4069),#4075,.F.);
#4069 = FACE_BOUND('',#4070,.T.);
#4070 = EDGE_LOOP('',(#4071,#4072,#4073,#4074));
#4071 = ORIENTED_EDGE('',*,*,#3271,.T.);
#4072 = ORIENTED_EDGE('',*,*,#4057,.F.);
#4073 = ORIENTED_EDGE('',*,*,#3084,.F.);
#4074 = ORIENTED_EDGE('',*,*,#3970,.T.);
#4075 = PLANE('',#4076);
#4076 = AXIS2_PLACEMENT_3D('',#4077,#4078,#4079);
#4077 = CARTESIAN_POINT('',(3.1,1.575,0.));
#4078 = DIRECTION('',(-1.,0.,0.));
#4079 = DIRECTION('',(0.,0.,1.));
#4080 = ADVANCED_FACE('',(#4081),#4087,.F.);
#4081 = FACE_BOUND('',#4082,.T.);
#4082 = EDGE_LOOP('',(#4083,#4084,#4085,#4086));
#4083 = ORIENTED_EDGE('',*,*,#3255,.T.);
#4084 = ORIENTED_EDGE('',*,*,#2806,.F.);
#4085 = ORIENTED_EDGE('',*,*,#2959,.F.);
#4086 = ORIENTED_EDGE('',*,*,#4022,.T.);
#4087 = PLANE('',#4088);
#4088 = AXIS2_PLACEMENT_3D('',#4089,#4090,#4091);
#4089 = CARTESIAN_POINT('',(-3.1,1.575,0.));
#4090 = DIRECTION('',(1.,0.,0.));
#4091 = DIRECTION('',(0.,0.,-1.));
#4092 = ADVANCED_FACE('',(#4093),#4099,.F.);
#4093 = FACE_BOUND('',#4094,.T.);
#4094 = EDGE_LOOP('',(#4095,#4096,#4097,#4098));
#4095 = ORIENTED_EDGE('',*,*,#3790,.F.);
#4096 = ORIENTED_EDGE('',*,*,#3496,.F.);
#4097 = ORIENTED_EDGE('',*,*,#3821,.F.);
#4098 = ORIENTED_EDGE('',*,*,#3412,.T.);
#4099 = PLANE('',#4100);
#4100 = AXIS2_PLACEMENT_3D('',#4101,#4102,#4103);
#4101 = CARTESIAN_POINT('',(3.2,1.575,1.795));
#4102 = DIRECTION('',(0.,0.,1.));
#4103 = DIRECTION('',(1.,0.,-0.));
#4104 = ADVANCED_FACE('',(#4105),#4116,.F.);
#4105 = FACE_BOUND('',#4106,.T.);
#4106 = EDGE_LOOP('',(#4107,#4108,#4109,#4115));
#4107 = ORIENTED_EDGE('',*,*,#3201,.F.);
#4108 = ORIENTED_EDGE('',*,*,#3613,.F.);
#4109 = ORIENTED_EDGE('',*,*,#4110,.T.);
#4110 = EDGE_CURVE('',#3606,#3296,#4111,.T.);
#4111 = LINE('',#4112,#4113);
#4112 = CARTESIAN_POINT('',(3.,1.575,0.3));
#4113 = VECTOR('',#4114,1.);
#4114 = DIRECTION('',(0.,-1.,0.));
#4115 = ORIENTED_EDGE('',*,*,#3295,.T.);
#4116 = PLANE('',#4117);
#4117 = AXIS2_PLACEMENT_3D('',#4118,#4119,#4120);
#4118 = CARTESIAN_POINT('',(3.,1.575,0.3));
#4119 = DIRECTION('',(1.,0.,8.673617379884E-16));
#4120 = DIRECTION('',(8.673617379884E-16,0.,-1.));
#4121 = ADVANCED_FACE('',(#4122),#4128,.F.);
#4122 = FACE_BOUND('',#4123,.T.);
#4123 = EDGE_LOOP('',(#4124,#4125,#4126,#4127));
#4124 = ORIENTED_EDGE('',*,*,#3303,.T.);
#4125 = ORIENTED_EDGE('',*,*,#4110,.F.);
#4126 = ORIENTED_EDGE('',*,*,#3605,.F.);
#4127 = ORIENTED_EDGE('',*,*,#3918,.T.);
#4128 = PLANE('',#4129);
#4129 = AXIS2_PLACEMENT_3D('',#4130,#4131,#4132);
#4130 = CARTESIAN_POINT('',(-3.,1.575,0.3));
#4131 = DIRECTION('',(1.264902534566E-16,0.,-1.));
#4132 = DIRECTION('',(-1.,0.,-1.264902534566E-16));
#4133 = ADVANCED_FACE('',(#4134),#4140,.F.);
#4134 = FACE_BOUND('',#4135,.T.);
#4135 = EDGE_LOOP('',(#4136,#4137,#4138,#4139));
#4136 = ORIENTED_EDGE('',*,*,#3877,.F.);
#4137 = ORIENTED_EDGE('',*,*,#3328,.T.);
#4138 = ORIENTED_EDGE('',*,*,#3902,.F.);
#4139 = ORIENTED_EDGE('',*,*,#3580,.F.);
#4140 = PLANE('',#4141);
#4141 = AXIS2_PLACEMENT_3D('',#4142,#4143,#4144);
#4142 = CARTESIAN_POINT('',(-3.,1.575,1.3));
#4143 = DIRECTION('',(0.,0.,-1.));
#4144 = DIRECTION('',(-1.,0.,0.));
#4145 = ADVANCED_FACE('',(#4146),#4157,.F.);
#4146 = FACE_BOUND('',#4147,.T.);
#4147 = EDGE_LOOP('',(#4148,#4149,#4150,#4156));
#4148 = ORIENTED_EDGE('',*,*,#3941,.F.);
#4149 = ORIENTED_EDGE('',*,*,#3529,.F.);
#4150 = ORIENTED_EDGE('',*,*,#4151,.T.);
#4151 = EDGE_CURVE('',#3522,#3380,#4152,.T.);
#4152 = LINE('',#4153,#4154);
#4153 = CARTESIAN_POINT('',(-3.,1.575,2.79));
#4154 = VECTOR('',#4155,1.);
#4155 = DIRECTION('',(0.,-1.,0.));
#4156 = ORIENTED_EDGE('',*,*,#3379,.T.);
#4157 = PLANE('',#4158);
#4158 = AXIS2_PLACEMENT_3D('',#4159,#4160,#4161);
#4159 = CARTESIAN_POINT('',(-3.,1.575,1.795));
#4160 = DIRECTION('',(-1.,0.,-8.717203396868E-16));
#4161 = DIRECTION('',(-8.717203396868E-16,0.,1.));
#4162 = ADVANCED_FACE('',(#4163),#4169,.F.);
#4163 = FACE_BOUND('',#4164,.T.);
#4164 = EDGE_LOOP('',(#4165,#4166,#4167,#4168));
#4165 = ORIENTED_EDGE('',*,*,#3387,.T.);
#4166 = ORIENTED_EDGE('',*,*,#4151,.F.);
#4167 = ORIENTED_EDGE('',*,*,#3521,.F.);
#4168 = ORIENTED_EDGE('',*,*,#3806,.T.);
#4169 = PLANE('',#4170);
#4170 = AXIS2_PLACEMENT_3D('',#4171,#4172,#4173);
#4171 = CARTESIAN_POINT('',(-3.,1.575,2.79));
#4172 = DIRECTION('',(-1.445602896647E-16,0.,1.));
#4173 = DIRECTION('',(1.,0.,1.445602896647E-16));
#4174 = ADVANCED_FACE('',(#4175),#4181,.F.);
#4175 = FACE_BOUND('',#4176,.T.);
#4176 = EDGE_LOOP('',(#4177,#4178,#4179,#4180));
#4177 = ORIENTED_EDGE('',*,*,#3978,.T.);
#4178 = ORIENTED_EDGE('',*,*,#1459,.F.);
#4179 = ORIENTED_EDGE('',*,*,#2844,.F.);
#4180 = ORIENTED_EDGE('',*,*,#2877,.T.);
#4181 = PLANE('',#4182);
#4182 = AXIS2_PLACEMENT_3D('',#4183,#4184,#4185);
#4183 = CARTESIAN_POINT('',(3.12,-2.105,0.));
#4184 = DIRECTION('',(0.,1.,0.));
#4185 = DIRECTION('',(0.,-0.,1.));
#4186 = ADVANCED_FACE('',(#4187),#4193,.F.);
#4187 = FACE_BOUND('',#4188,.T.);
#4188 = EDGE_LOOP('',(#4189,#4190,#4191,#4192));
#4189 = ORIENTED_EDGE('',*,*,#2782,.T.);
#4190 = ORIENTED_EDGE('',*,*,#1546,.F.);
#4191 = ORIENTED_EDGE('',*,*,#2901,.F.);
#4192 = ORIENTED_EDGE('',*,*,#2932,.T.);
#4193 = PLANE('',#4194);
#4194 = AXIS2_PLACEMENT_3D('',#4195,#4196,#4197);
#4195 = CARTESIAN_POINT('',(-3.12,-2.105,0.));
#4196 = DIRECTION('',(-4.336808689942E-15,1.,0.));
#4197 = DIRECTION('',(-1.,-4.336808689942E-15,0.));
#4198 = ADVANCED_FACE('',(#4199),#4215,.F.);
#4199 = FACE_BOUND('',#4200,.T.);
#4200 = EDGE_LOOP('',(#4201,#4202,#4208,#4209));
#4201 = ORIENTED_EDGE('',*,*,#2701,.F.);
#4202 = ORIENTED_EDGE('',*,*,#4203,.F.);
#4203 = EDGE_CURVE('',#2177,#2694,#4204,.T.);
#4204 = LINE('',#4205,#4206);
#4205 = CARTESIAN_POINT('',(1.6,2.855,-2.E-02));
#4206 = VECTOR('',#4207,1.);
#4207 = DIRECTION('',(-1.,0.,0.));
#4208 = ORIENTED_EDGE('',*,*,#2176,.T.);
#4209 = ORIENTED_EDGE('',*,*,#4210,.T.);
#4210 = EDGE_CURVE('',#2169,#2702,#4211,.T.);
#4211 = LINE('',#4212,#4213);
#4212 = CARTESIAN_POINT('',(1.6,2.125,-2.E-02));
#4213 = VECTOR('',#4214,1.);
#4214 = DIRECTION('',(-1.,0.,0.));
#4215 = PLANE('',#4216);
#4216 = AXIS2_PLACEMENT_3D('',#4217,#4218,#4219);
#4217 = CARTESIAN_POINT('',(1.6,2.855,-2.E-02));
#4218 = DIRECTION('',(0.,0.,1.));
#4219 = DIRECTION('',(1.,0.,-0.));
#4220 = ADVANCED_FACE('',(#4221),#4232,.F.);
#4221 = FACE_BOUND('',#4222,.T.);
#4222 = EDGE_LOOP('',(#4223,#4224,#4230,#4231));
#4223 = ORIENTED_EDGE('',*,*,#2693,.T.);
#4224 = ORIENTED_EDGE('',*,*,#4225,.T.);
#4225 = EDGE_CURVE('',#2685,#2185,#4226,.T.);
#4226 = LINE('',#4227,#4228);
#4227 = CARTESIAN_POINT('',(0.,2.855,8.E-02));
#4228 = VECTOR('',#4229,1.);
#4229 = DIRECTION('',(1.,0.,0.));
#4230 = ORIENTED_EDGE('',*,*,#2184,.T.);
#4231 = ORIENTED_EDGE('',*,*,#4203,.T.);
#4232 = PLANE('',#4233);
#4233 = AXIS2_PLACEMENT_3D('',#4234,#4235,#4236);
#4234 = CARTESIAN_POINT('',(0.,2.855,0.));
#4235 = DIRECTION('',(0.,-1.,0.));
#4236 = DIRECTION('',(0.,0.,-1.));
#4237 = ADVANCED_FACE('',(#4238),#4244,.T.);
#4238 = FACE_BOUND('',#4239,.T.);
#4239 = EDGE_LOOP('',(#4240,#4241,#4242,#4243));
#4240 = ORIENTED_EDGE('',*,*,#2168,.F.);
#4241 = ORIENTED_EDGE('',*,*,#4050,.T.);
#4242 = ORIENTED_EDGE('',*,*,#2709,.F.);
#4243 = ORIENTED_EDGE('',*,*,#4210,.F.);
#4244 = PLANE('',#4245);
#4245 = AXIS2_PLACEMENT_3D('',#4246,#4247,#4248);
#4246 = CARTESIAN_POINT('',(0.,2.125,0.));
#4247 = DIRECTION('',(0.,-1.,0.));
#4248 = DIRECTION('',(0.,0.,-1.));
#4249 = ADVANCED_FACE('',(#4250),#4266,.F.);
#4250 = FACE_BOUND('',#4251,.T.);
#4251 = EDGE_LOOP('',(#4252,#4253,#4259,#4260));
#4252 = ORIENTED_EDGE('',*,*,#1984,.F.);
#4253 = ORIENTED_EDGE('',*,*,#4254,.F.);
#4254 = EDGE_CURVE('',#2258,#1977,#4255,.T.);
#4255 = LINE('',#4256,#4257);
#4256 = CARTESIAN_POINT('',(0.6,2.855,-2.E-02));
#4257 = VECTOR('',#4258,1.);
#4258 = DIRECTION('',(-1.,0.,0.));
#4259 = ORIENTED_EDGE('',*,*,#2257,.T.);
#4260 = ORIENTED_EDGE('',*,*,#4261,.T.);
#4261 = EDGE_CURVE('',#2250,#1985,#4262,.T.);
#4262 = LINE('',#4263,#4264);
#4263 = CARTESIAN_POINT('',(0.6,2.125,-2.E-02));
#4264 = VECTOR('',#4265,1.);
#4265 = DIRECTION('',(-1.,0.,0.));
#4266 = PLANE('',#4267);
#4267 = AXIS2_PLACEMENT_3D('',#4268,#4269,#4270);
#4268 = CARTESIAN_POINT('',(0.6,2.855,-2.E-02));
#4269 = DIRECTION('',(0.,0.,1.));
#4270 = DIRECTION('',(1.,0.,-0.));
#4271 = ADVANCED_FACE('',(#4272),#4283,.F.);
#4272 = FACE_BOUND('',#4273,.T.);
#4273 = EDGE_LOOP('',(#4274,#4275,#4281,#4282));
#4274 = ORIENTED_EDGE('',*,*,#1976,.T.);
#4275 = ORIENTED_EDGE('',*,*,#4276,.T.);
#4276 = EDGE_CURVE('',#1968,#2266,#4277,.T.);
#4277 = LINE('',#4278,#4279);
#4278 = CARTESIAN_POINT('',(0.,2.855,8.E-02));
#4279 = VECTOR('',#4280,1.);
#4280 = DIRECTION('',(1.,0.,0.));
#4281 = ORIENTED_EDGE('',*,*,#2265,.T.);
#4282 = ORIENTED_EDGE('',*,*,#4254,.T.);
#4283 = PLANE('',#4284);
#4284 = AXIS2_PLACEMENT_3D('',#4285,#4286,#4287);
#4285 = CARTESIAN_POINT('',(0.,2.855,0.));
#4286 = DIRECTION('',(0.,-1.,0.));
#4287 = DIRECTION('',(0.,0.,-1.));
#4288 = ADVANCED_FACE('',(#4289),#4295,.T.);
#4289 = FACE_BOUND('',#4290,.T.);
#4290 = EDGE_LOOP('',(#4291,#4292,#4293,#4294));
#4291 = ORIENTED_EDGE('',*,*,#2249,.F.);
#4292 = ORIENTED_EDGE('',*,*,#4043,.T.);
#4293 = ORIENTED_EDGE('',*,*,#1992,.F.);
#4294 = ORIENTED_EDGE('',*,*,#4261,.F.);
#4295 = PLANE('',#4296);
#4296 = AXIS2_PLACEMENT_3D('',#4297,#4298,#4299);
#4297 = CARTESIAN_POINT('',(0.,2.125,0.));
#4298 = DIRECTION('',(0.,-1.,0.));
#4299 = DIRECTION('',(0.,0.,-1.));
#4300 = ADVANCED_FACE('',(#4301),#4317,.F.);
#4301 = FACE_BOUND('',#4302,.T.);
#4302 = EDGE_LOOP('',(#4303,#4304,#4310,#4311));
#4303 = ORIENTED_EDGE('',*,*,#1830,.F.);
#4304 = ORIENTED_EDGE('',*,*,#4305,.F.);
#4305 = EDGE_CURVE('',#2339,#1823,#4306,.T.);
#4306 = LINE('',#4307,#4308);
#4307 = CARTESIAN_POINT('',(-0.4,2.855,-2.E-02));
#4308 = VECTOR('',#4309,1.);
#4309 = DIRECTION('',(-1.,0.,0.));
#4310 = ORIENTED_EDGE('',*,*,#2338,.T.);
#4311 = ORIENTED_EDGE('',*,*,#4312,.T.);
#4312 = EDGE_CURVE('',#2331,#1831,#4313,.T.);
#4313 = LINE('',#4314,#4315);
#4314 = CARTESIAN_POINT('',(-0.4,2.125,-2.E-02));
#4315 = VECTOR('',#4316,1.);
#4316 = DIRECTION('',(-1.,0.,0.));
#4317 = PLANE('',#4318);
#4318 = AXIS2_PLACEMENT_3D('',#4319,#4320,#4321);
#4319 = CARTESIAN_POINT('',(-0.4,2.855,-2.E-02));
#4320 = DIRECTION('',(0.,0.,1.));
#4321 = DIRECTION('',(1.,0.,-0.));
#4322 = ADVANCED_FACE('',(#4323),#4334,.F.);
#4323 = FACE_BOUND('',#4324,.T.);
#4324 = EDGE_LOOP('',(#4325,#4326,#4332,#4333));
#4325 = ORIENTED_EDGE('',*,*,#1822,.T.);
#4326 = ORIENTED_EDGE('',*,*,#4327,.T.);
#4327 = EDGE_CURVE('',#1814,#2347,#4328,.T.);
#4328 = LINE('',#4329,#4330);
#4329 = CARTESIAN_POINT('',(0.,2.855,8.E-02));
#4330 = VECTOR('',#4331,1.);
#4331 = DIRECTION('',(1.,0.,0.));
#4332 = ORIENTED_EDGE('',*,*,#2346,.T.);
#4333 = ORIENTED_EDGE('',*,*,#4305,.T.);
#4334 = PLANE('',#4335);
#4335 = AXIS2_PLACEMENT_3D('',#4336,#4337,#4338);
#4336 = CARTESIAN_POINT('',(0.,2.855,0.));
#4337 = DIRECTION('',(0.,-1.,0.));
#4338 = DIRECTION('',(0.,0.,-1.));
#4339 = ADVANCED_FACE('',(#4340),#4346,.T.);
#4340 = FACE_BOUND('',#4341,.T.);
#4341 = EDGE_LOOP('',(#4342,#4343,#4344,#4345));
#4342 = ORIENTED_EDGE('',*,*,#2330,.F.);
#4343 = ORIENTED_EDGE('',*,*,#4036,.T.);
#4344 = ORIENTED_EDGE('',*,*,#1838,.F.);
#4345 = ORIENTED_EDGE('',*,*,#4312,.F.);
#4346 = PLANE('',#4347);
#4347 = AXIS2_PLACEMENT_3D('',#4348,#4349,#4350);
#4348 = CARTESIAN_POINT('',(0.,2.125,0.));
#4349 = DIRECTION('',(0.,-1.,0.));
#4350 = DIRECTION('',(0.,0.,-1.));
#4351 = ADVANCED_FACE('',(#4352),#4368,.F.);
#4352 = FACE_BOUND('',#4353,.T.);
#4353 = EDGE_LOOP('',(#4354,#4355,#4361,#4362));
#4354 = ORIENTED_EDGE('',*,*,#1676,.F.);
#4355 = ORIENTED_EDGE('',*,*,#4356,.F.);
#4356 = EDGE_CURVE('',#2420,#1669,#4357,.T.);
#4357 = LINE('',#4358,#4359);
#4358 = CARTESIAN_POINT('',(-1.4,2.855,-2.E-02));
#4359 = VECTOR('',#4360,1.);
#4360 = DIRECTION('',(-1.,0.,0.));
#4361 = ORIENTED_EDGE('',*,*,#2419,.T.);
#4362 = ORIENTED_EDGE('',*,*,#4363,.T.);
#4363 = EDGE_CURVE('',#2412,#1677,#4364,.T.);
#4364 = LINE('',#4365,#4366);
#4365 = CARTESIAN_POINT('',(-1.4,2.125,-2.E-02));
#4366 = VECTOR('',#4367,1.);
#4367 = DIRECTION('',(-1.,0.,0.));
#4368 = PLANE('',#4369);
#4369 = AXIS2_PLACEMENT_3D('',#4370,#4371,#4372);
#4370 = CARTESIAN_POINT('',(-1.4,2.855,-2.E-02));
#4371 = DIRECTION('',(0.,0.,1.));
#4372 = DIRECTION('',(1.,0.,-0.));
#4373 = ADVANCED_FACE('',(#4374),#4385,.F.);
#4374 = FACE_BOUND('',#4375,.T.);
#4375 = EDGE_LOOP('',(#4376,#4377,#4383,#4384));
#4376 = ORIENTED_EDGE('',*,*,#1668,.T.);
#4377 = ORIENTED_EDGE('',*,*,#4378,.T.);
#4378 = EDGE_CURVE('',#1660,#2428,#4379,.T.);
#4379 = LINE('',#4380,#4381);
#4380 = CARTESIAN_POINT('',(0.,2.855,8.E-02));
#4381 = VECTOR('',#4382,1.);
#4382 = DIRECTION('',(1.,0.,0.));
#4383 = ORIENTED_EDGE('',*,*,#2427,.T.);
#4384 = ORIENTED_EDGE('',*,*,#4356,.T.);
#4385 = PLANE('',#4386);
#4386 = AXIS2_PLACEMENT_3D('',#4387,#4388,#4389);
#4387 = CARTESIAN_POINT('',(0.,2.855,0.));
#4388 = DIRECTION('',(0.,-1.,0.));
#4389 = DIRECTION('',(0.,0.,-1.));
#4390 = ADVANCED_FACE('',(#4391),#4397,.T.);
#4391 = FACE_BOUND('',#4392,.T.);
#4392 = EDGE_LOOP('',(#4393,#4394,#4395,#4396));
#4393 = ORIENTED_EDGE('',*,*,#2411,.F.);
#4394 = ORIENTED_EDGE('',*,*,#4029,.T.);
#4395 = ORIENTED_EDGE('',*,*,#1684,.F.);
#4396 = ORIENTED_EDGE('',*,*,#4363,.F.);
#4397 = PLANE('',#4398);
#4398 = AXIS2_PLACEMENT_3D('',#4399,#4400,#4401);
#4399 = CARTESIAN_POINT('',(0.,2.125,0.));
#4400 = DIRECTION('',(0.,-1.,0.));
#4401 = DIRECTION('',(0.,0.,-1.));
#4402 = ADVANCED_FACE('',(#4403),#4409,.T.);
#4403 = FACE_BOUND('',#4404,.T.);
#4404 = EDGE_LOOP('',(#4405,#4406,#4407,#4408));
#4405 = ORIENTED_EDGE('',*,*,#2435,.F.);
#4406 = ORIENTED_EDGE('',*,*,#4378,.F.);
#4407 = ORIENTED_EDGE('',*,*,#1659,.F.);
#4408 = ORIENTED_EDGE('',*,*,#2758,.F.);
#4409 = CYLINDRICAL_SURFACE('',#4410,0.2);
#4410 = AXIS2_PLACEMENT_3D('',#4411,#4412,#4413);
#4411 = CARTESIAN_POINT('',(-1.4,2.655,8.E-02));
#4412 = DIRECTION('',(-1.,0.,0.));
#4413 = DIRECTION('',(0.,0.,1.));
#4414 = ADVANCED_FACE('',(#4415),#4421,.T.);
#4415 = FACE_BOUND('',#4416,.T.);
#4416 = EDGE_LOOP('',(#4417,#4418,#4419,#4420));
#4417 = ORIENTED_EDGE('',*,*,#2354,.F.);
#4418 = ORIENTED_EDGE('',*,*,#4327,.F.);
#4419 = ORIENTED_EDGE('',*,*,#1813,.F.);
#4420 = ORIENTED_EDGE('',*,*,#2659,.F.);
#4421 = CYLINDRICAL_SURFACE('',#4422,0.2);
#4422 = AXIS2_PLACEMENT_3D('',#4423,#4424,#4425);
#4423 = CARTESIAN_POINT('',(-0.4,2.655,8.E-02));
#4424 = DIRECTION('',(-1.,0.,0.));
#4425 = DIRECTION('',(0.,0.,1.));
#4426 = ADVANCED_FACE('',(#4427),#4433,.T.);
#4427 = FACE_BOUND('',#4428,.T.);
#4428 = EDGE_LOOP('',(#4429,#4430,#4431,#4432));
#4429 = ORIENTED_EDGE('',*,*,#2273,.F.);
#4430 = ORIENTED_EDGE('',*,*,#4276,.F.);
#4431 = ORIENTED_EDGE('',*,*,#1967,.F.);
#4432 = ORIENTED_EDGE('',*,*,#2642,.F.);
#4433 = CYLINDRICAL_SURFACE('',#4434,0.2);
#4434 = AXIS2_PLACEMENT_3D('',#4435,#4436,#4437);
#4435 = CARTESIAN_POINT('',(0.6,2.655,8.E-02));
#4436 = DIRECTION('',(-1.,0.,0.));
#4437 = DIRECTION('',(0.,0.,1.));
#4438 = ADVANCED_FACE('',(#4439),#4445,.T.);
#4439 = FACE_BOUND('',#4440,.T.);
#4440 = EDGE_LOOP('',(#4441,#4442,#4443,#4444));
#4441 = ORIENTED_EDGE('',*,*,#2192,.F.);
#4442 = ORIENTED_EDGE('',*,*,#4225,.F.);
#4443 = ORIENTED_EDGE('',*,*,#2684,.F.);
#4444 = ORIENTED_EDGE('',*,*,#2741,.F.);
#4445 = CYLINDRICAL_SURFACE('',#4446,0.2);
#4446 = AXIS2_PLACEMENT_3D('',#4447,#4448,#4449);
#4447 = CARTESIAN_POINT('',(1.6,2.655,8.E-02));
#4448 = DIRECTION('',(-1.,0.,0.));
#4449 = DIRECTION('',(0.,0.,1.));
#4450 = ADVANCED_FACE('',(#4451),#4476,.F.);
#4451 = FACE_BOUND('',#4452,.T.);
#4452 = EDGE_LOOP('',(#4453,#4461,#4469,#4475));
#4453 = ORIENTED_EDGE('',*,*,#4454,.F.);
#4454 = EDGE_CURVE('',#4455,#3728,#4457,.T.);
#4455 = VERTEX_POINT('',#4456);
#4456 = CARTESIAN_POINT('',(-0.4,-1.875,1.6475));
#4457 = LINE('',#4458,#4459);
#4458 = CARTESIAN_POINT('',(-0.4,-1.925,1.6475));
#4459 = VECTOR('',#4460,1.);
#4460 = DIRECTION('',(0.,1.,0.));
#4461 = ORIENTED_EDGE('',*,*,#4462,.T.);
#4462 = EDGE_CURVE('',#4455,#4463,#4465,.T.);
#4463 = VERTEX_POINT('',#4464);
#4464 = CARTESIAN_POINT('',(-0.4,-1.875,1.4475));
#4465 = LINE('',#4466,#4467);
#4466 = CARTESIAN_POINT('',(-0.4,-1.875,1.4475));
#4467 = VECTOR('',#4468,1.);
#4468 = DIRECTION('',(2.710505431214E-16,0.,-1.));
#4469 = ORIENTED_EDGE('',*,*,#4470,.T.);
#4470 = EDGE_CURVE('',#4463,#3726,#4471,.T.);
#4471 = LINE('',#4472,#4473);
#4472 = CARTESIAN_POINT('',(-0.4,-1.925,1.4475));
#4473 = VECTOR('',#4474,1.);
#4474 = DIRECTION('',(0.,1.,0.));
#4475 = ORIENTED_EDGE('',*,*,#3725,.T.);
#4476 = PLANE('',#4477);
#4477 = AXIS2_PLACEMENT_3D('',#4478,#4479,#4480);
#4478 = CARTESIAN_POINT('',(-0.4,-1.925,1.4475));
#4479 = DIRECTION('',(-1.,0.,-2.710505431214E-16));
#4480 = DIRECTION('',(-2.710505431214E-16,0.,1.));
#4481 = ADVANCED_FACE('',(#4482),#4500,.F.);
#4482 = FACE_BOUND('',#4483,.T.);
#4483 = EDGE_LOOP('',(#4484,#4492,#4498,#4499));
#4484 = ORIENTED_EDGE('',*,*,#4485,.F.);
#4485 = EDGE_CURVE('',#4486,#3744,#4488,.T.);
#4486 = VERTEX_POINT('',#4487);
#4487 = CARTESIAN_POINT('',(-0.6,-1.875,1.6475));
#4488 = LINE('',#4489,#4490);
#4489 = CARTESIAN_POINT('',(-0.6,-1.925,1.6475));
#4490 = VECTOR('',#4491,1.);
#4491 = DIRECTION('',(0.,1.,0.));
#4492 = ORIENTED_EDGE('',*,*,#4493,.T.);
#4493 = EDGE_CURVE('',#4486,#4455,#4494,.T.);
#4494 = LINE('',#4495,#4496);
#4495 = CARTESIAN_POINT('',(-0.6,-1.875,1.6475));
#4496 = VECTOR('',#4497,1.);
#4497 = DIRECTION('',(1.,0.,0.));
#4498 = ORIENTED_EDGE('',*,*,#4454,.T.);
#4499 = ORIENTED_EDGE('',*,*,#3751,.T.);
#4500 = PLANE('',#4501);
#4501 = AXIS2_PLACEMENT_3D('',#4502,#4503,#4504);
#4502 = CARTESIAN_POINT('',(-0.6,-1.925,1.6475));
#4503 = DIRECTION('',(0.,0.,-1.));
#4504 = DIRECTION('',(-1.,0.,0.));
#4505 = ADVANCED_FACE('',(#4506),#4524,.F.);
#4506 = FACE_BOUND('',#4507,.T.);
#4507 = EDGE_LOOP('',(#4508,#4516,#4522,#4523));
#4508 = ORIENTED_EDGE('',*,*,#4509,.F.);
#4509 = EDGE_CURVE('',#4510,#3736,#4512,.T.);
#4510 = VERTEX_POINT('',#4511);
#4511 = CARTESIAN_POINT('',(-0.6,-1.875,1.4475));
#4512 = LINE('',#4513,#4514);
#4513 = CARTESIAN_POINT('',(-0.6,-1.925,1.4475));
#4514 = VECTOR('',#4515,1.);
#4515 = DIRECTION('',(0.,1.,0.));
#4516 = ORIENTED_EDGE('',*,*,#4517,.T.);
#4517 = EDGE_CURVE('',#4510,#4486,#4518,.T.);
#4518 = LINE('',#4519,#4520);
#4519 = CARTESIAN_POINT('',(-0.6,-1.875,1.4475));
#4520 = VECTOR('',#4521,1.);
#4521 = DIRECTION('',(0.,0.,1.));
#4522 = ORIENTED_EDGE('',*,*,#4485,.T.);
#4523 = ORIENTED_EDGE('',*,*,#3743,.T.);
#4524 = PLANE('',#4525);
#4525 = AXIS2_PLACEMENT_3D('',#4526,#4527,#4528);
#4526 = CARTESIAN_POINT('',(-0.6,-1.925,1.4475));
#4527 = DIRECTION('',(1.,0.,0.));
#4528 = DIRECTION('',(0.,0.,-1.));
#4529 = ADVANCED_FACE('',(#4530),#4541,.F.);
#4530 = FACE_BOUND('',#4531,.T.);
#4531 = EDGE_LOOP('',(#4532,#4533,#4539,#4540));
#4532 = ORIENTED_EDGE('',*,*,#4470,.F.);
#4533 = ORIENTED_EDGE('',*,*,#4534,.T.);
#4534 = EDGE_CURVE('',#4463,#4510,#4535,.T.);
#4535 = LINE('',#4536,#4537);
#4536 = CARTESIAN_POINT('',(-0.6,-1.875,1.4475));
#4537 = VECTOR('',#4538,1.);
#4538 = DIRECTION('',(-1.,0.,0.));
#4539 = ORIENTED_EDGE('',*,*,#4509,.T.);
#4540 = ORIENTED_EDGE('',*,*,#3735,.T.);
#4541 = PLANE('',#4542);
#4542 = AXIS2_PLACEMENT_3D('',#4543,#4544,#4545);
#4543 = CARTESIAN_POINT('',(-0.6,-1.925,1.4475));
#4544 = DIRECTION('',(0.,0.,1.));
#4545 = DIRECTION('',(1.,0.,-0.));
#4546 = ADVANCED_FACE('',(#4547),#4581,.F.);
#4547 = FACE_BOUND('',#4548,.T.);
#4548 = EDGE_LOOP('',(#4549,#4559,#4567,#4575));
#4549 = ORIENTED_EDGE('',*,*,#4550,.T.);
#4550 = EDGE_CURVE('',#4551,#4553,#4555,.T.);
#4551 = VERTEX_POINT('',#4552);
#4552 = CARTESIAN_POINT('',(-0.45,-1.925,1.5975));
#4553 = VERTEX_POINT('',#4554);
#4554 = CARTESIAN_POINT('',(-0.55,-1.925,1.5975));
#4555 = LINE('',#4556,#4557);
#4556 = CARTESIAN_POINT('',(0.,-1.925,1.5975));
#4557 = VECTOR('',#4558,1.);
#4558 = DIRECTION('',(-1.,0.,0.));
#4559 = ORIENTED_EDGE('',*,*,#4560,.T.);
#4560 = EDGE_CURVE('',#4553,#4561,#4563,.T.);
#4561 = VERTEX_POINT('',#4562);
#4562 = CARTESIAN_POINT('',(-0.55,-1.925,1.4975));
#4563 = LINE('',#4564,#4565);
#4564 = CARTESIAN_POINT('',(-0.55,-1.925,0.));
#4565 = VECTOR('',#4566,1.);
#4566 = DIRECTION('',(0.,0.,-1.));
#4567 = ORIENTED_EDGE('',*,*,#4568,.T.);
#4568 = EDGE_CURVE('',#4561,#4569,#4571,.T.);
#4569 = VERTEX_POINT('',#4570);
#4570 = CARTESIAN_POINT('',(-0.45,-1.925,1.4975));
#4571 = LINE('',#4572,#4573);
#4572 = CARTESIAN_POINT('',(0.,-1.925,1.4975));
#4573 = VECTOR('',#4574,1.);
#4574 = DIRECTION('',(1.,0.,0.));
#4575 = ORIENTED_EDGE('',*,*,#4576,.T.);
#4576 = EDGE_CURVE('',#4569,#4551,#4577,.T.);
#4577 = LINE('',#4578,#4579);
#4578 = CARTESIAN_POINT('',(-0.45,-1.925,-1.219727444046E-16));
#4579 = VECTOR('',#4580,1.);
#4580 = DIRECTION('',(-2.710505431214E-16,0.,1.));
#4581 = PLANE('',#4582);
#4582 = AXIS2_PLACEMENT_3D('',#4583,#4584,#4585);
#4583 = CARTESIAN_POINT('',(0.,-1.925,0.));
#4584 = DIRECTION('',(0.,1.,0.));
#4585 = DIRECTION('',(0.,-0.,1.));
#4586 = ADVANCED_FACE('',(#4587),#4612,.F.);
#4587 = FACE_BOUND('',#4588,.T.);
#4588 = EDGE_LOOP('',(#4589,#4597,#4605,#4611));
#4589 = ORIENTED_EDGE('',*,*,#4590,.F.);
#4590 = EDGE_CURVE('',#4591,#3626,#4593,.T.);
#4591 = VERTEX_POINT('',#4592);
#4592 = CARTESIAN_POINT('',(-1.4,-1.875,1.6475));
#4593 = LINE('',#4594,#4595);
#4594 = CARTESIAN_POINT('',(-1.4,-1.925,1.6475));
#4595 = VECTOR('',#4596,1.);
#4596 = DIRECTION('',(0.,1.,0.));
#4597 = ORIENTED_EDGE('',*,*,#4598,.T.);
#4598 = EDGE_CURVE('',#4591,#4599,#4601,.T.);
#4599 = VERTEX_POINT('',#4600);
#4600 = CARTESIAN_POINT('',(-1.4,-1.875,1.4475));
#4601 = LINE('',#4602,#4603);
#4602 = CARTESIAN_POINT('',(-1.4,-1.875,1.4475));
#4603 = VECTOR('',#4604,1.);
#4604 = DIRECTION('',(0.,0.,-1.));
#4605 = ORIENTED_EDGE('',*,*,#4606,.T.);
#4606 = EDGE_CURVE('',#4599,#3624,#4607,.T.);
#4607 = LINE('',#4608,#4609);
#4608 = CARTESIAN_POINT('',(-1.4,-1.925,1.4475));
#4609 = VECTOR('',#4610,1.);
#4610 = DIRECTION('',(0.,1.,0.));
#4611 = ORIENTED_EDGE('',*,*,#3623,.T.);
#4612 = PLANE('',#4613);
#4613 = AXIS2_PLACEMENT_3D('',#4614,#4615,#4616);
#4614 = CARTESIAN_POINT('',(-1.4,-1.925,1.4475));
#4615 = DIRECTION('',(-1.,0.,0.));
#4616 = DIRECTION('',(0.,0.,1.));
#4617 = ADVANCED_FACE('',(#4618),#4636,.F.);
#4618 = FACE_BOUND('',#4619,.T.);
#4619 = EDGE_LOOP('',(#4620,#4628,#4634,#4635));
#4620 = ORIENTED_EDGE('',*,*,#4621,.F.);
#4621 = EDGE_CURVE('',#4622,#3642,#4624,.T.);
#4622 = VERTEX_POINT('',#4623);
#4623 = CARTESIAN_POINT('',(-1.6,-1.875,1.6475));
#4624 = LINE('',#4625,#4626);
#4625 = CARTESIAN_POINT('',(-1.6,-1.925,1.6475));
#4626 = VECTOR('',#4627,1.);
#4627 = DIRECTION('',(0.,1.,0.));
#4628 = ORIENTED_EDGE('',*,*,#4629,.T.);
#4629 = EDGE_CURVE('',#4622,#4591,#4630,.T.);
#4630 = LINE('',#4631,#4632);
#4631 = CARTESIAN_POINT('',(-1.6,-1.875,1.6475));
#4632 = VECTOR('',#4633,1.);
#4633 = DIRECTION('',(1.,0.,0.));
#4634 = ORIENTED_EDGE('',*,*,#4590,.T.);
#4635 = ORIENTED_EDGE('',*,*,#3649,.T.);
#4636 = PLANE('',#4637);
#4637 = AXIS2_PLACEMENT_3D('',#4638,#4639,#4640);
#4638 = CARTESIAN_POINT('',(-1.6,-1.925,1.6475));
#4639 = DIRECTION('',(0.,0.,-1.));
#4640 = DIRECTION('',(-1.,0.,0.));
#4641 = ADVANCED_FACE('',(#4642),#4660,.F.);
#4642 = FACE_BOUND('',#4643,.T.);
#4643 = EDGE_LOOP('',(#4644,#4652,#4658,#4659));
#4644 = ORIENTED_EDGE('',*,*,#4645,.F.);
#4645 = EDGE_CURVE('',#4646,#3634,#4648,.T.);
#4646 = VERTEX_POINT('',#4647);
#4647 = CARTESIAN_POINT('',(-1.6,-1.875,1.4475));
#4648 = LINE('',#4649,#4650);
#4649 = CARTESIAN_POINT('',(-1.6,-1.925,1.4475));
#4650 = VECTOR('',#4651,1.);
#4651 = DIRECTION('',(0.,1.,0.));
#4652 = ORIENTED_EDGE('',*,*,#4653,.T.);
#4653 = EDGE_CURVE('',#4646,#4622,#4654,.T.);
#4654 = LINE('',#4655,#4656);
#4655 = CARTESIAN_POINT('',(-1.6,-1.875,1.4475));
#4656 = VECTOR('',#4657,1.);
#4657 = DIRECTION('',(0.,0.,1.));
#4658 = ORIENTED_EDGE('',*,*,#4621,.T.);
#4659 = ORIENTED_EDGE('',*,*,#3641,.T.);
#4660 = PLANE('',#4661);
#4661 = AXIS2_PLACEMENT_3D('',#4662,#4663,#4664);
#4662 = CARTESIAN_POINT('',(-1.6,-1.925,1.4475));
#4663 = DIRECTION('',(1.,0.,0.));
#4664 = DIRECTION('',(0.,0.,-1.));
#4665 = ADVANCED_FACE('',(#4666),#4677,.F.);
#4666 = FACE_BOUND('',#4667,.T.);
#4667 = EDGE_LOOP('',(#4668,#4669,#4675,#4676));
#4668 = ORIENTED_EDGE('',*,*,#4606,.F.);
#4669 = ORIENTED_EDGE('',*,*,#4670,.T.);
#4670 = EDGE_CURVE('',#4599,#4646,#4671,.T.);
#4671 = LINE('',#4672,#4673);
#4672 = CARTESIAN_POINT('',(-1.6,-1.875,1.4475));
#4673 = VECTOR('',#4674,1.);
#4674 = DIRECTION('',(-1.,0.,0.));
#4675 = ORIENTED_EDGE('',*,*,#4645,.T.);
#4676 = ORIENTED_EDGE('',*,*,#3633,.T.);
#4677 = PLANE('',#4678);
#4678 = AXIS2_PLACEMENT_3D('',#4679,#4680,#4681);
#4679 = CARTESIAN_POINT('',(-1.6,-1.925,1.4475));
#4680 = DIRECTION('',(0.,0.,1.));
#4681 = DIRECTION('',(1.,0.,-0.));
#4682 = ADVANCED_FACE('',(#4683),#4717,.F.);
#4683 = FACE_BOUND('',#4684,.T.);
#4684 = EDGE_LOOP('',(#4685,#4695,#4703,#4711));
#4685 = ORIENTED_EDGE('',*,*,#4686,.T.);
#4686 = EDGE_CURVE('',#4687,#4689,#4691,.T.);
#4687 = VERTEX_POINT('',#4688);
#4688 = CARTESIAN_POINT('',(-1.45,-1.925,1.4975));
#4689 = VERTEX_POINT('',#4690);
#4690 = CARTESIAN_POINT('',(-1.45,-1.925,1.5975));
#4691 = LINE('',#4692,#4693);
#4692 = CARTESIAN_POINT('',(-1.45,-1.925,0.));
#4693 = VECTOR('',#4694,1.);
#4694 = DIRECTION('',(0.,0.,1.));
#4695 = ORIENTED_EDGE('',*,*,#4696,.T.);
#4696 = EDGE_CURVE('',#4689,#4697,#4699,.T.);
#4697 = VERTEX_POINT('',#4698);
#4698 = CARTESIAN_POINT('',(-1.55,-1.925,1.5975));
#4699 = LINE('',#4700,#4701);
#4700 = CARTESIAN_POINT('',(0.,-1.925,1.5975));
#4701 = VECTOR('',#4702,1.);
#4702 = DIRECTION('',(-1.,0.,0.));
#4703 = ORIENTED_EDGE('',*,*,#4704,.T.);
#4704 = EDGE_CURVE('',#4697,#4705,#4707,.T.);
#4705 = VERTEX_POINT('',#4706);
#4706 = CARTESIAN_POINT('',(-1.55,-1.925,1.4975));
#4707 = LINE('',#4708,#4709);
#4708 = CARTESIAN_POINT('',(-1.55,-1.925,0.));
#4709 = VECTOR('',#4710,1.);
#4710 = DIRECTION('',(0.,0.,-1.));
#4711 = ORIENTED_EDGE('',*,*,#4712,.T.);
#4712 = EDGE_CURVE('',#4705,#4687,#4713,.T.);
#4713 = LINE('',#4714,#4715);
#4714 = CARTESIAN_POINT('',(0.,-1.925,1.4975));
#4715 = VECTOR('',#4716,1.);
#4716 = DIRECTION('',(1.,0.,0.));
#4717 = PLANE('',#4718);
#4718 = AXIS2_PLACEMENT_3D('',#4719,#4720,#4721);
#4719 = CARTESIAN_POINT('',(0.,-1.925,0.));
#4720 = DIRECTION('',(0.,1.,0.));
#4721 = DIRECTION('',(0.,-0.,1.));
#4722 = ADVANCED_FACE('',(#4723),#4748,.F.);
#4723 = FACE_BOUND('',#4724,.T.);
#4724 = EDGE_LOOP('',(#4725,#4733,#4741,#4747));
#4725 = ORIENTED_EDGE('',*,*,#4726,.F.);
#4726 = EDGE_CURVE('',#4727,#3694,#4729,.T.);
#4727 = VERTEX_POINT('',#4728);
#4728 = CARTESIAN_POINT('',(0.6,-1.875,1.6475));
#4729 = LINE('',#4730,#4731);
#4730 = CARTESIAN_POINT('',(0.6,-1.925,1.6475));
#4731 = VECTOR('',#4732,1.);
#4732 = DIRECTION('',(0.,1.,0.));
#4733 = ORIENTED_EDGE('',*,*,#4734,.T.);
#4734 = EDGE_CURVE('',#4727,#4735,#4737,.T.);
#4735 = VERTEX_POINT('',#4736);
#4736 = CARTESIAN_POINT('',(0.6,-1.875,1.4475));
#4737 = LINE('',#4738,#4739);
#4738 = CARTESIAN_POINT('',(0.6,-1.875,1.4475));
#4739 = VECTOR('',#4740,1.);
#4740 = DIRECTION('',(0.,0.,-1.));
#4741 = ORIENTED_EDGE('',*,*,#4742,.T.);
#4742 = EDGE_CURVE('',#4735,#3692,#4743,.T.);
#4743 = LINE('',#4744,#4745);
#4744 = CARTESIAN_POINT('',(0.6,-1.925,1.4475));
#4745 = VECTOR('',#4746,1.);
#4746 = DIRECTION('',(0.,1.,0.));
#4747 = ORIENTED_EDGE('',*,*,#3691,.T.);
#4748 = PLANE('',#4749);
#4749 = AXIS2_PLACEMENT_3D('',#4750,#4751,#4752);
#4750 = CARTESIAN_POINT('',(0.6,-1.925,1.4475));
#4751 = DIRECTION('',(-1.,0.,0.));
#4752 = DIRECTION('',(0.,0.,1.));
#4753 = ADVANCED_FACE('',(#4754),#4772,.F.);
#4754 = FACE_BOUND('',#4755,.T.);
#4755 = EDGE_LOOP('',(#4756,#4764,#4770,#4771));
#4756 = ORIENTED_EDGE('',*,*,#4757,.F.);
#4757 = EDGE_CURVE('',#4758,#3710,#4760,.T.);
#4758 = VERTEX_POINT('',#4759);
#4759 = CARTESIAN_POINT('',(0.4,-1.875,1.6475));
#4760 = LINE('',#4761,#4762);
#4761 = CARTESIAN_POINT('',(0.4,-1.925,1.6475));
#4762 = VECTOR('',#4763,1.);
#4763 = DIRECTION('',(0.,1.,0.));
#4764 = ORIENTED_EDGE('',*,*,#4765,.T.);
#4765 = EDGE_CURVE('',#4758,#4727,#4766,.T.);
#4766 = LINE('',#4767,#4768);
#4767 = CARTESIAN_POINT('',(0.4,-1.875,1.6475));
#4768 = VECTOR('',#4769,1.);
#4769 = DIRECTION('',(1.,0.,0.));
#4770 = ORIENTED_EDGE('',*,*,#4726,.T.);
#4771 = ORIENTED_EDGE('',*,*,#3717,.T.);
#4772 = PLANE('',#4773);
#4773 = AXIS2_PLACEMENT_3D('',#4774,#4775,#4776);
#4774 = CARTESIAN_POINT('',(0.4,-1.925,1.6475));
#4775 = DIRECTION('',(0.,0.,-1.));
#4776 = DIRECTION('',(-1.,0.,0.));
#4777 = ADVANCED_FACE('',(#4778),#4796,.F.);
#4778 = FACE_BOUND('',#4779,.T.);
#4779 = EDGE_LOOP('',(#4780,#4788,#4794,#4795));
#4780 = ORIENTED_EDGE('',*,*,#4781,.F.);
#4781 = EDGE_CURVE('',#4782,#3702,#4784,.T.);
#4782 = VERTEX_POINT('',#4783);
#4783 = CARTESIAN_POINT('',(0.4,-1.875,1.4475));
#4784 = LINE('',#4785,#4786);
#4785 = CARTESIAN_POINT('',(0.4,-1.925,1.4475));
#4786 = VECTOR('',#4787,1.);
#4787 = DIRECTION('',(0.,1.,0.));
#4788 = ORIENTED_EDGE('',*,*,#4789,.T.);
#4789 = EDGE_CURVE('',#4782,#4758,#4790,.T.);
#4790 = LINE('',#4791,#4792);
#4791 = CARTESIAN_POINT('',(0.4,-1.875,1.4475));
#4792 = VECTOR('',#4793,1.);
#4793 = DIRECTION('',(0.,0.,1.));
#4794 = ORIENTED_EDGE('',*,*,#4757,.T.);
#4795 = ORIENTED_EDGE('',*,*,#3709,.T.);
#4796 = PLANE('',#4797);
#4797 = AXIS2_PLACEMENT_3D('',#4798,#4799,#4800);
#4798 = CARTESIAN_POINT('',(0.4,-1.925,1.4475));
#4799 = DIRECTION('',(1.,0.,0.));
#4800 = DIRECTION('',(0.,0.,-1.));
#4801 = ADVANCED_FACE('',(#4802),#4813,.F.);
#4802 = FACE_BOUND('',#4803,.T.);
#4803 = EDGE_LOOP('',(#4804,#4805,#4811,#4812));
#4804 = ORIENTED_EDGE('',*,*,#4742,.F.);
#4805 = ORIENTED_EDGE('',*,*,#4806,.T.);
#4806 = EDGE_CURVE('',#4735,#4782,#4807,.T.);
#4807 = LINE('',#4808,#4809);
#4808 = CARTESIAN_POINT('',(0.4,-1.875,1.4475));
#4809 = VECTOR('',#4810,1.);
#4810 = DIRECTION('',(-1.,0.,0.));
#4811 = ORIENTED_EDGE('',*,*,#4781,.T.);
#4812 = ORIENTED_EDGE('',*,*,#3701,.T.);
#4813 = PLANE('',#4814);
#4814 = AXIS2_PLACEMENT_3D('',#4815,#4816,#4817);
#4815 = CARTESIAN_POINT('',(0.4,-1.925,1.4475));
#4816 = DIRECTION('',(0.,0.,1.));
#4817 = DIRECTION('',(1.,0.,-0.));
#4818 = ADVANCED_FACE('',(#4819),#4853,.F.);
#4819 = FACE_BOUND('',#4820,.T.);
#4820 = EDGE_LOOP('',(#4821,#4831,#4839,#4847));
#4821 = ORIENTED_EDGE('',*,*,#4822,.T.);
#4822 = EDGE_CURVE('',#4823,#4825,#4827,.T.);
#4823 = VERTEX_POINT('',#4824);
#4824 = CARTESIAN_POINT('',(0.45,-1.925,1.5975));
#4825 = VERTEX_POINT('',#4826);
#4826 = CARTESIAN_POINT('',(0.45,-1.925,1.4975));
#4827 = LINE('',#4828,#4829);
#4828 = CARTESIAN_POINT('',(0.45,-1.925,0.));
#4829 = VECTOR('',#4830,1.);
#4830 = DIRECTION('',(0.,0.,-1.));
#4831 = ORIENTED_EDGE('',*,*,#4832,.T.);
#4832 = EDGE_CURVE('',#4825,#4833,#4835,.T.);
#4833 = VERTEX_POINT('',#4834);
#4834 = CARTESIAN_POINT('',(0.55,-1.925,1.4975));
#4835 = LINE('',#4836,#4837);
#4836 = CARTESIAN_POINT('',(0.,-1.925,1.4975));
#4837 = VECTOR('',#4838,1.);
#4838 = DIRECTION('',(1.,0.,0.));
#4839 = ORIENTED_EDGE('',*,*,#4840,.T.);
#4840 = EDGE_CURVE('',#4833,#4841,#4843,.T.);
#4841 = VERTEX_POINT('',#4842);
#4842 = CARTESIAN_POINT('',(0.55,-1.925,1.5975));
#4843 = LINE('',#4844,#4845);
#4844 = CARTESIAN_POINT('',(0.55,-1.925,0.));
#4845 = VECTOR('',#4846,1.);
#4846 = DIRECTION('',(0.,0.,1.));
#4847 = ORIENTED_EDGE('',*,*,#4848,.T.);
#4848 = EDGE_CURVE('',#4841,#4823,#4849,.T.);
#4849 = LINE('',#4850,#4851);
#4850 = CARTESIAN_POINT('',(0.,-1.925,1.5975));
#4851 = VECTOR('',#4852,1.);
#4852 = DIRECTION('',(-1.,0.,0.));
#4853 = PLANE('',#4854);
#4854 = AXIS2_PLACEMENT_3D('',#4855,#4856,#4857);
#4855 = CARTESIAN_POINT('',(0.,-1.925,0.));
#4856 = DIRECTION('',(0.,1.,0.));
#4857 = DIRECTION('',(0.,-0.,1.));
#4858 = ADVANCED_FACE('',(#4859),#4884,.F.);
#4859 = FACE_BOUND('',#4860,.T.);
#4860 = EDGE_LOOP('',(#4861,#4869,#4877,#4883));
#4861 = ORIENTED_EDGE('',*,*,#4862,.F.);
#4862 = EDGE_CURVE('',#4863,#3660,#4865,.T.);
#4863 = VERTEX_POINT('',#4864);
#4864 = CARTESIAN_POINT('',(1.6,-1.875,1.6475));
#4865 = LINE('',#4866,#4867);
#4866 = CARTESIAN_POINT('',(1.6,-1.925,1.6475));
#4867 = VECTOR('',#4868,1.);
#4868 = DIRECTION('',(0.,1.,0.));
#4869 = ORIENTED_EDGE('',*,*,#4870,.T.);
#4870 = EDGE_CURVE('',#4863,#4871,#4873,.T.);
#4871 = VERTEX_POINT('',#4872);
#4872 = CARTESIAN_POINT('',(1.6,-1.875,1.4475));
#4873 = LINE('',#4874,#4875);
#4874 = CARTESIAN_POINT('',(1.6,-1.875,1.4475));
#4875 = VECTOR('',#4876,1.);
#4876 = DIRECTION('',(0.,0.,-1.));
#4877 = ORIENTED_EDGE('',*,*,#4878,.T.);
#4878 = EDGE_CURVE('',#4871,#3658,#4879,.T.);
#4879 = LINE('',#4880,#4881);
#4880 = CARTESIAN_POINT('',(1.6,-1.925,1.4475));
#4881 = VECTOR('',#4882,1.);
#4882 = DIRECTION('',(0.,1.,0.));
#4883 = ORIENTED_EDGE('',*,*,#3657,.T.);
#4884 = PLANE('',#4885);
#4885 = AXIS2_PLACEMENT_3D('',#4886,#4887,#4888);
#4886 = CARTESIAN_POINT('',(1.6,-1.925,1.4475));
#4887 = DIRECTION('',(-1.,0.,0.));
#4888 = DIRECTION('',(0.,0.,1.));
#4889 = ADVANCED_FACE('',(#4890),#4908,.F.);
#4890 = FACE_BOUND('',#4891,.T.);
#4891 = EDGE_LOOP('',(#4892,#4900,#4906,#4907));
#4892 = ORIENTED_EDGE('',*,*,#4893,.F.);
#4893 = EDGE_CURVE('',#4894,#3676,#4896,.T.);
#4894 = VERTEX_POINT('',#4895);
#4895 = CARTESIAN_POINT('',(1.4,-1.875,1.6475));
#4896 = LINE('',#4897,#4898);
#4897 = CARTESIAN_POINT('',(1.4,-1.925,1.6475));
#4898 = VECTOR('',#4899,1.);
#4899 = DIRECTION('',(0.,1.,0.));
#4900 = ORIENTED_EDGE('',*,*,#4901,.T.);
#4901 = EDGE_CURVE('',#4894,#4863,#4902,.T.);
#4902 = LINE('',#4903,#4904);
#4903 = CARTESIAN_POINT('',(1.4,-1.875,1.6475));
#4904 = VECTOR('',#4905,1.);
#4905 = DIRECTION('',(1.,0.,0.));
#4906 = ORIENTED_EDGE('',*,*,#4862,.T.);
#4907 = ORIENTED_EDGE('',*,*,#3683,.T.);
#4908 = PLANE('',#4909);
#4909 = AXIS2_PLACEMENT_3D('',#4910,#4911,#4912);
#4910 = CARTESIAN_POINT('',(1.4,-1.925,1.6475));
#4911 = DIRECTION('',(0.,0.,-1.));
#4912 = DIRECTION('',(-1.,0.,0.));
#4913 = ADVANCED_FACE('',(#4914),#4932,.F.);
#4914 = FACE_BOUND('',#4915,.T.);
#4915 = EDGE_LOOP('',(#4916,#4924,#4930,#4931));
#4916 = ORIENTED_EDGE('',*,*,#4917,.F.);
#4917 = EDGE_CURVE('',#4918,#3668,#4920,.T.);
#4918 = VERTEX_POINT('',#4919);
#4919 = CARTESIAN_POINT('',(1.4,-1.875,1.4475));
#4920 = LINE('',#4921,#4922);
#4921 = CARTESIAN_POINT('',(1.4,-1.925,1.4475));
#4922 = VECTOR('',#4923,1.);
#4923 = DIRECTION('',(0.,1.,0.));
#4924 = ORIENTED_EDGE('',*,*,#4925,.T.);
#4925 = EDGE_CURVE('',#4918,#4894,#4926,.T.);
#4926 = LINE('',#4927,#4928);
#4927 = CARTESIAN_POINT('',(1.4,-1.875,1.4475));
#4928 = VECTOR('',#4929,1.);
#4929 = DIRECTION('',(0.,0.,1.));
#4930 = ORIENTED_EDGE('',*,*,#4893,.T.);
#4931 = ORIENTED_EDGE('',*,*,#3675,.T.);
#4932 = PLANE('',#4933);
#4933 = AXIS2_PLACEMENT_3D('',#4934,#4935,#4936);
#4934 = CARTESIAN_POINT('',(1.4,-1.925,1.4475));
#4935 = DIRECTION('',(1.,0.,0.));
#4936 = DIRECTION('',(0.,0.,-1.));
#4937 = ADVANCED_FACE('',(#4938),#4949,.F.);
#4938 = FACE_BOUND('',#4939,.T.);
#4939 = EDGE_LOOP('',(#4940,#4941,#4947,#4948));
#4940 = ORIENTED_EDGE('',*,*,#4878,.F.);
#4941 = ORIENTED_EDGE('',*,*,#4942,.T.);
#4942 = EDGE_CURVE('',#4871,#4918,#4943,.T.);
#4943 = LINE('',#4944,#4945);
#4944 = CARTESIAN_POINT('',(1.4,-1.875,1.4475));
#4945 = VECTOR('',#4946,1.);
#4946 = DIRECTION('',(-1.,0.,0.));
#4947 = ORIENTED_EDGE('',*,*,#4917,.T.);
#4948 = ORIENTED_EDGE('',*,*,#3667,.T.);
#4949 = PLANE('',#4950);
#4950 = AXIS2_PLACEMENT_3D('',#4951,#4952,#4953);
#4951 = CARTESIAN_POINT('',(1.4,-1.925,1.4475));
#4952 = DIRECTION('',(0.,0.,1.));
#4953 = DIRECTION('',(1.,0.,-0.));
#4954 = ADVANCED_FACE('',(#4955),#4989,.F.);
#4955 = FACE_BOUND('',#4956,.T.);
#4956 = EDGE_LOOP('',(#4957,#4967,#4975,#4983));
#4957 = ORIENTED_EDGE('',*,*,#4958,.T.);
#4958 = EDGE_CURVE('',#4959,#4961,#4963,.T.);
#4959 = VERTEX_POINT('',#4960);
#4960 = CARTESIAN_POINT('',(1.45,-1.925,1.5975));
#4961 = VERTEX_POINT('',#4962);
#4962 = CARTESIAN_POINT('',(1.45,-1.925,1.4975));
#4963 = LINE('',#4964,#4965);
#4964 = CARTESIAN_POINT('',(1.45,-1.925,0.));
#4965 = VECTOR('',#4966,1.);
#4966 = DIRECTION('',(0.,0.,-1.));
#4967 = ORIENTED_EDGE('',*,*,#4968,.T.);
#4968 = EDGE_CURVE('',#4961,#4969,#4971,.T.);
#4969 = VERTEX_POINT('',#4970);
#4970 = CARTESIAN_POINT('',(1.55,-1.925,1.4975));
#4971 = LINE('',#4972,#4973);
#4972 = CARTESIAN_POINT('',(0.,-1.925,1.4975));
#4973 = VECTOR('',#4974,1.);
#4974 = DIRECTION('',(1.,0.,0.));
#4975 = ORIENTED_EDGE('',*,*,#4976,.T.);
#4976 = EDGE_CURVE('',#4969,#4977,#4979,.T.);
#4977 = VERTEX_POINT('',#4978);
#4978 = CARTESIAN_POINT('',(1.55,-1.925,1.5975));
#4979 = LINE('',#4980,#4981);
#4980 = CARTESIAN_POINT('',(1.55,-1.925,0.));
#4981 = VECTOR('',#4982,1.);
#4982 = DIRECTION('',(0.,0.,1.));
#4983 = ORIENTED_EDGE('',*,*,#4984,.T.);
#4984 = EDGE_CURVE('',#4977,#4959,#4985,.T.);
#4985 = LINE('',#4986,#4987);
#4986 = CARTESIAN_POINT('',(0.,-1.925,1.5975));
#4987 = VECTOR('',#4988,1.);
#4988 = DIRECTION('',(-1.,0.,0.));
#4989 = PLANE('',#4990);
#4990 = AXIS2_PLACEMENT_3D('',#4991,#4992,#4993);
#4991 = CARTESIAN_POINT('',(0.,-1.925,0.));
#4992 = DIRECTION('',(0.,1.,0.));
#4993 = DIRECTION('',(0.,-0.,1.));
#4994 = ADVANCED_FACE('',(#4995),#5011,.F.);
#4995 = FACE_BOUND('',#4996,.T.);
#4996 = EDGE_LOOP('',(#4997,#5003,#5004,#5010));
#4997 = ORIENTED_EDGE('',*,*,#4998,.F.);
#4998 = EDGE_CURVE('',#4863,#4977,#4999,.T.);
#4999 = LINE('',#5000,#5001);
#5000 = CARTESIAN_POINT('',(1.033333333333,-2.441666666667,
    1.080833333333));
#5001 = VECTOR('',#5002,1.);
#5002 = DIRECTION('',(-0.57735026919,-0.57735026919,-0.57735026919));
#5003 = ORIENTED_EDGE('',*,*,#4901,.F.);
#5004 = ORIENTED_EDGE('',*,*,#5005,.F.);
#5005 = EDGE_CURVE('',#4959,#4894,#5006,.T.);
#5006 = LINE('',#5007,#5008);
#5007 = CARTESIAN_POINT('',(1.9825,-2.4575,1.065));
#5008 = VECTOR('',#5009,1.);
#5009 = DIRECTION('',(-0.57735026919,0.57735026919,0.57735026919));
#5010 = ORIENTED_EDGE('',*,*,#4984,.F.);
#5011 = PLANE('',#5012);
#5012 = AXIS2_PLACEMENT_3D('',#5013,#5014,#5015);
#5013 = CARTESIAN_POINT('',(0.,-1.925,1.5975));
#5014 = DIRECTION('',(0.,0.707106781187,-0.707106781187));
#5015 = DIRECTION('',(-1.,0.,0.));
#5016 = ADVANCED_FACE('',(#5017),#5028,.F.);
#5017 = FACE_BOUND('',#5018,.T.);
#5018 = EDGE_LOOP('',(#5019,#5020,#5021,#5027));
#5019 = ORIENTED_EDGE('',*,*,#5005,.T.);
#5020 = ORIENTED_EDGE('',*,*,#4925,.F.);
#5021 = ORIENTED_EDGE('',*,*,#5022,.F.);
#5022 = EDGE_CURVE('',#4961,#4918,#5023,.T.);
#5023 = LINE('',#5024,#5025);
#5024 = CARTESIAN_POINT('',(0.950833333333,-1.425833333333,
    0.998333333333));
#5025 = VECTOR('',#5026,1.);
#5026 = DIRECTION('',(-0.57735026919,0.57735026919,-0.57735026919));
#5027 = ORIENTED_EDGE('',*,*,#4958,.F.);
#5028 = PLANE('',#5029);
#5029 = AXIS2_PLACEMENT_3D('',#5030,#5031,#5032);
#5030 = CARTESIAN_POINT('',(1.45,-1.925,0.));
#5031 = DIRECTION('',(0.707106781187,0.707106781187,0.));
#5032 = DIRECTION('',(0.,0.,-1.));
#5033 = ADVANCED_FACE('',(#5034),#5045,.F.);
#5034 = FACE_BOUND('',#5035,.T.);
#5035 = EDGE_LOOP('',(#5036,#5037,#5038,#5044));
#5036 = ORIENTED_EDGE('',*,*,#4998,.T.);
#5037 = ORIENTED_EDGE('',*,*,#4976,.F.);
#5038 = ORIENTED_EDGE('',*,*,#5039,.F.);
#5039 = EDGE_CURVE('',#4871,#4969,#5040,.T.);
#5040 = LINE('',#5041,#5042);
#5041 = CARTESIAN_POINT('',(2.049166666667,-1.425833333333,
    0.998333333333));
#5042 = VECTOR('',#5043,1.);
#5043 = DIRECTION('',(-0.57735026919,-0.57735026919,0.57735026919));
#5044 = ORIENTED_EDGE('',*,*,#4870,.F.);
#5045 = PLANE('',#5046);
#5046 = AXIS2_PLACEMENT_3D('',#5047,#5048,#5049);
#5047 = CARTESIAN_POINT('',(1.55,-1.925,0.));
#5048 = DIRECTION('',(-0.707106781187,0.707106781187,0.));
#5049 = DIRECTION('',(0.,0.,1.));
#5050 = ADVANCED_FACE('',(#5051),#5057,.F.);
#5051 = FACE_BOUND('',#5052,.T.);
#5052 = EDGE_LOOP('',(#5053,#5054,#5055,#5056));
#5053 = ORIENTED_EDGE('',*,*,#5022,.T.);
#5054 = ORIENTED_EDGE('',*,*,#4942,.F.);
#5055 = ORIENTED_EDGE('',*,*,#5039,.T.);
#5056 = ORIENTED_EDGE('',*,*,#4968,.F.);
#5057 = PLANE('',#5058);
#5058 = AXIS2_PLACEMENT_3D('',#5059,#5060,#5061);
#5059 = CARTESIAN_POINT('',(0.,-1.925,1.4975));
#5060 = DIRECTION('',(0.,0.707106781187,0.707106781187));
#5061 = DIRECTION('',(1.,0.,-0.));
#5062 = ADVANCED_FACE('',(#5063),#5079,.F.);
#5063 = FACE_BOUND('',#5064,.T.);
#5064 = EDGE_LOOP('',(#5065,#5071,#5072,#5078));
#5065 = ORIENTED_EDGE('',*,*,#5066,.F.);
#5066 = EDGE_CURVE('',#4727,#4841,#5067,.T.);
#5067 = LINE('',#5068,#5069);
#5068 = CARTESIAN_POINT('',(0.366666666667,-2.108333333333,
    1.414166666667));
#5069 = VECTOR('',#5070,1.);
#5070 = DIRECTION('',(-0.57735026919,-0.57735026919,-0.57735026919));
#5071 = ORIENTED_EDGE('',*,*,#4765,.F.);
#5072 = ORIENTED_EDGE('',*,*,#5073,.F.);
#5073 = EDGE_CURVE('',#4823,#4758,#5074,.T.);
#5074 = LINE('',#5075,#5076);
#5075 = CARTESIAN_POINT('',(0.9825,-2.4575,1.065));
#5076 = VECTOR('',#5077,1.);
#5077 = DIRECTION('',(-0.57735026919,0.57735026919,0.57735026919));
#5078 = ORIENTED_EDGE('',*,*,#4848,.F.);
#5079 = PLANE('',#5080);
#5080 = AXIS2_PLACEMENT_3D('',#5081,#5082,#5083);
#5081 = CARTESIAN_POINT('',(0.,-1.925,1.5975));
#5082 = DIRECTION('',(0.,0.707106781187,-0.707106781187));
#5083 = DIRECTION('',(-1.,0.,0.));
#5084 = ADVANCED_FACE('',(#5085),#5096,.F.);
#5085 = FACE_BOUND('',#5086,.T.);
#5086 = EDGE_LOOP('',(#5087,#5088,#5089,#5095));
#5087 = ORIENTED_EDGE('',*,*,#5073,.T.);
#5088 = ORIENTED_EDGE('',*,*,#4789,.F.);
#5089 = ORIENTED_EDGE('',*,*,#5090,.F.);
#5090 = EDGE_CURVE('',#4825,#4782,#5091,.T.);
#5091 = LINE('',#5092,#5093);
#5092 = CARTESIAN_POINT('',(-4.916666666666E-02,-1.425833333333,
    0.998333333333));
#5093 = VECTOR('',#5094,1.);
#5094 = DIRECTION('',(-0.57735026919,0.57735026919,-0.57735026919));
#5095 = ORIENTED_EDGE('',*,*,#4822,.F.);
#5096 = PLANE('',#5097);
#5097 = AXIS2_PLACEMENT_3D('',#5098,#5099,#5100);
#5098 = CARTESIAN_POINT('',(0.45,-1.925,0.));
#5099 = DIRECTION('',(0.707106781187,0.707106781187,0.));
#5100 = DIRECTION('',(0.,0.,-1.));
#5101 = ADVANCED_FACE('',(#5102),#5113,.F.);
#5102 = FACE_BOUND('',#5103,.T.);
#5103 = EDGE_LOOP('',(#5104,#5105,#5106,#5112));
#5104 = ORIENTED_EDGE('',*,*,#5066,.T.);
#5105 = ORIENTED_EDGE('',*,*,#4840,.F.);
#5106 = ORIENTED_EDGE('',*,*,#5107,.F.);
#5107 = EDGE_CURVE('',#4735,#4833,#5108,.T.);
#5108 = LINE('',#5109,#5110);
#5109 = CARTESIAN_POINT('',(1.049166666667,-1.425833333333,
    0.998333333333));
#5110 = VECTOR('',#5111,1.);
#5111 = DIRECTION('',(-0.57735026919,-0.57735026919,0.57735026919));
#5112 = ORIENTED_EDGE('',*,*,#4734,.F.);
#5113 = PLANE('',#5114);
#5114 = AXIS2_PLACEMENT_3D('',#5115,#5116,#5117);
#5115 = CARTESIAN_POINT('',(0.55,-1.925,0.));
#5116 = DIRECTION('',(-0.707106781187,0.707106781187,0.));
#5117 = DIRECTION('',(0.,0.,1.));
#5118 = ADVANCED_FACE('',(#5119),#5125,.F.);
#5119 = FACE_BOUND('',#5120,.T.);
#5120 = EDGE_LOOP('',(#5121,#5122,#5123,#5124));
#5121 = ORIENTED_EDGE('',*,*,#5090,.T.);
#5122 = ORIENTED_EDGE('',*,*,#4806,.F.);
#5123 = ORIENTED_EDGE('',*,*,#5107,.T.);
#5124 = ORIENTED_EDGE('',*,*,#4832,.F.);
#5125 = PLANE('',#5126);
#5126 = AXIS2_PLACEMENT_3D('',#5127,#5128,#5129);
#5127 = CARTESIAN_POINT('',(0.,-1.925,1.4975));
#5128 = DIRECTION('',(0.,0.707106781187,0.707106781187));
#5129 = DIRECTION('',(1.,0.,-0.));
#5130 = ADVANCED_FACE('',(#5131),#5147,.F.);
#5131 = FACE_BOUND('',#5132,.T.);
#5132 = EDGE_LOOP('',(#5133,#5139,#5140,#5146));
#5133 = ORIENTED_EDGE('',*,*,#5134,.F.);
#5134 = EDGE_CURVE('',#4463,#4569,#5135,.T.);
#5135 = LINE('',#5136,#5137);
#5136 = CARTESIAN_POINT('',(-0.3,-1.775,1.3475));
#5137 = VECTOR('',#5138,1.);
#5138 = DIRECTION('',(-0.57735026919,-0.57735026919,0.57735026919));
#5139 = ORIENTED_EDGE('',*,*,#4462,.F.);
#5140 = ORIENTED_EDGE('',*,*,#5141,.F.);
#5141 = EDGE_CURVE('',#4551,#4455,#5142,.T.);
#5142 = LINE('',#5143,#5144);
#5143 = CARTESIAN_POINT('',(-0.9825,-2.4575,1.065));
#5144 = VECTOR('',#5145,1.);
#5145 = DIRECTION('',(0.57735026919,0.57735026919,0.57735026919));
#5146 = ORIENTED_EDGE('',*,*,#4576,.F.);
#5147 = PLANE('',#5148);
#5148 = AXIS2_PLACEMENT_3D('',#5149,#5150,#5151);
#5149 = CARTESIAN_POINT('',(-0.45,-1.925,-1.219727444046E-16));
#5150 = DIRECTION('',(-0.707106781187,0.707106781187,-1.916616770854E-16
    ));
#5151 = DIRECTION('',(-2.710505431214E-16,-3.20474742746E-31,1.));
#5152 = ADVANCED_FACE('',(#5153),#5164,.F.);
#5153 = FACE_BOUND('',#5154,.T.);
#5154 = EDGE_LOOP('',(#5155,#5156,#5157,#5163));
#5155 = ORIENTED_EDGE('',*,*,#5141,.T.);
#5156 = ORIENTED_EDGE('',*,*,#4493,.F.);
#5157 = ORIENTED_EDGE('',*,*,#5158,.F.);
#5158 = EDGE_CURVE('',#4553,#4486,#5159,.T.);
#5159 = LINE('',#5160,#5161);
#5160 = CARTESIAN_POINT('',(-0.366666666667,-2.108333333333,
    1.414166666667));
#5161 = VECTOR('',#5162,1.);
#5162 = DIRECTION('',(-0.57735026919,0.57735026919,0.57735026919));
#5163 = ORIENTED_EDGE('',*,*,#4550,.F.);
#5164 = PLANE('',#5165);
#5165 = AXIS2_PLACEMENT_3D('',#5166,#5167,#5168);
#5166 = CARTESIAN_POINT('',(0.,-1.925,1.5975));
#5167 = DIRECTION('',(0.,0.707106781187,-0.707106781187));
#5168 = DIRECTION('',(-1.,0.,0.));
#5169 = ADVANCED_FACE('',(#5170),#5181,.F.);
#5170 = FACE_BOUND('',#5171,.T.);
#5171 = EDGE_LOOP('',(#5172,#5173,#5174,#5180));
#5172 = ORIENTED_EDGE('',*,*,#5134,.T.);
#5173 = ORIENTED_EDGE('',*,*,#4568,.F.);
#5174 = ORIENTED_EDGE('',*,*,#5175,.F.);
#5175 = EDGE_CURVE('',#4510,#4561,#5176,.T.);
#5176 = LINE('',#5177,#5178);
#5177 = CARTESIAN_POINT('',(-0.366666666667,-2.108333333333,
    1.680833333333));
#5178 = VECTOR('',#5179,1.);
#5179 = DIRECTION('',(0.57735026919,-0.57735026919,0.57735026919));
#5180 = ORIENTED_EDGE('',*,*,#4534,.F.);
#5181 = PLANE('',#5182);
#5182 = AXIS2_PLACEMENT_3D('',#5183,#5184,#5185);
#5183 = CARTESIAN_POINT('',(0.,-1.925,1.4975));
#5184 = DIRECTION('',(0.,0.707106781187,0.707106781187));
#5185 = DIRECTION('',(1.,0.,-0.));
#5186 = ADVANCED_FACE('',(#5187),#5193,.F.);
#5187 = FACE_BOUND('',#5188,.T.);
#5188 = EDGE_LOOP('',(#5189,#5190,#5191,#5192));
#5189 = ORIENTED_EDGE('',*,*,#5158,.T.);
#5190 = ORIENTED_EDGE('',*,*,#4517,.F.);
#5191 = ORIENTED_EDGE('',*,*,#5175,.T.);
#5192 = ORIENTED_EDGE('',*,*,#4560,.F.);
#5193 = PLANE('',#5194);
#5194 = AXIS2_PLACEMENT_3D('',#5195,#5196,#5197);
#5195 = CARTESIAN_POINT('',(-0.55,-1.925,0.));
#5196 = DIRECTION('',(0.707106781187,0.707106781187,0.));
#5197 = DIRECTION('',(0.,0.,-1.));
#5198 = ADVANCED_FACE('',(#5199),#5215,.F.);
#5199 = FACE_BOUND('',#5200,.T.);
#5200 = EDGE_LOOP('',(#5201,#5207,#5208,#5214));
#5201 = ORIENTED_EDGE('',*,*,#5202,.F.);
#5202 = EDGE_CURVE('',#4646,#4705,#5203,.T.);
#5203 = LINE('',#5204,#5205);
#5204 = CARTESIAN_POINT('',(-1.033333333333,-2.441666666667,
    2.014166666667));
#5205 = VECTOR('',#5206,1.);
#5206 = DIRECTION('',(0.57735026919,-0.57735026919,0.57735026919));
#5207 = ORIENTED_EDGE('',*,*,#4670,.F.);
#5208 = ORIENTED_EDGE('',*,*,#5209,.F.);
#5209 = EDGE_CURVE('',#4687,#4599,#5210,.T.);
#5210 = LINE('',#5211,#5212);
#5211 = CARTESIAN_POINT('',(-0.966666666667,-1.441666666667,
    1.014166666667));
#5212 = VECTOR('',#5213,1.);
#5213 = DIRECTION('',(0.57735026919,0.57735026919,-0.57735026919));
#5214 = ORIENTED_EDGE('',*,*,#4712,.F.);
#5215 = PLANE('',#5216);
#5216 = AXIS2_PLACEMENT_3D('',#5217,#5218,#5219);
#5217 = CARTESIAN_POINT('',(0.,-1.925,1.4975));
#5218 = DIRECTION('',(0.,0.707106781187,0.707106781187));
#5219 = DIRECTION('',(1.,0.,-0.));
#5220 = ADVANCED_FACE('',(#5221),#5232,.F.);
#5221 = FACE_BOUND('',#5222,.T.);
#5222 = EDGE_LOOP('',(#5223,#5224,#5225,#5231));
#5223 = ORIENTED_EDGE('',*,*,#5209,.T.);
#5224 = ORIENTED_EDGE('',*,*,#4598,.F.);
#5225 = ORIENTED_EDGE('',*,*,#5226,.F.);
#5226 = EDGE_CURVE('',#4689,#4591,#5227,.T.);
#5227 = LINE('',#5228,#5229);
#5228 = CARTESIAN_POINT('',(-1.9825,-2.4575,1.065));
#5229 = VECTOR('',#5230,1.);
#5230 = DIRECTION('',(0.57735026919,0.57735026919,0.57735026919));
#5231 = ORIENTED_EDGE('',*,*,#4686,.F.);
#5232 = PLANE('',#5233);
#5233 = AXIS2_PLACEMENT_3D('',#5234,#5235,#5236);
#5234 = CARTESIAN_POINT('',(-1.45,-1.925,0.));
#5235 = DIRECTION('',(-0.707106781187,0.707106781187,0.));
#5236 = DIRECTION('',(0.,0.,1.));
#5237 = ADVANCED_FACE('',(#5238),#5249,.F.);
#5238 = FACE_BOUND('',#5239,.T.);
#5239 = EDGE_LOOP('',(#5240,#5241,#5242,#5248));
#5240 = ORIENTED_EDGE('',*,*,#5202,.T.);
#5241 = ORIENTED_EDGE('',*,*,#4704,.F.);
#5242 = ORIENTED_EDGE('',*,*,#5243,.F.);
#5243 = EDGE_CURVE('',#4622,#4697,#5244,.T.);
#5244 = LINE('',#5245,#5246);
#5245 = CARTESIAN_POINT('',(-1.0175,-2.4575,1.065));
#5246 = VECTOR('',#5247,1.);
#5247 = DIRECTION('',(0.57735026919,-0.57735026919,-0.57735026919));
#5248 = ORIENTED_EDGE('',*,*,#4653,.F.);
#5249 = PLANE('',#5250);
#5250 = AXIS2_PLACEMENT_3D('',#5251,#5252,#5253);
#5251 = CARTESIAN_POINT('',(-1.55,-1.925,0.));
#5252 = DIRECTION('',(0.707106781187,0.707106781187,0.));
#5253 = DIRECTION('',(0.,0.,-1.));
#5254 = ADVANCED_FACE('',(#5255),#5261,.F.);
#5255 = FACE_BOUND('',#5256,.T.);
#5256 = EDGE_LOOP('',(#5257,#5258,#5259,#5260));
#5257 = ORIENTED_EDGE('',*,*,#5226,.T.);
#5258 = ORIENTED_EDGE('',*,*,#4629,.F.);
#5259 = ORIENTED_EDGE('',*,*,#5243,.T.);
#5260 = ORIENTED_EDGE('',*,*,#4696,.F.);
#5261 = PLANE('',#5262);
#5262 = AXIS2_PLACEMENT_3D('',#5263,#5264,#5265);
#5263 = CARTESIAN_POINT('',(0.,-1.925,1.5975));
#5264 = DIRECTION('',(0.,0.707106781187,-0.707106781187));
#5265 = DIRECTION('',(-1.,0.,0.));
#5266 = ( GEOMETRIC_REPRESENTATION_CONTEXT(3) 
GLOBAL_UNCERTAINTY_ASSIGNED_CONTEXT((#5270)) 
GLOBAL_UNIT_ASSIGNED_CONTEXT((#5267,#5268,#5269)) REPRESENTATION_CONTEXT
('Context #1','3D Context with UNIT and UNCERTAINTY') );
#5267 = ( LENGTH_UNIT() NAMED_UNIT(*) SI_UNIT(.MILLI.,.METRE.) );
#5268 = ( NAMED_UNIT(*) PLANE_ANGLE_UNIT() SI_UNIT($,.RADIAN.) );
#5269 = ( NAMED_UNIT(*) SI_UNIT($,.STERADIAN.) SOLID_ANGLE_UNIT() );
#5270 = UNCERTAINTY_MEASURE_WITH_UNIT(LENGTH_MEASURE(1.E-07),#5267,
  'distance_accuracy_value','confusion accuracy');
#5271 = CONTEXT_DEPENDENT_SHAPE_REPRESENTATION(#5272,#5274);
#5272 = ( REPRESENTATION_RELATIONSHIP('','',#1355,#1332) 
REPRESENTATION_RELATIONSHIP_WITH_TRANSFORMATION(#5273) 
SHAPE_REPRESENTATION_RELATIONSHIP() );
#5273 = ITEM_DEFINED_TRANSFORMATION('','',#11,#1333);
#5274 = PRODUCT_DEFINITION_SHAPE('Placement','Placement of an item',
  #5275);
#5275 = NEXT_ASSEMBLY_USAGE_OCCURRENCE('3','=>[0:1:1:5]','',#1327,#1350,
  $);
#5276 = PRODUCT_RELATED_PRODUCT_CATEGORY('part',$,(#1352));
#5277 = SHAPE_DEFINITION_REPRESENTATION(#5278,#5284);
#5278 = PRODUCT_DEFINITION_SHAPE('','',#5279);
#5279 = PRODUCT_DEFINITION('design','',#5280,#5283);
#5280 = PRODUCT_DEFINITION_FORMATION('','',#5281);
#5281 = PRODUCT('0603R','0603R','',(#5282));
#5282 = PRODUCT_CONTEXT('',#2,'mechanical');
#5283 = PRODUCT_DEFINITION_CONTEXT('part definition',#2,'design');
#5284 = SHAPE_REPRESENTATION('',(#11,#5285),#5289);
#5285 = AXIS2_PLACEMENT_3D('',#5286,#5287,#5288);
#5286 = CARTESIAN_POINT('',(0.,0.,0.));
#5287 = DIRECTION('',(0.,0.,1.));
#5288 = DIRECTION('',(1.,0.,-0.));
#5289 = ( GEOMETRIC_REPRESENTATION_CONTEXT(3) 
GLOBAL_UNCERTAINTY_ASSIGNED_CONTEXT((#5293)) 
GLOBAL_UNIT_ASSIGNED_CONTEXT((#5290,#5291,#5292)) REPRESENTATION_CONTEXT
('Context #1','3D Context with UNIT and UNCERTAINTY') );
#5290 = ( LENGTH_UNIT() NAMED_UNIT(*) SI_UNIT(.MILLI.,.METRE.) );
#5291 = ( NAMED_UNIT(*) PLANE_ANGLE_UNIT() SI_UNIT($,.RADIAN.) );
#5292 = ( NAMED_UNIT(*) SI_UNIT($,.STERADIAN.) SOLID_ANGLE_UNIT() );
#5293 = UNCERTAINTY_MEASURE_WITH_UNIT(LENGTH_MEASURE(2.E-05),#5290,
  'distance_accuracy_value','confusion accuracy');
#5294 = CONTEXT_DEPENDENT_SHAPE_REPRESENTATION(#5295,#5297);
#5295 = ( REPRESENTATION_RELATIONSHIP('','',#5284,#10) 
REPRESENTATION_RELATIONSHIP_WITH_TRANSFORMATION(#5296) 
SHAPE_REPRESENTATION_RELATIONSHIP() );
#5296 = ITEM_DEFINED_TRANSFORMATION('','',#11,#23);
#5297 = PRODUCT_DEFINITION_SHAPE('Placement','Placement of an item',
  #5298);
#5298 = NEXT_ASSEMBLY_USAGE_OCCURRENCE('6','R4','',#5,#5279,$);
#5299 = PRODUCT_RELATED_PRODUCT_CATEGORY('part',$,(#5281));
#5300 = SHAPE_DEFINITION_REPRESENTATION(#5301,#5307);
#5301 = PRODUCT_DEFINITION_SHAPE('','',#5302);
#5302 = PRODUCT_DEFINITION('design','',#5303,#5306);
#5303 = PRODUCT_DEFINITION_FORMATION('','',#5304);
#5304 = PRODUCT('User Library-R0603-1','User Library-R0603-1','',(#5305)
  );
#5305 = PRODUCT_CONTEXT('',#2,'mechanical');
#5306 = PRODUCT_DEFINITION_CONTEXT('part definition',#2,'design');
#5307 = ADVANCED_BREP_SHAPE_REPRESENTATION('',(#11,#5308),#7146);
#5308 = MANIFOLD_SOLID_BREP('',#5309);
#5309 = CLOSED_SHELL('',(#5310,#5350,#5390,#5472,#5512,#5570,#5610,#5692
    ,#5732,#5790,#5830,#5870,#5910,#5932,#5990,#6023,#6088,#6121,#6186,
    #6219,#6284,#6317,#6382,#6412,#6442,#6454,#6466,#6490,#6514,#6538,
    #6562,#6578,#6624,#6640,#6686,#6718,#6736,#6753,#6771,#6788,#6801,
    #6833,#6851,#6868,#6886,#6903,#6916,#6948,#6966,#6983,#7001,#7018,
    #7031,#7063,#7081,#7098,#7116,#7133));
#5310 = ADVANCED_FACE('',(#5311),#5345,.F.);
#5311 = FACE_BOUND('',#5312,.T.);
#5312 = EDGE_LOOP('',(#5313,#5323,#5331,#5339));
#5313 = ORIENTED_EDGE('',*,*,#5314,.T.);
#5314 = EDGE_CURVE('',#5315,#5317,#5319,.T.);
#5315 = VERTEX_POINT('',#5316);
#5316 = CARTESIAN_POINT('',(0.8,0.431159223263,-0.37));
#5317 = VERTEX_POINT('',#5318);
#5318 = CARTESIAN_POINT('',(0.8,0.431159223263,0.37));
#5319 = LINE('',#5320,#5321);
#5320 = CARTESIAN_POINT('',(0.8,0.431159223263,0.39));
#5321 = VECTOR('',#5322,1.);
#5322 = DIRECTION('',(-0.,-0.,1.));
#5323 = ORIENTED_EDGE('',*,*,#5324,.T.);
#5324 = EDGE_CURVE('',#5317,#5325,#5327,.T.);
#5325 = VERTEX_POINT('',#5326);
#5326 = CARTESIAN_POINT('',(0.8,0.366385174434,0.37));
#5327 = LINE('',#5328,#5329);
#5328 = CARTESIAN_POINT('',(0.8,0.451159223263,0.37));
#5329 = VECTOR('',#5330,1.);
#5330 = DIRECTION('',(-0.,-1.,-0.));
#5331 = ORIENTED_EDGE('',*,*,#5332,.F.);
#5332 = EDGE_CURVE('',#5333,#5325,#5335,.T.);
#5333 = VERTEX_POINT('',#5334);
#5334 = CARTESIAN_POINT('',(0.8,0.366385174434,-0.37));
#5335 = LINE('',#5336,#5337);
#5336 = CARTESIAN_POINT('',(0.8,0.366385174434,-0.39));
#5337 = VECTOR('',#5338,1.);
#5338 = DIRECTION('',(0.,0.,1.));
#5339 = ORIENTED_EDGE('',*,*,#5340,.T.);
#5340 = EDGE_CURVE('',#5333,#5315,#5341,.T.);
#5341 = LINE('',#5342,#5343);
#5342 = CARTESIAN_POINT('',(0.8,0.431159223263,-0.37));
#5343 = VECTOR('',#5344,1.);
#5344 = DIRECTION('',(-0.,1.,-0.));
#5345 = PLANE('',#5346);
#5346 = AXIS2_PLACEMENT_3D('',#5347,#5348,#5349);
#5347 = CARTESIAN_POINT('',(0.8,0.451159223263,0.4));
#5348 = DIRECTION('',(-1.,0.,0.));
#5349 = DIRECTION('',(0.,0.,1.));
#5350 = ADVANCED_FACE('',(#5351),#5385,.T.);
#5351 = FACE_BOUND('',#5352,.T.);
#5352 = EDGE_LOOP('',(#5353,#5363,#5371,#5379));
#5353 = ORIENTED_EDGE('',*,*,#5354,.T.);
#5354 = EDGE_CURVE('',#5355,#5357,#5359,.T.);
#5355 = VERTEX_POINT('',#5356);
#5356 = CARTESIAN_POINT('',(-0.52,0.451159223263,0.37));
#5357 = VERTEX_POINT('',#5358);
#5358 = CARTESIAN_POINT('',(-0.52,0.451159223263,-0.37));
#5359 = LINE('',#5360,#5361);
#5360 = CARTESIAN_POINT('',(-0.52,0.451159223263,-0.39));
#5361 = VECTOR('',#5362,1.);
#5362 = DIRECTION('',(-1.355252715607E-16,0.,-1.));
#5363 = ORIENTED_EDGE('',*,*,#5364,.T.);
#5364 = EDGE_CURVE('',#5357,#5365,#5367,.T.);
#5365 = VERTEX_POINT('',#5366);
#5366 = CARTESIAN_POINT('',(-0.78,0.451159223263,-0.37));
#5367 = LINE('',#5368,#5369);
#5368 = CARTESIAN_POINT('',(-0.78,0.451159223263,-0.37));
#5369 = VECTOR('',#5370,1.);
#5370 = DIRECTION('',(-1.,-0.,1.807003620809E-16));
#5371 = ORIENTED_EDGE('',*,*,#5372,.T.);
#5372 = EDGE_CURVE('',#5365,#5373,#5375,.T.);
#5373 = VERTEX_POINT('',#5374);
#5374 = CARTESIAN_POINT('',(-0.78,0.451159223263,0.37));
#5375 = LINE('',#5376,#5377);
#5376 = CARTESIAN_POINT('',(-0.78,0.451159223263,0.39));
#5377 = VECTOR('',#5378,1.);
#5378 = DIRECTION('',(-0.,0.,1.));
#5379 = ORIENTED_EDGE('',*,*,#5380,.T.);
#5380 = EDGE_CURVE('',#5373,#5355,#5381,.T.);
#5381 = LINE('',#5382,#5383);
#5382 = CARTESIAN_POINT('',(0.,0.451159223263,0.37));
#5383 = VECTOR('',#5384,1.);
#5384 = DIRECTION('',(1.,-0.,-0.));
#5385 = PLANE('',#5386);
#5386 = AXIS2_PLACEMENT_3D('',#5387,#5388,#5389);
#5387 = CARTESIAN_POINT('',(0.,0.451159223263,0.));
#5388 = DIRECTION('',(0.,1.,0.));
#5389 = DIRECTION('',(0.,-0.,1.));
#5390 = ADVANCED_FACE('',(#5391),#5467,.F.);
#5391 = FACE_BOUND('',#5392,.T.);
#5392 = EDGE_LOOP('',(#5393,#5403,#5424,#5432,#5440,#5448));
#5393 = ORIENTED_EDGE('',*,*,#5394,.F.);
#5394 = EDGE_CURVE('',#5395,#5397,#5399,.T.);
#5395 = VERTEX_POINT('',#5396);
#5396 = CARTESIAN_POINT('',(-0.95,0.,-0.37));
#5397 = VERTEX_POINT('',#5398);
#5398 = CARTESIAN_POINT('',(-0.95,0.,0.37));
#5399 = LINE('',#5400,#5401);
#5400 = CARTESIAN_POINT('',(-0.95,0.,-0.39));
#5401 = VECTOR('',#5402,1.);
#5402 = DIRECTION('',(0.,0.,1.));
#5403 = ORIENTED_EDGE('',*,*,#5404,.T.);
#5404 = EDGE_CURVE('',#5395,#5405,#5407,.T.);
#5405 = VERTEX_POINT('',#5406);
#5406 = CARTESIAN_POINT('',(-0.922112489232,0.,-0.39));
#5407 = B_SPLINE_CURVE_WITH_KNOTS('',3,(#5408,#5409,#5410,#5411,#5412,
    #5413,#5414,#5415,#5416,#5417,#5418,#5419,#5420,#5421,#5422,#5423),
  .UNSPECIFIED.,.F.,.F.,(4,3,3,3,3,4),(0.,5.33308900556E-06,
    1.062065031258E-05,1.81611736461E-05,2.856067469685E-05,
    3.767182535655E-05),.UNSPECIFIED.);
#5408 = CARTESIAN_POINT('',(-0.95,0.,-0.37));
#5409 = CARTESIAN_POINT('',(-0.95,-1.582391850887E-35,-0.371777696335));
#5410 = CARTESIAN_POINT('',(-0.949647888902,0.,-0.37358109358));
#5411 = CARTESIAN_POINT('',(-0.949009967246,0.,-0.375240388677));
#5412 = CARTESIAN_POINT('',(-0.948375152251,0.,-0.376891603052));
#5413 = CARTESIAN_POINT('',(-0.947448681893,0.,-0.378447047443));
#5414 = CARTESIAN_POINT('',(-0.946346405705,0.,-0.379830697036));
#5415 = CARTESIAN_POINT('',(-0.944780716018,0.,-0.381796053741));
#5416 = CARTESIAN_POINT('',(-0.942822821679,0.,-0.383475854175));
#5417 = CARTESIAN_POINT('',(-0.940710931608,0.,-0.384837445706));
#5418 = CARTESIAN_POINT('',(-0.93780650336,0.,-0.386710007615));
#5419 = CARTESIAN_POINT('',(-0.934521164086,0.,-0.388050981549));
#5420 = CARTESIAN_POINT('',(-0.931169158537,0.,-0.388891368571));
#5421 = CARTESIAN_POINT('',(-0.928219038842,0.,-0.389630998105));
#5422 = CARTESIAN_POINT('',(-0.925153912922,0.,-0.39));
#5423 = CARTESIAN_POINT('',(-0.922112489232,0.,-0.39));
#5424 = ORIENTED_EDGE('',*,*,#5425,.F.);
#5425 = EDGE_CURVE('',#5426,#5405,#5428,.T.);
#5426 = VERTEX_POINT('',#5427);
#5427 = CARTESIAN_POINT('',(-0.52,0.,-0.39));
#5428 = LINE('',#5429,#5430);
#5429 = CARTESIAN_POINT('',(-0.8,0.,-0.39));
#5430 = VECTOR('',#5431,1.);
#5431 = DIRECTION('',(-1.,-0.,1.807003620809E-16));
#5432 = ORIENTED_EDGE('',*,*,#5433,.T.);
#5433 = EDGE_CURVE('',#5426,#5434,#5436,.T.);
#5434 = VERTEX_POINT('',#5435);
#5435 = CARTESIAN_POINT('',(-0.52,0.,0.39));
#5436 = LINE('',#5437,#5438);
#5437 = CARTESIAN_POINT('',(-0.52,0.,0.39));
#5438 = VECTOR('',#5439,1.);
#5439 = DIRECTION('',(1.355252715607E-16,-0.,1.));
#5440 = ORIENTED_EDGE('',*,*,#5441,.F.);
#5441 = EDGE_CURVE('',#5442,#5434,#5444,.T.);
#5442 = VERTEX_POINT('',#5443);
#5443 = CARTESIAN_POINT('',(-0.922112489232,0.,0.39));
#5444 = LINE('',#5445,#5446);
#5445 = CARTESIAN_POINT('',(-0.8,0.,0.39));
#5446 = VECTOR('',#5447,1.);
#5447 = DIRECTION('',(1.,0.,0.));
#5448 = ORIENTED_EDGE('',*,*,#5449,.T.);
#5449 = EDGE_CURVE('',#5442,#5397,#5450,.T.);
#5450 = B_SPLINE_CURVE_WITH_KNOTS('',3,(#5451,#5452,#5453,#5454,#5455,
    #5456,#5457,#5458,#5459,#5460,#5461,#5462,#5463,#5464,#5465,#5466),
  .UNSPECIFIED.,.F.,.F.,(4,3,3,3,3,4),(0.,1.244777469223E-05,
    2.168196786831E-05,2.838576188401E-05,3.37120755045E-05,
    3.748736161624E-05),.UNSPECIFIED.);
#5451 = CARTESIAN_POINT('',(-0.922112489232,0.,0.39));
#5452 = CARTESIAN_POINT('',(-0.926261747463,0.,0.39));
#5453 = CARTESIAN_POINT('',(-0.930476479302,0.,0.389311893694));
#5454 = CARTESIAN_POINT('',(-0.934385196325,0.,0.387919674208));
#5455 = CARTESIAN_POINT('',(-0.937296166103,0.,0.386882835566));
#5456 = CARTESIAN_POINT('',(-0.940110001172,0.,0.385427387587));
#5457 = CARTESIAN_POINT('',(-0.942553400528,0.,0.383535674342));
#5458 = CARTESIAN_POINT('',(-0.944331887755,0.,0.382158745174));
#5459 = CARTESIAN_POINT('',(-0.94594997256,0.,0.380516184884));
#5460 = CARTESIAN_POINT('',(-0.947212438321,0.,0.378654698663));
#5461 = CARTESIAN_POINT('',(-0.94821674131,0.,0.377173869454));
#5462 = CARTESIAN_POINT('',(-0.949013637828,0.,0.375517922312));
#5463 = CARTESIAN_POINT('',(-0.949485827913,0.,0.373792084497));
#5464 = CARTESIAN_POINT('',(-0.949822458997,0.,0.372561709966));
#5465 = CARTESIAN_POINT('',(-0.95,0.,0.371275594753));
#5466 = CARTESIAN_POINT('',(-0.95,0.,0.37));
#5467 = PLANE('',#5468);
#5468 = AXIS2_PLACEMENT_3D('',#5469,#5470,#5471);
#5469 = CARTESIAN_POINT('',(0.,0.,0.));
#5470 = DIRECTION('',(0.,1.,0.));
#5471 = DIRECTION('',(0.,-0.,1.));
#5472 = ADVANCED_FACE('',(#5473),#5507,.F.);
#5473 = FACE_BOUND('',#5474,.T.);
#5474 = EDGE_LOOP('',(#5475,#5485,#5493,#5501));
#5475 = ORIENTED_EDGE('',*,*,#5476,.T.);
#5476 = EDGE_CURVE('',#5477,#5479,#5481,.T.);
#5477 = VERTEX_POINT('',#5478);
#5478 = CARTESIAN_POINT('',(-0.8,0.431159223263,0.37));
#5479 = VERTEX_POINT('',#5480);
#5480 = CARTESIAN_POINT('',(-0.8,0.431159223263,-0.37));
#5481 = LINE('',#5482,#5483);
#5482 = CARTESIAN_POINT('',(-0.8,0.431159223263,-0.39));
#5483 = VECTOR('',#5484,1.);
#5484 = DIRECTION('',(0.,-0.,-1.));
#5485 = ORIENTED_EDGE('',*,*,#5486,.T.);
#5486 = EDGE_CURVE('',#5479,#5487,#5489,.T.);
#5487 = VERTEX_POINT('',#5488);
#5488 = CARTESIAN_POINT('',(-0.8,0.366385174434,-0.37));
#5489 = LINE('',#5490,#5491);
#5490 = CARTESIAN_POINT('',(-0.8,0.451159223263,-0.37));
#5491 = VECTOR('',#5492,1.);
#5492 = DIRECTION('',(-0.,-1.,1.306104834247E-30));
#5493 = ORIENTED_EDGE('',*,*,#5494,.T.);
#5494 = EDGE_CURVE('',#5487,#5495,#5497,.T.);
#5495 = VERTEX_POINT('',#5496);
#5496 = CARTESIAN_POINT('',(-0.8,0.366385174434,0.37));
#5497 = LINE('',#5498,#5499);
#5498 = CARTESIAN_POINT('',(-0.8,0.366385174434,-0.39));
#5499 = VECTOR('',#5500,1.);
#5500 = DIRECTION('',(0.,0.,1.));
#5501 = ORIENTED_EDGE('',*,*,#5502,.T.);
#5502 = EDGE_CURVE('',#5495,#5477,#5503,.T.);
#5503 = LINE('',#5504,#5505);
#5504 = CARTESIAN_POINT('',(-0.8,0.431159223263,0.37));
#5505 = VECTOR('',#5506,1.);
#5506 = DIRECTION('',(-0.,1.,-0.));
#5507 = PLANE('',#5508);
#5508 = AXIS2_PLACEMENT_3D('',#5509,#5510,#5511);
#5509 = CARTESIAN_POINT('',(-0.8,0.451159223263,0.4));
#5510 = DIRECTION('',(1.,-0.,0.));
#5511 = DIRECTION('',(0.,0.,-1.));
#5512 = ADVANCED_FACE('',(#5513),#5565,.T.);
#5513 = FACE_BOUND('',#5514,.T.);
#5514 = EDGE_LOOP('',(#5515,#5525,#5533,#5541,#5550,#5558));
#5515 = ORIENTED_EDGE('',*,*,#5516,.F.);
#5516 = EDGE_CURVE('',#5517,#5519,#5521,.T.);
#5517 = VERTEX_POINT('',#5518);
#5518 = CARTESIAN_POINT('',(-0.5,2.E-02,0.39));
#5519 = VERTEX_POINT('',#5520);
#5520 = CARTESIAN_POINT('',(-0.5,3.267949185433E-02,0.39));
#5521 = LINE('',#5522,#5523);
#5522 = CARTESIAN_POINT('',(-0.5,0.,0.39));
#5523 = VECTOR('',#5524,1.);
#5524 = DIRECTION('',(3.614007241618E-15,1.,0.));
#5525 = ORIENTED_EDGE('',*,*,#5526,.T.);
#5526 = EDGE_CURVE('',#5517,#5527,#5529,.T.);
#5527 = VERTEX_POINT('',#5528);
#5528 = CARTESIAN_POINT('',(-0.5,2.E-02,-0.39));
#5529 = LINE('',#5530,#5531);
#5530 = CARTESIAN_POINT('',(-0.5,2.E-02,-0.39));
#5531 = VECTOR('',#5532,1.);
#5532 = DIRECTION('',(-1.355252715607E-16,0.,-1.));
#5533 = ORIENTED_EDGE('',*,*,#5534,.F.);
#5534 = EDGE_CURVE('',#5535,#5527,#5537,.T.);
#5535 = VERTEX_POINT('',#5536);
#5536 = CARTESIAN_POINT('',(-0.5,3.267949185433E-02,-0.39));
#5537 = LINE('',#5538,#5539);
#5538 = CARTESIAN_POINT('',(-0.5,0.,-0.39));
#5539 = VECTOR('',#5540,1.);
#5540 = DIRECTION('',(-3.614007241618E-15,-1.,-0.));
#5541 = ORIENTED_EDGE('',*,*,#5542,.T.);
#5542 = EDGE_CURVE('',#5535,#5543,#5545,.T.);
#5543 = VERTEX_POINT('',#5544);
#5544 = CARTESIAN_POINT('',(-0.5,3.E-02,-0.38));
#5545 = CIRCLE('',#5546,2.E-02);
#5546 = AXIS2_PLACEMENT_3D('',#5547,#5548,#5549);
#5547 = CARTESIAN_POINT('',(-0.5,5.E-02,-0.38));
#5548 = DIRECTION('',(-1.,7.228014483237E-15,1.355252715607E-16));
#5549 = DIRECTION('',(7.228014483237E-15,1.,2.710505431214E-15));
#5550 = ORIENTED_EDGE('',*,*,#5551,.F.);
#5551 = EDGE_CURVE('',#5552,#5543,#5554,.T.);
#5552 = VERTEX_POINT('',#5553);
#5553 = CARTESIAN_POINT('',(-0.5,3.E-02,0.38));
#5554 = LINE('',#5555,#5556);
#5555 = CARTESIAN_POINT('',(-0.5,3.E-02,9.6));
#5556 = VECTOR('',#5557,1.);
#5557 = DIRECTION('',(-1.355252715607E-16,-0.,-1.));
#5558 = ORIENTED_EDGE('',*,*,#5559,.T.);
#5559 = EDGE_CURVE('',#5552,#5519,#5560,.T.);
#5560 = CIRCLE('',#5561,2.E-02);
#5561 = AXIS2_PLACEMENT_3D('',#5562,#5563,#5564);
#5562 = CARTESIAN_POINT('',(-0.5,5.E-02,0.38));
#5563 = DIRECTION('',(-1.,7.228014483237E-15,1.355252715607E-16));
#5564 = DIRECTION('',(7.228014483237E-15,1.,-2.448946564213E-31));
#5565 = PLANE('',#5566);
#5566 = AXIS2_PLACEMENT_3D('',#5567,#5568,#5569);
#5567 = CARTESIAN_POINT('',(-0.5,3.614007241618E-15,9.6));
#5568 = DIRECTION('',(1.,-7.228014483237E-15,-1.355252715607E-16));
#5569 = DIRECTION('',(7.228014483237E-15,1.,0.));
#5570 = ADVANCED_FACE('',(#5571),#5605,.F.);
#5571 = FACE_BOUND('',#5572,.T.);
#5572 = EDGE_LOOP('',(#5573,#5583,#5591,#5599));
#5573 = ORIENTED_EDGE('',*,*,#5574,.T.);
#5574 = EDGE_CURVE('',#5575,#5577,#5579,.T.);
#5575 = VERTEX_POINT('',#5576);
#5576 = CARTESIAN_POINT('',(-0.5,0.421159223263,0.37));
#5577 = VERTEX_POINT('',#5578);
#5578 = CARTESIAN_POINT('',(-0.5,0.421159223263,-0.37));
#5579 = LINE('',#5580,#5581);
#5580 = CARTESIAN_POINT('',(-0.5,0.421159223263,9.6));
#5581 = VECTOR('',#5582,1.);
#5582 = DIRECTION('',(-1.355252715607E-16,-0.,-1.));
#5583 = ORIENTED_EDGE('',*,*,#5584,.T.);
#5584 = EDGE_CURVE('',#5577,#5585,#5587,.T.);
#5585 = VERTEX_POINT('',#5586);
#5586 = CARTESIAN_POINT('',(-0.5,0.431159223263,-0.37));
#5587 = LINE('',#5588,#5589);
#5588 = CARTESIAN_POINT('',(-0.5,0.421159223263,-0.37));
#5589 = VECTOR('',#5590,1.);
#5590 = DIRECTION('',(-7.228014483237E-15,1.,-0.));
#5591 = ORIENTED_EDGE('',*,*,#5592,.T.);
#5592 = EDGE_CURVE('',#5585,#5593,#5595,.T.);
#5593 = VERTEX_POINT('',#5594);
#5594 = CARTESIAN_POINT('',(-0.5,0.431159223263,0.37));
#5595 = LINE('',#5596,#5597);
#5596 = CARTESIAN_POINT('',(-0.5,0.431159223263,0.39));
#5597 = VECTOR('',#5598,1.);
#5598 = DIRECTION('',(1.355252715607E-16,0.,1.));
#5599 = ORIENTED_EDGE('',*,*,#5600,.T.);
#5600 = EDGE_CURVE('',#5593,#5575,#5601,.T.);
#5601 = LINE('',#5602,#5603);
#5602 = CARTESIAN_POINT('',(-0.5,0.418479731409,0.37));
#5603 = VECTOR('',#5604,1.);
#5604 = DIRECTION('',(7.228014483237E-15,-1.,-0.));
#5605 = PLANE('',#5606);
#5606 = AXIS2_PLACEMENT_3D('',#5607,#5608,#5609);
#5607 = CARTESIAN_POINT('',(-0.5,0.421159223263,9.6));
#5608 = DIRECTION('',(-1.,-7.228014483237E-15,1.355252715607E-16));
#5609 = DIRECTION('',(7.228014483237E-15,-1.,0.));
#5610 = ADVANCED_FACE('',(#5611),#5687,.F.);
#5611 = FACE_BOUND('',#5612,.T.);
#5612 = EDGE_LOOP('',(#5613,#5623,#5644,#5652,#5660,#5668));
#5613 = ORIENTED_EDGE('',*,*,#5614,.T.);
#5614 = EDGE_CURVE('',#5615,#5617,#5619,.T.);
#5615 = VERTEX_POINT('',#5616);
#5616 = CARTESIAN_POINT('',(0.95,0.,-0.37));
#5617 = VERTEX_POINT('',#5618);
#5618 = CARTESIAN_POINT('',(0.95,0.,0.37));
#5619 = LINE('',#5620,#5621);
#5620 = CARTESIAN_POINT('',(0.95,0.,-0.39));
#5621 = VECTOR('',#5622,1.);
#5622 = DIRECTION('',(0.,0.,1.));
#5623 = ORIENTED_EDGE('',*,*,#5624,.T.);
#5624 = EDGE_CURVE('',#5617,#5625,#5627,.T.);
#5625 = VERTEX_POINT('',#5626);
#5626 = CARTESIAN_POINT('',(0.922112489232,0.,0.39));
#5627 = B_SPLINE_CURVE_WITH_KNOTS('',3,(#5628,#5629,#5630,#5631,#5632,
    #5633,#5634,#5635,#5636,#5637,#5638,#5639,#5640,#5641,#5642,#5643),
  .UNSPECIFIED.,.F.,.F.,(4,3,3,3,3,4),(2.168404344971E-19,
    5.33308900556E-06,1.062065031258E-05,1.81611736461E-05,
    2.856067469685E-05,3.767182535655E-05),.UNSPECIFIED.);
#5628 = CARTESIAN_POINT('',(0.95,0.,0.37));
#5629 = CARTESIAN_POINT('',(0.95,0.,0.371777696335));
#5630 = CARTESIAN_POINT('',(0.949647888902,0.,0.37358109358));
#5631 = CARTESIAN_POINT('',(0.949009967246,0.,0.375240388677));
#5632 = CARTESIAN_POINT('',(0.948375152251,0.,0.376891603052));
#5633 = CARTESIAN_POINT('',(0.947448681893,0.,0.378447047443));
#5634 = CARTESIAN_POINT('',(0.946346405705,0.,0.379830697036));
#5635 = CARTESIAN_POINT('',(0.944780716018,0.,0.381796053741));
#5636 = CARTESIAN_POINT('',(0.942822821679,0.,0.383475854175));
#5637 = CARTESIAN_POINT('',(0.940710931608,0.,0.384837445706));
#5638 = CARTESIAN_POINT('',(0.93780650336,0.,0.386710007615));
#5639 = CARTESIAN_POINT('',(0.934521164086,0.,0.388050981549));
#5640 = CARTESIAN_POINT('',(0.931169158537,0.,0.388891368571));
#5641 = CARTESIAN_POINT('',(0.928219038842,0.,0.389630998105));
#5642 = CARTESIAN_POINT('',(0.925153912922,0.,0.39));
#5643 = CARTESIAN_POINT('',(0.922112489232,0.,0.39));
#5644 = ORIENTED_EDGE('',*,*,#5645,.F.);
#5645 = EDGE_CURVE('',#5646,#5625,#5648,.T.);
#5646 = VERTEX_POINT('',#5647);
#5647 = CARTESIAN_POINT('',(0.52,0.,0.39));
#5648 = LINE('',#5649,#5650);
#5649 = CARTESIAN_POINT('',(0.8,0.,0.39));
#5650 = VECTOR('',#5651,1.);
#5651 = DIRECTION('',(1.,-0.,-0.));
#5652 = ORIENTED_EDGE('',*,*,#5653,.T.);
#5653 = EDGE_CURVE('',#5646,#5654,#5656,.T.);
#5654 = VERTEX_POINT('',#5655);
#5655 = CARTESIAN_POINT('',(0.52,0.,-0.39));
#5656 = LINE('',#5657,#5658);
#5657 = CARTESIAN_POINT('',(0.52,0.,-0.39));
#5658 = VECTOR('',#5659,1.);
#5659 = DIRECTION('',(-1.355252715607E-16,0.,-1.));
#5660 = ORIENTED_EDGE('',*,*,#5661,.F.);
#5661 = EDGE_CURVE('',#5662,#5654,#5664,.T.);
#5662 = VERTEX_POINT('',#5663);
#5663 = CARTESIAN_POINT('',(0.922112489232,0.,-0.39));
#5664 = LINE('',#5665,#5666);
#5665 = CARTESIAN_POINT('',(0.8,0.,-0.39));
#5666 = VECTOR('',#5667,1.);
#5667 = DIRECTION('',(-1.,0.,1.807003620809E-16));
#5668 = ORIENTED_EDGE('',*,*,#5669,.T.);
#5669 = EDGE_CURVE('',#5662,#5615,#5670,.T.);
#5670 = B_SPLINE_CURVE_WITH_KNOTS('',3,(#5671,#5672,#5673,#5674,#5675,
    #5676,#5677,#5678,#5679,#5680,#5681,#5682,#5683,#5684,#5685,#5686),
  .UNSPECIFIED.,.F.,.F.,(4,3,3,3,3,4),(0.,1.244777469223E-05,
    2.168196786831E-05,2.838576188401E-05,3.37120755045E-05,
    3.748736161624E-05),.UNSPECIFIED.);
#5671 = CARTESIAN_POINT('',(0.922112489232,0.,-0.39));
#5672 = CARTESIAN_POINT('',(0.926261747463,9.745068515333E-17,-0.39));
#5673 = CARTESIAN_POINT('',(0.930476479302,0.,-0.389311893694));
#5674 = CARTESIAN_POINT('',(0.934385196325,0.,-0.387919674208));
#5675 = CARTESIAN_POINT('',(0.937296166103,0.,-0.386882835566));
#5676 = CARTESIAN_POINT('',(0.940110001172,0.,-0.385427387587));
#5677 = CARTESIAN_POINT('',(0.942553400528,0.,-0.383535674342));
#5678 = CARTESIAN_POINT('',(0.944331887755,0.,-0.382158745174));
#5679 = CARTESIAN_POINT('',(0.94594997256,0.,-0.380516184884));
#5680 = CARTESIAN_POINT('',(0.947212438321,0.,-0.378654698663));
#5681 = CARTESIAN_POINT('',(0.94821674131,0.,-0.377173869454));
#5682 = CARTESIAN_POINT('',(0.949013637828,0.,-0.375517922312));
#5683 = CARTESIAN_POINT('',(0.949485827913,0.,-0.373792084497));
#5684 = CARTESIAN_POINT('',(0.949822458997,0.,-0.372561709966));
#5685 = CARTESIAN_POINT('',(0.95,0.,-0.371275594753));
#5686 = CARTESIAN_POINT('',(0.95,0.,-0.37));
#5687 = PLANE('',#5688);
#5688 = AXIS2_PLACEMENT_3D('',#5689,#5690,#5691);
#5689 = CARTESIAN_POINT('',(0.,0.,0.));
#5690 = DIRECTION('',(0.,1.,0.));
#5691 = DIRECTION('',(0.,-0.,1.));
#5692 = ADVANCED_FACE('',(#5693),#5727,.T.);
#5693 = FACE_BOUND('',#5694,.T.);
#5694 = EDGE_LOOP('',(#5695,#5705,#5713,#5721));
#5695 = ORIENTED_EDGE('',*,*,#5696,.T.);
#5696 = EDGE_CURVE('',#5697,#5699,#5701,.T.);
#5697 = VERTEX_POINT('',#5698);
#5698 = CARTESIAN_POINT('',(0.52,0.451159223263,-0.37));
#5699 = VERTEX_POINT('',#5700);
#5700 = CARTESIAN_POINT('',(0.52,0.451159223263,0.37));
#5701 = LINE('',#5702,#5703);
#5702 = CARTESIAN_POINT('',(0.52,0.451159223263,0.39));
#5703 = VECTOR('',#5704,1.);
#5704 = DIRECTION('',(1.355252715607E-16,-0.,1.));
#5705 = ORIENTED_EDGE('',*,*,#5706,.T.);
#5706 = EDGE_CURVE('',#5699,#5707,#5709,.T.);
#5707 = VERTEX_POINT('',#5708);
#5708 = CARTESIAN_POINT('',(0.78,0.451159223263,0.37));
#5709 = LINE('',#5710,#5711);
#5710 = CARTESIAN_POINT('',(0.78,0.451159223263,0.37));
#5711 = VECTOR('',#5712,1.);
#5712 = DIRECTION('',(1.,-0.,-0.));
#5713 = ORIENTED_EDGE('',*,*,#5714,.T.);
#5714 = EDGE_CURVE('',#5707,#5715,#5717,.T.);
#5715 = VERTEX_POINT('',#5716);
#5716 = CARTESIAN_POINT('',(0.78,0.451159223263,-0.37));
#5717 = LINE('',#5718,#5719);
#5718 = CARTESIAN_POINT('',(0.78,0.451159223263,-0.39));
#5719 = VECTOR('',#5720,1.);
#5720 = DIRECTION('',(0.,0.,-1.));
#5721 = ORIENTED_EDGE('',*,*,#5722,.T.);
#5722 = EDGE_CURVE('',#5715,#5697,#5723,.T.);
#5723 = LINE('',#5724,#5725);
#5724 = CARTESIAN_POINT('',(-7.428792663327E-17,0.451159223263,-0.37));
#5725 = VECTOR('',#5726,1.);
#5726 = DIRECTION('',(-1.,-0.,2.007781800899E-16));
#5727 = PLANE('',#5728);
#5728 = AXIS2_PLACEMENT_3D('',#5729,#5730,#5731);
#5729 = CARTESIAN_POINT('',(0.,0.451159223263,0.));
#5730 = DIRECTION('',(0.,1.,0.));
#5731 = DIRECTION('',(0.,-0.,1.));
#5732 = ADVANCED_FACE('',(#5733),#5785,.T.);
#5733 = FACE_BOUND('',#5734,.T.);
#5734 = EDGE_LOOP('',(#5735,#5745,#5753,#5761,#5770,#5778));
#5735 = ORIENTED_EDGE('',*,*,#5736,.F.);
#5736 = EDGE_CURVE('',#5737,#5739,#5741,.T.);
#5737 = VERTEX_POINT('',#5738);
#5738 = CARTESIAN_POINT('',(0.5,2.E-02,-0.39));
#5739 = VERTEX_POINT('',#5740);
#5740 = CARTESIAN_POINT('',(0.5,3.267949185433E-02,-0.39));
#5741 = LINE('',#5742,#5743);
#5742 = CARTESIAN_POINT('',(0.5,0.,-0.39));
#5743 = VECTOR('',#5744,1.);
#5744 = DIRECTION('',(0.,1.,0.));
#5745 = ORIENTED_EDGE('',*,*,#5746,.T.);
#5746 = EDGE_CURVE('',#5737,#5747,#5749,.T.);
#5747 = VERTEX_POINT('',#5748);
#5748 = CARTESIAN_POINT('',(0.5,2.E-02,0.39));
#5749 = LINE('',#5750,#5751);
#5750 = CARTESIAN_POINT('',(0.5,2.E-02,0.39));
#5751 = VECTOR('',#5752,1.);
#5752 = DIRECTION('',(1.355252715607E-16,-0.,1.));
#5753 = ORIENTED_EDGE('',*,*,#5754,.F.);
#5754 = EDGE_CURVE('',#5755,#5747,#5757,.T.);
#5755 = VERTEX_POINT('',#5756);
#5756 = CARTESIAN_POINT('',(0.5,3.267949185433E-02,0.39));
#5757 = LINE('',#5758,#5759);
#5758 = CARTESIAN_POINT('',(0.5,0.,0.39));
#5759 = VECTOR('',#5760,1.);
#5760 = DIRECTION('',(-0.,-1.,-0.));
#5761 = ORIENTED_EDGE('',*,*,#5762,.T.);
#5762 = EDGE_CURVE('',#5755,#5763,#5765,.T.);
#5763 = VERTEX_POINT('',#5764);
#5764 = CARTESIAN_POINT('',(0.5,3.E-02,0.38));
#5765 = CIRCLE('',#5766,2.E-02);
#5766 = AXIS2_PLACEMENT_3D('',#5767,#5768,#5769);
#5767 = CARTESIAN_POINT('',(0.5,5.E-02,0.38));
#5768 = DIRECTION('',(1.,0.,-1.355252715607E-16));
#5769 = DIRECTION('',(1.355252715607E-16,1.694065894509E-15,1.));
#5770 = ORIENTED_EDGE('',*,*,#5771,.T.);
#5771 = EDGE_CURVE('',#5763,#5772,#5774,.T.);
#5772 = VERTEX_POINT('',#5773);
#5773 = CARTESIAN_POINT('',(0.5,3.E-02,-0.38));
#5774 = LINE('',#5775,#5776);
#5775 = CARTESIAN_POINT('',(0.5,3.E-02,9.6));
#5776 = VECTOR('',#5777,1.);
#5777 = DIRECTION('',(-1.355252715607E-16,-0.,-1.));
#5778 = ORIENTED_EDGE('',*,*,#5779,.T.);
#5779 = EDGE_CURVE('',#5772,#5739,#5780,.T.);
#5780 = CIRCLE('',#5781,2.E-02);
#5781 = AXIS2_PLACEMENT_3D('',#5782,#5783,#5784);
#5782 = CARTESIAN_POINT('',(0.5,5.E-02,-0.38));
#5783 = DIRECTION('',(1.,0.,-1.355252715607E-16));
#5784 = DIRECTION('',(1.355252715607E-16,0.,1.));
#5785 = PLANE('',#5786);
#5786 = AXIS2_PLACEMENT_3D('',#5787,#5788,#5789);
#5787 = CARTESIAN_POINT('',(0.5,-1.479114197289E-32,9.6));
#5788 = DIRECTION('',(-1.,0.,1.355252715607E-16));
#5789 = DIRECTION('',(1.355252715607E-16,0.,1.));
#5790 = ADVANCED_FACE('',(#5791),#5825,.F.);
#5791 = FACE_BOUND('',#5792,.T.);
#5792 = EDGE_LOOP('',(#5793,#5803,#5811,#5819));
#5793 = ORIENTED_EDGE('',*,*,#5794,.F.);
#5794 = EDGE_CURVE('',#5795,#5797,#5799,.T.);
#5795 = VERTEX_POINT('',#5796);
#5796 = CARTESIAN_POINT('',(0.5,0.421159223263,0.37));
#5797 = VERTEX_POINT('',#5798);
#5798 = CARTESIAN_POINT('',(0.5,0.421159223263,-0.37));
#5799 = LINE('',#5800,#5801);
#5800 = CARTESIAN_POINT('',(0.5,0.421159223263,9.6));
#5801 = VECTOR('',#5802,1.);
#5802 = DIRECTION('',(-1.355252715607E-16,-0.,-1.));
#5803 = ORIENTED_EDGE('',*,*,#5804,.T.);
#5804 = EDGE_CURVE('',#5795,#5805,#5807,.T.);
#5805 = VERTEX_POINT('',#5806);
#5806 = CARTESIAN_POINT('',(0.5,0.431159223263,0.37));
#5807 = LINE('',#5808,#5809);
#5808 = CARTESIAN_POINT('',(0.5,0.451159223263,0.37));
#5809 = VECTOR('',#5810,1.);
#5810 = DIRECTION('',(-0.,1.,-0.));
#5811 = ORIENTED_EDGE('',*,*,#5812,.T.);
#5812 = EDGE_CURVE('',#5805,#5813,#5815,.T.);
#5813 = VERTEX_POINT('',#5814);
#5814 = CARTESIAN_POINT('',(0.5,0.431159223263,-0.37));
#5815 = LINE('',#5816,#5817);
#5816 = CARTESIAN_POINT('',(0.5,0.431159223263,-0.39));
#5817 = VECTOR('',#5818,1.);
#5818 = DIRECTION('',(-1.355252715607E-16,0.,-1.));
#5819 = ORIENTED_EDGE('',*,*,#5820,.T.);
#5820 = EDGE_CURVE('',#5813,#5797,#5821,.T.);
#5821 = LINE('',#5822,#5823);
#5822 = CARTESIAN_POINT('',(0.5,0.418479731409,-0.37));
#5823 = VECTOR('',#5824,1.);
#5824 = DIRECTION('',(0.,-1.,-0.));
#5825 = PLANE('',#5826);
#5826 = AXIS2_PLACEMENT_3D('',#5827,#5828,#5829);
#5827 = CARTESIAN_POINT('',(0.5,0.451159223263,9.6));
#5828 = DIRECTION('',(1.,0.,-1.355252715607E-16));
#5829 = DIRECTION('',(-1.355252715607E-16,0.,-1.));
#5830 = ADVANCED_FACE('',(#5831),#5865,.F.);
#5831 = FACE_BOUND('',#5832,.T.);
#5832 = EDGE_LOOP('',(#5833,#5843,#5851,#5859));
#5833 = ORIENTED_EDGE('',*,*,#5834,.F.);
#5834 = EDGE_CURVE('',#5835,#5837,#5839,.T.);
#5835 = VERTEX_POINT('',#5836);
#5836 = CARTESIAN_POINT('',(-0.77,5.E-02,0.4));
#5837 = VERTEX_POINT('',#5838);
#5838 = CARTESIAN_POINT('',(-0.77,0.401159223263,0.4));
#5839 = LINE('',#5840,#5841);
#5840 = CARTESIAN_POINT('',(-0.77,0.421159223263,0.4));
#5841 = VECTOR('',#5842,1.);
#5842 = DIRECTION('',(-0.,1.,-0.));
#5843 = ORIENTED_EDGE('',*,*,#5844,.T.);
#5844 = EDGE_CURVE('',#5835,#5845,#5847,.T.);
#5845 = VERTEX_POINT('',#5846);
#5846 = CARTESIAN_POINT('',(0.77,5.E-02,0.4));
#5847 = LINE('',#5848,#5849);
#5848 = CARTESIAN_POINT('',(0.77,5.E-02,0.4));
#5849 = VECTOR('',#5850,1.);
#5850 = DIRECTION('',(1.,-0.,-1.355252715607E-16));
#5851 = ORIENTED_EDGE('',*,*,#5852,.F.);
#5852 = EDGE_CURVE('',#5853,#5845,#5855,.T.);
#5853 = VERTEX_POINT('',#5854);
#5854 = CARTESIAN_POINT('',(0.77,0.401159223263,0.4));
#5855 = LINE('',#5856,#5857);
#5856 = CARTESIAN_POINT('',(0.77,3.E-02,0.4));
#5857 = VECTOR('',#5858,1.);
#5858 = DIRECTION('',(-2.771766861179E-16,-1.,-0.));
#5859 = ORIENTED_EDGE('',*,*,#5860,.T.);
#5860 = EDGE_CURVE('',#5853,#5837,#5861,.T.);
#5861 = LINE('',#5862,#5863);
#5862 = CARTESIAN_POINT('',(0.8,0.401159223263,0.4));
#5863 = VECTOR('',#5864,1.);
#5864 = DIRECTION('',(-1.,0.,1.355252715607E-16));
#5865 = PLANE('',#5866);
#5866 = AXIS2_PLACEMENT_3D('',#5867,#5868,#5869);
#5867 = CARTESIAN_POINT('',(0.8,0.451159223263,0.4));
#5868 = DIRECTION('',(-1.355252715607E-16,0.,-1.));
#5869 = DIRECTION('',(-1.,0.,1.355252715607E-16));
#5870 = ADVANCED_FACE('',(#5871),#5905,.F.);
#5871 = FACE_BOUND('',#5872,.T.);
#5872 = EDGE_LOOP('',(#5873,#5883,#5891,#5899));
#5873 = ORIENTED_EDGE('',*,*,#5874,.F.);
#5874 = EDGE_CURVE('',#5875,#5877,#5879,.T.);
#5875 = VERTEX_POINT('',#5876);
#5876 = CARTESIAN_POINT('',(0.77,5.E-02,-0.4));
#5877 = VERTEX_POINT('',#5878);
#5878 = CARTESIAN_POINT('',(0.77,0.401159223263,-0.4));
#5879 = LINE('',#5880,#5881);
#5880 = CARTESIAN_POINT('',(0.77,3.E-02,-0.4));
#5881 = VECTOR('',#5882,1.);
#5882 = DIRECTION('',(-2.771766861179E-16,1.,0.));
#5883 = ORIENTED_EDGE('',*,*,#5884,.T.);
#5884 = EDGE_CURVE('',#5875,#5885,#5887,.T.);
#5885 = VERTEX_POINT('',#5886);
#5886 = CARTESIAN_POINT('',(-0.77,5.E-02,-0.4));
#5887 = LINE('',#5888,#5889);
#5888 = CARTESIAN_POINT('',(-0.77,5.E-02,-0.4));
#5889 = VECTOR('',#5890,1.);
#5890 = DIRECTION('',(-1.,0.,1.355252715607E-16));
#5891 = ORIENTED_EDGE('',*,*,#5892,.F.);
#5892 = EDGE_CURVE('',#5893,#5885,#5895,.T.);
#5893 = VERTEX_POINT('',#5894);
#5894 = CARTESIAN_POINT('',(-0.77,0.401159223263,-0.4));
#5895 = LINE('',#5896,#5897);
#5896 = CARTESIAN_POINT('',(-0.77,3.E-02,-0.4));
#5897 = VECTOR('',#5898,1.);
#5898 = DIRECTION('',(2.771766861179E-16,-1.,-0.));
#5899 = ORIENTED_EDGE('',*,*,#5900,.T.);
#5900 = EDGE_CURVE('',#5893,#5877,#5901,.T.);
#5901 = LINE('',#5902,#5903);
#5902 = CARTESIAN_POINT('',(0.8,0.401159223263,-0.4));
#5903 = VECTOR('',#5904,1.);
#5904 = DIRECTION('',(1.,-0.,-1.355252715607E-16));
#5905 = PLANE('',#5906);
#5906 = AXIS2_PLACEMENT_3D('',#5907,#5908,#5909);
#5907 = CARTESIAN_POINT('',(0.8,0.451159223263,-0.4));
#5908 = DIRECTION('',(1.355252715607E-16,-0.,1.));
#5909 = DIRECTION('',(1.,0.,-1.355252715607E-16));
#5910 = ADVANCED_FACE('',(#5911),#5927,.T.);
#5911 = FACE_BOUND('',#5912,.T.);
#5912 = EDGE_LOOP('',(#5913,#5914,#5920,#5921));
#5913 = ORIENTED_EDGE('',*,*,#5771,.F.);
#5914 = ORIENTED_EDGE('',*,*,#5915,.T.);
#5915 = EDGE_CURVE('',#5763,#5552,#5916,.T.);
#5916 = LINE('',#5917,#5918);
#5917 = CARTESIAN_POINT('',(-0.77,3.E-02,0.38));
#5918 = VECTOR('',#5919,1.);
#5919 = DIRECTION('',(-1.,0.,1.355252715607E-16));
#5920 = ORIENTED_EDGE('',*,*,#5551,.T.);
#5921 = ORIENTED_EDGE('',*,*,#5922,.T.);
#5922 = EDGE_CURVE('',#5543,#5772,#5923,.T.);
#5923 = LINE('',#5924,#5925);
#5924 = CARTESIAN_POINT('',(0.77,3.E-02,-0.38));
#5925 = VECTOR('',#5926,1.);
#5926 = DIRECTION('',(1.,-0.,-1.355252715607E-16));
#5927 = PLANE('',#5928);
#5928 = AXIS2_PLACEMENT_3D('',#5929,#5930,#5931);
#5929 = CARTESIAN_POINT('',(1.294786563018E-15,3.E-02,9.6));
#5930 = DIRECTION('',(0.,-1.,0.));
#5931 = DIRECTION('',(0.,-0.,-1.));
#5932 = ADVANCED_FACE('',(#5933),#5985,.F.);
#5933 = FACE_BOUND('',#5934,.T.);
#5934 = EDGE_LOOP('',(#5935,#5936,#5945,#5953,#5960,#5961,#5970,#5978));
#5935 = ORIENTED_EDGE('',*,*,#5574,.F.);
#5936 = ORIENTED_EDGE('',*,*,#5937,.T.);
#5937 = EDGE_CURVE('',#5575,#5938,#5940,.T.);
#5938 = VERTEX_POINT('',#5939);
#5939 = CARTESIAN_POINT('',(-0.502679491854,0.421159223263,0.38));
#5940 = CIRCLE('',#5941,2.E-02);
#5941 = AXIS2_PLACEMENT_3D('',#5942,#5943,#5944);
#5942 = CARTESIAN_POINT('',(-0.52,0.421159223263,0.37));
#5943 = DIRECTION('',(0.,-1.,0.));
#5944 = DIRECTION('',(0.,0.,-1.));
#5945 = ORIENTED_EDGE('',*,*,#5946,.T.);
#5946 = EDGE_CURVE('',#5938,#5947,#5949,.T.);
#5947 = VERTEX_POINT('',#5948);
#5948 = CARTESIAN_POINT('',(0.502679491854,0.421159223263,0.38));
#5949 = LINE('',#5950,#5951);
#5950 = CARTESIAN_POINT('',(0.5,0.421159223263,0.38));
#5951 = VECTOR('',#5952,1.);
#5952 = DIRECTION('',(1.,-0.,-1.355252715607E-16));
#5953 = ORIENTED_EDGE('',*,*,#5954,.T.);
#5954 = EDGE_CURVE('',#5947,#5795,#5955,.T.);
#5955 = CIRCLE('',#5956,2.E-02);
#5956 = AXIS2_PLACEMENT_3D('',#5957,#5958,#5959);
#5957 = CARTESIAN_POINT('',(0.52,0.421159223263,0.37));
#5958 = DIRECTION('',(0.,-1.,0.));
#5959 = DIRECTION('',(0.,0.,-1.));
#5960 = ORIENTED_EDGE('',*,*,#5794,.T.);
#5961 = ORIENTED_EDGE('',*,*,#5962,.T.);
#5962 = EDGE_CURVE('',#5797,#5963,#5965,.T.);
#5963 = VERTEX_POINT('',#5964);
#5964 = CARTESIAN_POINT('',(0.502679491854,0.421159223263,-0.38));
#5965 = CIRCLE('',#5966,2.E-02);
#5966 = AXIS2_PLACEMENT_3D('',#5967,#5968,#5969);
#5967 = CARTESIAN_POINT('',(0.52,0.421159223263,-0.37));
#5968 = DIRECTION('',(0.,-1.,0.));
#5969 = DIRECTION('',(0.,0.,-1.));
#5970 = ORIENTED_EDGE('',*,*,#5971,.T.);
#5971 = EDGE_CURVE('',#5963,#5972,#5974,.T.);
#5972 = VERTEX_POINT('',#5973);
#5973 = CARTESIAN_POINT('',(-0.502679491854,0.421159223263,-0.38));
#5974 = LINE('',#5975,#5976);
#5975 = CARTESIAN_POINT('',(0.5,0.421159223263,-0.38));
#5976 = VECTOR('',#5977,1.);
#5977 = DIRECTION('',(-1.,0.,1.355252715607E-16));
#5978 = ORIENTED_EDGE('',*,*,#5979,.T.);
#5979 = EDGE_CURVE('',#5972,#5577,#5980,.T.);
#5980 = CIRCLE('',#5981,2.E-02);
#5981 = AXIS2_PLACEMENT_3D('',#5982,#5983,#5984);
#5982 = CARTESIAN_POINT('',(-0.52,0.421159223263,-0.37));
#5983 = DIRECTION('',(0.,-1.,0.));
#5984 = DIRECTION('',(0.,0.,-1.));
#5985 = PLANE('',#5986);
#5986 = AXIS2_PLACEMENT_3D('',#5987,#5988,#5989);
#5987 = CARTESIAN_POINT('',(0.5,0.421159223263,9.6));
#5988 = DIRECTION('',(0.,-1.,0.));
#5989 = DIRECTION('',(0.,-0.,-1.));
#5990 = ADVANCED_FACE('',(#5991),#6018,.F.);
#5991 = FACE_BOUND('',#5992,.T.);
#5992 = EDGE_LOOP('',(#5993,#6003,#6010,#6011));
#5993 = ORIENTED_EDGE('',*,*,#5994,.F.);
#5994 = EDGE_CURVE('',#5995,#5997,#5999,.T.);
#5995 = VERTEX_POINT('',#5996);
#5996 = CARTESIAN_POINT('',(0.77,3.267949192431E-02,-0.39));
#5997 = VERTEX_POINT('',#5998);
#5998 = CARTESIAN_POINT('',(0.77,0.418479731339,-0.39));
#5999 = LINE('',#6000,#6001);
#6000 = CARTESIAN_POINT('',(0.77,3.E-02,-0.39));
#6001 = VECTOR('',#6002,1.);
#6002 = DIRECTION('',(-2.771766861179E-16,1.,0.));
#6003 = ORIENTED_EDGE('',*,*,#6004,.T.);
#6004 = EDGE_CURVE('',#5995,#5875,#6005,.T.);
#6005 = CIRCLE('',#6006,2.E-02);
#6006 = AXIS2_PLACEMENT_3D('',#6007,#6008,#6009);
#6007 = CARTESIAN_POINT('',(0.77,5.E-02,-0.38));
#6008 = DIRECTION('',(1.,2.771766861179E-16,-1.355252715607E-16));
#6009 = DIRECTION('',(2.771766861179E-16,-1.,-3.756444565642E-32));
#6010 = ORIENTED_EDGE('',*,*,#5874,.T.);
#6011 = ORIENTED_EDGE('',*,*,#6012,.T.);
#6012 = EDGE_CURVE('',#5877,#5997,#6013,.T.);
#6013 = CIRCLE('',#6014,2.E-02);
#6014 = AXIS2_PLACEMENT_3D('',#6015,#6016,#6017);
#6015 = CARTESIAN_POINT('',(0.77,0.401159223263,-0.38));
#6016 = DIRECTION('',(1.,2.771766861179E-16,-1.355252715607E-16));
#6017 = DIRECTION('',(2.771766861179E-16,-1.,-3.756444565642E-32));
#6018 = PLANE('',#6019);
#6019 = AXIS2_PLACEMENT_3D('',#6020,#6021,#6022);
#6020 = CARTESIAN_POINT('',(0.77,3.E-02,-0.39));
#6021 = DIRECTION('',(-1.,-2.771766861179E-16,1.355252715607E-16));
#6022 = DIRECTION('',(2.771766861179E-16,-1.,0.));
#6023 = ADVANCED_FACE('',(#6024),#6083,.T.);
#6024 = FACE_BOUND('',#6025,.T.);
#6025 = EDGE_LOOP('',(#6026,#6034,#6042,#6050,#6058,#6067,#6068,#6075,
    #6076,#6082));
#6026 = ORIENTED_EDGE('',*,*,#6027,.T.);
#6027 = EDGE_CURVE('',#5997,#6028,#6030,.T.);
#6028 = VERTEX_POINT('',#6029);
#6029 = CARTESIAN_POINT('',(0.52,0.418479731339,-0.39));
#6030 = LINE('',#6031,#6032);
#6031 = CARTESIAN_POINT('',(0.77,0.418479731339,-0.39));
#6032 = VECTOR('',#6033,1.);
#6033 = DIRECTION('',(-1.,0.,1.355252715607E-16));
#6034 = ORIENTED_EDGE('',*,*,#6035,.T.);
#6035 = EDGE_CURVE('',#6028,#6036,#6038,.T.);
#6036 = VERTEX_POINT('',#6037);
#6037 = CARTESIAN_POINT('',(0.52,0.431159223263,-0.39));
#6038 = LINE('',#6039,#6040);
#6039 = CARTESIAN_POINT('',(0.52,0.431159223263,-0.39));
#6040 = VECTOR('',#6041,1.);
#6041 = DIRECTION('',(0.,1.,0.));
#6042 = ORIENTED_EDGE('',*,*,#6043,.T.);
#6043 = EDGE_CURVE('',#6036,#6044,#6046,.T.);
#6044 = VERTEX_POINT('',#6045);
#6045 = CARTESIAN_POINT('',(0.78,0.431159223263,-0.39));
#6046 = LINE('',#6047,#6048);
#6047 = CARTESIAN_POINT('',(-7.895601932036E-17,0.431159223263,-0.39));
#6048 = VECTOR('',#6049,1.);
#6049 = DIRECTION('',(1.,0.,-2.007781800899E-16));
#6050 = ORIENTED_EDGE('',*,*,#6051,.T.);
#6051 = EDGE_CURVE('',#6044,#6052,#6054,.T.);
#6052 = VERTEX_POINT('',#6053);
#6053 = CARTESIAN_POINT('',(0.779999991833,0.366385174427,-0.39));
#6054 = LINE('',#6055,#6056);
#6055 = CARTESIAN_POINT('',(0.78,0.366385174434,-0.39));
#6056 = VECTOR('',#6057,1.);
#6057 = DIRECTION('',(0.,-1.,0.));
#6058 = ORIENTED_EDGE('',*,*,#6059,.T.);
#6059 = EDGE_CURVE('',#6052,#5662,#6060,.T.);
#6060 = B_SPLINE_CURVE_WITH_KNOTS('',3,(#6061,#6062,#6063,#6064,#6065,
    #6066),.UNSPECIFIED.,.F.,.F.,(4,2,4),(0.,2.025648867903E-04,
    4.051297735806E-04),.UNSPECIFIED.);
#6061 = CARTESIAN_POINT('',(0.779999991833,0.366385174427,-0.39));
#6062 = CARTESIAN_POINT('',(0.780061015496,0.298861569508,-0.39));
#6063 = CARTESIAN_POINT('',(0.79109857794,0.231249415232,-0.39));
#6064 = CARTESIAN_POINT('',(0.838755291784,0.106863033769,-0.39));
#6065 = CARTESIAN_POINT('',(0.87584737973,4.923062568609E-02,-0.39));
#6066 = CARTESIAN_POINT('',(0.922112489232,0.,-0.39));
#6067 = ORIENTED_EDGE('',*,*,#5661,.T.);
#6068 = ORIENTED_EDGE('',*,*,#6069,.T.);
#6069 = EDGE_CURVE('',#5654,#5737,#6070,.T.);
#6070 = CIRCLE('',#6071,2.E-02);
#6071 = AXIS2_PLACEMENT_3D('',#6072,#6073,#6074);
#6072 = CARTESIAN_POINT('',(0.52,2.E-02,-0.39));
#6073 = DIRECTION('',(-2.007781800899E-16,0.,-1.));
#6074 = DIRECTION('',(-1.,0.,2.007781800899E-16));
#6075 = ORIENTED_EDGE('',*,*,#5736,.T.);
#6076 = ORIENTED_EDGE('',*,*,#6077,.T.);
#6077 = EDGE_CURVE('',#5739,#5995,#6078,.T.);
#6078 = LINE('',#6079,#6080);
#6079 = CARTESIAN_POINT('',(0.5,3.267949185433E-02,-0.39));
#6080 = VECTOR('',#6081,1.);
#6081 = DIRECTION('',(1.,0.,-1.355252715607E-16));
#6082 = ORIENTED_EDGE('',*,*,#5994,.T.);
#6083 = PLANE('',#6084);
#6084 = AXIS2_PLACEMENT_3D('',#6085,#6086,#6087);
#6085 = CARTESIAN_POINT('',(-7.895601932036E-17,0.,-0.39));
#6086 = DIRECTION('',(-2.007781800899E-16,0.,-1.));
#6087 = DIRECTION('',(-1.,0.,2.007781800899E-16));
#6088 = ADVANCED_FACE('',(#6089),#6116,.F.);
#6089 = FACE_BOUND('',#6090,.T.);
#6090 = EDGE_LOOP('',(#6091,#6092,#6101,#6109));
#6091 = ORIENTED_EDGE('',*,*,#5892,.T.);
#6092 = ORIENTED_EDGE('',*,*,#6093,.T.);
#6093 = EDGE_CURVE('',#5885,#6094,#6096,.T.);
#6094 = VERTEX_POINT('',#6095);
#6095 = CARTESIAN_POINT('',(-0.77,3.267949192431E-02,-0.39));
#6096 = CIRCLE('',#6097,2.E-02);
#6097 = AXIS2_PLACEMENT_3D('',#6098,#6099,#6100);
#6098 = CARTESIAN_POINT('',(-0.77,5.E-02,-0.38));
#6099 = DIRECTION('',(-1.,-2.771766861179E-16,1.355252715607E-16));
#6100 = DIRECTION('',(-2.771766861179E-16,1.,3.756444565642E-32));
#6101 = ORIENTED_EDGE('',*,*,#6102,.F.);
#6102 = EDGE_CURVE('',#6103,#6094,#6105,.T.);
#6103 = VERTEX_POINT('',#6104);
#6104 = CARTESIAN_POINT('',(-0.77,0.418479731339,-0.39));
#6105 = LINE('',#6106,#6107);
#6106 = CARTESIAN_POINT('',(-0.77,3.E-02,-0.39));
#6107 = VECTOR('',#6108,1.);
#6108 = DIRECTION('',(2.771766861179E-16,-1.,-0.));
#6109 = ORIENTED_EDGE('',*,*,#6110,.T.);
#6110 = EDGE_CURVE('',#6103,#5893,#6111,.T.);
#6111 = CIRCLE('',#6112,2.E-02);
#6112 = AXIS2_PLACEMENT_3D('',#6113,#6114,#6115);
#6113 = CARTESIAN_POINT('',(-0.77,0.401159223263,-0.38));
#6114 = DIRECTION('',(-1.,-2.771766861179E-16,1.355252715607E-16));
#6115 = DIRECTION('',(-2.771766861179E-16,1.,3.756444565642E-32));
#6116 = PLANE('',#6117);
#6117 = AXIS2_PLACEMENT_3D('',#6118,#6119,#6120);
#6118 = CARTESIAN_POINT('',(-0.77,3.E-02,-0.39));
#6119 = DIRECTION('',(1.,2.771766861179E-16,-1.355252715607E-16));
#6120 = DIRECTION('',(-2.771766861179E-16,1.,0.));
#6121 = ADVANCED_FACE('',(#6122),#6181,.F.);
#6122 = FACE_BOUND('',#6123,.T.);
#6123 = EDGE_LOOP('',(#6124,#6134,#6142,#6148,#6149,#6155,#6156,#6163,
    #6164,#6175));
#6124 = ORIENTED_EDGE('',*,*,#6125,.T.);
#6125 = EDGE_CURVE('',#6126,#6128,#6130,.T.);
#6126 = VERTEX_POINT('',#6127);
#6127 = CARTESIAN_POINT('',(-0.78,0.431159223263,-0.39));
#6128 = VERTEX_POINT('',#6129);
#6129 = CARTESIAN_POINT('',(-0.52,0.431159223263,-0.39));
#6130 = LINE('',#6131,#6132);
#6131 = CARTESIAN_POINT('',(-0.52,0.431159223263,-0.39));
#6132 = VECTOR('',#6133,1.);
#6133 = DIRECTION('',(1.,0.,-1.807003620809E-16));
#6134 = ORIENTED_EDGE('',*,*,#6135,.T.);
#6135 = EDGE_CURVE('',#6128,#6136,#6138,.T.);
#6136 = VERTEX_POINT('',#6137);
#6137 = CARTESIAN_POINT('',(-0.52,0.418479731409,-0.39));
#6138 = LINE('',#6139,#6140);
#6139 = CARTESIAN_POINT('',(-0.52,-3.758567531283E-15,-0.39));
#6140 = VECTOR('',#6141,1.);
#6141 = DIRECTION('',(7.228014483237E-15,-1.,0.));
#6142 = ORIENTED_EDGE('',*,*,#6143,.T.);
#6143 = EDGE_CURVE('',#6136,#6103,#6144,.T.);
#6144 = LINE('',#6145,#6146);
#6145 = CARTESIAN_POINT('',(-0.5,0.418479731409,-0.39));
#6146 = VECTOR('',#6147,1.);
#6147 = DIRECTION('',(-1.,0.,1.355252715607E-16));
#6148 = ORIENTED_EDGE('',*,*,#6102,.T.);
#6149 = ORIENTED_EDGE('',*,*,#6150,.T.);
#6150 = EDGE_CURVE('',#6094,#5535,#6151,.T.);
#6151 = LINE('',#6152,#6153);
#6152 = CARTESIAN_POINT('',(-0.77,3.267949192431E-02,-0.39));
#6153 = VECTOR('',#6154,1.);
#6154 = DIRECTION('',(1.,0.,-1.355252715607E-16));
#6155 = ORIENTED_EDGE('',*,*,#5534,.T.);
#6156 = ORIENTED_EDGE('',*,*,#6157,.T.);
#6157 = EDGE_CURVE('',#5527,#5426,#6158,.T.);
#6158 = CIRCLE('',#6159,2.E-02);
#6159 = AXIS2_PLACEMENT_3D('',#6160,#6161,#6162);
#6160 = CARTESIAN_POINT('',(-0.52,2.E-02,-0.39));
#6161 = DIRECTION('',(-1.807003620809E-16,-1.306104834247E-30,-1.));
#6162 = DIRECTION('',(1.,-7.115076756936E-15,-1.807003620809E-16));
#6163 = ORIENTED_EDGE('',*,*,#5425,.T.);
#6164 = ORIENTED_EDGE('',*,*,#6165,.T.);
#6165 = EDGE_CURVE('',#5405,#6166,#6168,.T.);
#6166 = VERTEX_POINT('',#6167);
#6167 = CARTESIAN_POINT('',(-0.779999991833,0.366385174427,-0.39));
#6168 = B_SPLINE_CURVE_WITH_KNOTS('',3,(#6169,#6170,#6171,#6172,#6173,
    #6174),.UNSPECIFIED.,.F.,.F.,(4,2,4),(7.438240519811E-18,
    2.027018445589E-04,4.054036891178E-04),.UNSPECIFIED.);
#6169 = CARTESIAN_POINT('',(-0.922112489232,0.,-0.39));
#6170 = CARTESIAN_POINT('',(-0.875840691093,4.923774305254E-02,-0.39));
#6171 = CARTESIAN_POINT('',(-0.838721128358,0.106924588407,-0.39));
#6172 = CARTESIAN_POINT('',(-0.791079802782,0.231326063613,-0.39));
#6173 = CARTESIAN_POINT('',(-0.780061010276,0.2988673458,-0.39));
#6174 = CARTESIAN_POINT('',(-0.779999991833,0.366385174427,-0.39));
#6175 = ORIENTED_EDGE('',*,*,#6176,.T.);
#6176 = EDGE_CURVE('',#6166,#6126,#6177,.T.);
#6177 = LINE('',#6178,#6179);
#6178 = CARTESIAN_POINT('',(-0.78,-5.224419336988E-31,-0.39));
#6179 = VECTOR('',#6180,1.);
#6180 = DIRECTION('',(3.889384548663E-62,1.,-1.306104834247E-30));
#6181 = PLANE('',#6182);
#6182 = AXIS2_PLACEMENT_3D('',#6183,#6184,#6185);
#6183 = CARTESIAN_POINT('',(-7.092489211676E-17,-5.224419336988E-31,
    -0.39));
#6184 = DIRECTION('',(1.807003620809E-16,1.306104834247E-30,1.));
#6185 = DIRECTION('',(1.,0.,-1.807003620809E-16));
#6186 = ADVANCED_FACE('',(#6187),#6214,.F.);
#6187 = FACE_BOUND('',#6188,.T.);
#6188 = EDGE_LOOP('',(#6189,#6199,#6206,#6207));
#6189 = ORIENTED_EDGE('',*,*,#6190,.F.);
#6190 = EDGE_CURVE('',#6191,#6193,#6195,.T.);
#6191 = VERTEX_POINT('',#6192);
#6192 = CARTESIAN_POINT('',(-0.77,3.267949192431E-02,0.39));
#6193 = VERTEX_POINT('',#6194);
#6194 = CARTESIAN_POINT('',(-0.77,0.418479731339,0.39));
#6195 = LINE('',#6196,#6197);
#6196 = CARTESIAN_POINT('',(-0.77,0.421159223263,0.39));
#6197 = VECTOR('',#6198,1.);
#6198 = DIRECTION('',(-0.,1.,-0.));
#6199 = ORIENTED_EDGE('',*,*,#6200,.T.);
#6200 = EDGE_CURVE('',#6191,#5835,#6201,.T.);
#6201 = CIRCLE('',#6202,2.E-02);
#6202 = AXIS2_PLACEMENT_3D('',#6203,#6204,#6205);
#6203 = CARTESIAN_POINT('',(-0.77,5.E-02,0.38));
#6204 = DIRECTION('',(-1.,-0.,-0.));
#6205 = DIRECTION('',(0.,0.,-1.));
#6206 = ORIENTED_EDGE('',*,*,#5834,.T.);
#6207 = ORIENTED_EDGE('',*,*,#6208,.T.);
#6208 = EDGE_CURVE('',#5837,#6193,#6209,.T.);
#6209 = CIRCLE('',#6210,2.E-02);
#6210 = AXIS2_PLACEMENT_3D('',#6211,#6212,#6213);
#6211 = CARTESIAN_POINT('',(-0.77,0.401159223263,0.38));
#6212 = DIRECTION('',(-1.,0.,-0.));
#6213 = DIRECTION('',(0.,2.710505431214E-15,-1.));
#6214 = PLANE('',#6215);
#6215 = AXIS2_PLACEMENT_3D('',#6216,#6217,#6218);
#6216 = CARTESIAN_POINT('',(-0.77,0.421159223263,0.39));
#6217 = DIRECTION('',(1.,0.,0.));
#6218 = DIRECTION('',(0.,0.,-1.));
#6219 = ADVANCED_FACE('',(#6220),#6279,.T.);
#6220 = FACE_BOUND('',#6221,.T.);
#6221 = EDGE_LOOP('',(#6222,#6230,#6238,#6246,#6254,#6263,#6264,#6271,
    #6272,#6278));
#6222 = ORIENTED_EDGE('',*,*,#6223,.T.);
#6223 = EDGE_CURVE('',#6193,#6224,#6226,.T.);
#6224 = VERTEX_POINT('',#6225);
#6225 = CARTESIAN_POINT('',(-0.52,0.418479731339,0.39));
#6226 = LINE('',#6227,#6228);
#6227 = CARTESIAN_POINT('',(-0.77,0.418479731339,0.39));
#6228 = VECTOR('',#6229,1.);
#6229 = DIRECTION('',(1.,-0.,-1.355252715607E-16));
#6230 = ORIENTED_EDGE('',*,*,#6231,.T.);
#6231 = EDGE_CURVE('',#6224,#6232,#6234,.T.);
#6232 = VERTEX_POINT('',#6233);
#6233 = CARTESIAN_POINT('',(-0.52,0.431159223263,0.39));
#6234 = LINE('',#6235,#6236);
#6235 = CARTESIAN_POINT('',(-0.52,0.431159223263,0.39));
#6236 = VECTOR('',#6237,1.);
#6237 = DIRECTION('',(-7.228014483237E-15,1.,0.));
#6238 = ORIENTED_EDGE('',*,*,#6239,.T.);
#6239 = EDGE_CURVE('',#6232,#6240,#6242,.T.);
#6240 = VERTEX_POINT('',#6241);
#6241 = CARTESIAN_POINT('',(-0.78,0.431159223263,0.39));
#6242 = LINE('',#6243,#6244);
#6243 = CARTESIAN_POINT('',(0.,0.431159223263,0.39));
#6244 = VECTOR('',#6245,1.);
#6245 = DIRECTION('',(-1.,0.,0.));
#6246 = ORIENTED_EDGE('',*,*,#6247,.T.);
#6247 = EDGE_CURVE('',#6240,#6248,#6250,.T.);
#6248 = VERTEX_POINT('',#6249);
#6249 = CARTESIAN_POINT('',(-0.779999991833,0.366385174427,0.39));
#6250 = LINE('',#6251,#6252);
#6251 = CARTESIAN_POINT('',(-0.78,0.366385174434,0.39));
#6252 = VECTOR('',#6253,1.);
#6253 = DIRECTION('',(0.,-1.,0.));
#6254 = ORIENTED_EDGE('',*,*,#6255,.T.);
#6255 = EDGE_CURVE('',#6248,#5442,#6256,.T.);
#6256 = B_SPLINE_CURVE_WITH_KNOTS('',3,(#6257,#6258,#6259,#6260,#6261,
    #6262),.UNSPECIFIED.,.F.,.F.,(4,2,4),(0.,2.025648867903E-04,
    4.051297735806E-04),.UNSPECIFIED.);
#6257 = CARTESIAN_POINT('',(-0.779999991833,0.366385174427,0.39));
#6258 = CARTESIAN_POINT('',(-0.780061015496,0.298861569508,0.39));
#6259 = CARTESIAN_POINT('',(-0.79109857794,0.231249415232,0.39));
#6260 = CARTESIAN_POINT('',(-0.838755291784,0.106863033769,0.39));
#6261 = CARTESIAN_POINT('',(-0.87584737973,4.923062568609E-02,0.39));
#6262 = CARTESIAN_POINT('',(-0.922112489232,0.,0.39));
#6263 = ORIENTED_EDGE('',*,*,#5441,.T.);
#6264 = ORIENTED_EDGE('',*,*,#6265,.T.);
#6265 = EDGE_CURVE('',#5434,#5517,#6266,.T.);
#6266 = CIRCLE('',#6267,2.E-02);
#6267 = AXIS2_PLACEMENT_3D('',#6268,#6269,#6270);
#6268 = CARTESIAN_POINT('',(-0.52,2.E-02,0.39));
#6269 = DIRECTION('',(0.,-0.,1.));
#6270 = DIRECTION('',(1.,0.,0.));
#6271 = ORIENTED_EDGE('',*,*,#5516,.T.);
#6272 = ORIENTED_EDGE('',*,*,#6273,.T.);
#6273 = EDGE_CURVE('',#5519,#6191,#6274,.T.);
#6274 = LINE('',#6275,#6276);
#6275 = CARTESIAN_POINT('',(-0.5,3.267949185433E-02,0.39));
#6276 = VECTOR('',#6277,1.);
#6277 = DIRECTION('',(-1.,-0.,1.355252715607E-16));
#6278 = ORIENTED_EDGE('',*,*,#6190,.T.);
#6279 = PLANE('',#6280);
#6280 = AXIS2_PLACEMENT_3D('',#6281,#6282,#6283);
#6281 = CARTESIAN_POINT('',(0.,0.,0.39));
#6282 = DIRECTION('',(0.,-0.,1.));
#6283 = DIRECTION('',(1.,0.,0.));
#6284 = ADVANCED_FACE('',(#6285),#6312,.F.);
#6285 = FACE_BOUND('',#6286,.T.);
#6286 = EDGE_LOOP('',(#6287,#6288,#6297,#6305));
#6287 = ORIENTED_EDGE('',*,*,#5852,.T.);
#6288 = ORIENTED_EDGE('',*,*,#6289,.T.);
#6289 = EDGE_CURVE('',#5845,#6290,#6292,.T.);
#6290 = VERTEX_POINT('',#6291);
#6291 = CARTESIAN_POINT('',(0.77,3.267949192431E-02,0.39));
#6292 = CIRCLE('',#6293,2.E-02);
#6293 = AXIS2_PLACEMENT_3D('',#6294,#6295,#6296);
#6294 = CARTESIAN_POINT('',(0.77,5.E-02,0.38));
#6295 = DIRECTION('',(1.,-2.771766861179E-16,-0.));
#6296 = DIRECTION('',(-2.771766861179E-16,-1.,0.));
#6297 = ORIENTED_EDGE('',*,*,#6298,.F.);
#6298 = EDGE_CURVE('',#6299,#6290,#6301,.T.);
#6299 = VERTEX_POINT('',#6300);
#6300 = CARTESIAN_POINT('',(0.77,0.418479731339,0.39));
#6301 = LINE('',#6302,#6303);
#6302 = CARTESIAN_POINT('',(0.77,3.E-02,0.39));
#6303 = VECTOR('',#6304,1.);
#6304 = DIRECTION('',(-2.771766861179E-16,-1.,-0.));
#6305 = ORIENTED_EDGE('',*,*,#6306,.T.);
#6306 = EDGE_CURVE('',#6299,#5853,#6307,.T.);
#6307 = CIRCLE('',#6308,2.E-02);
#6308 = AXIS2_PLACEMENT_3D('',#6309,#6310,#6311);
#6309 = CARTESIAN_POINT('',(0.77,0.401159223263,0.38));
#6310 = DIRECTION('',(1.,-2.771766861179E-16,-0.));
#6311 = DIRECTION('',(-2.771766861179E-16,-1.,0.));
#6312 = PLANE('',#6313);
#6313 = AXIS2_PLACEMENT_3D('',#6314,#6315,#6316);
#6314 = CARTESIAN_POINT('',(0.77,3.E-02,0.39));
#6315 = DIRECTION('',(-1.,2.771766861179E-16,0.));
#6316 = DIRECTION('',(-2.771766861179E-16,-1.,0.));
#6317 = ADVANCED_FACE('',(#6318),#6377,.F.);
#6318 = FACE_BOUND('',#6319,.T.);
#6319 = EDGE_LOOP('',(#6320,#6330,#6338,#6344,#6345,#6351,#6352,#6359,
    #6360,#6371));
#6320 = ORIENTED_EDGE('',*,*,#6321,.T.);
#6321 = EDGE_CURVE('',#6322,#6324,#6326,.T.);
#6322 = VERTEX_POINT('',#6323);
#6323 = CARTESIAN_POINT('',(0.78,0.431159223263,0.39));
#6324 = VERTEX_POINT('',#6325);
#6325 = CARTESIAN_POINT('',(0.52,0.431159223263,0.39));
#6326 = LINE('',#6327,#6328);
#6327 = CARTESIAN_POINT('',(0.52,0.431159223263,0.39));
#6328 = VECTOR('',#6329,1.);
#6329 = DIRECTION('',(-1.,-0.,0.));
#6330 = ORIENTED_EDGE('',*,*,#6331,.T.);
#6331 = EDGE_CURVE('',#6324,#6332,#6334,.T.);
#6332 = VERTEX_POINT('',#6333);
#6333 = CARTESIAN_POINT('',(0.52,0.418479731409,0.39));
#6334 = LINE('',#6335,#6336);
#6335 = CARTESIAN_POINT('',(0.52,0.,0.39));
#6336 = VECTOR('',#6337,1.);
#6337 = DIRECTION('',(0.,-1.,0.));
#6338 = ORIENTED_EDGE('',*,*,#6339,.T.);
#6339 = EDGE_CURVE('',#6332,#6299,#6340,.T.);
#6340 = LINE('',#6341,#6342);
#6341 = CARTESIAN_POINT('',(0.5,0.418479731409,0.39));
#6342 = VECTOR('',#6343,1.);
#6343 = DIRECTION('',(1.,-0.,-1.355252715607E-16));
#6344 = ORIENTED_EDGE('',*,*,#6298,.T.);
#6345 = ORIENTED_EDGE('',*,*,#6346,.T.);
#6346 = EDGE_CURVE('',#6290,#5755,#6347,.T.);
#6347 = LINE('',#6348,#6349);
#6348 = CARTESIAN_POINT('',(0.77,3.267949192431E-02,0.39));
#6349 = VECTOR('',#6350,1.);
#6350 = DIRECTION('',(-1.,-0.,1.355252715607E-16));
#6351 = ORIENTED_EDGE('',*,*,#5754,.T.);
#6352 = ORIENTED_EDGE('',*,*,#6353,.T.);
#6353 = EDGE_CURVE('',#5747,#5646,#6354,.T.);
#6354 = CIRCLE('',#6355,2.E-02);
#6355 = AXIS2_PLACEMENT_3D('',#6356,#6357,#6358);
#6356 = CARTESIAN_POINT('',(0.52,2.E-02,0.39));
#6357 = DIRECTION('',(0.,0.,1.));
#6358 = DIRECTION('',(-1.,0.,0.));
#6359 = ORIENTED_EDGE('',*,*,#5645,.T.);
#6360 = ORIENTED_EDGE('',*,*,#6361,.T.);
#6361 = EDGE_CURVE('',#5625,#6362,#6364,.T.);
#6362 = VERTEX_POINT('',#6363);
#6363 = CARTESIAN_POINT('',(0.779999991833,0.366385174427,0.39));
#6364 = B_SPLINE_CURVE_WITH_KNOTS('',3,(#6365,#6366,#6367,#6368,#6369,
    #6370),.UNSPECIFIED.,.F.,.F.,(4,2,4),(7.320607597345E-18,
    2.027018445589E-04,4.054036891178E-04),.UNSPECIFIED.);
#6365 = CARTESIAN_POINT('',(0.922112489232,0.,0.39));
#6366 = CARTESIAN_POINT('',(0.875840691093,4.923774305254E-02,0.39));
#6367 = CARTESIAN_POINT('',(0.838721128358,0.106924588407,0.39));
#6368 = CARTESIAN_POINT('',(0.791079802782,0.231326063613,0.39));
#6369 = CARTESIAN_POINT('',(0.780061010276,0.2988673458,0.39));
#6370 = CARTESIAN_POINT('',(0.779999991833,0.366385174427,0.39));
#6371 = ORIENTED_EDGE('',*,*,#6372,.T.);
#6372 = EDGE_CURVE('',#6362,#6322,#6373,.T.);
#6373 = LINE('',#6374,#6375);
#6374 = CARTESIAN_POINT('',(0.78,0.,0.39));
#6375 = VECTOR('',#6376,1.);
#6376 = DIRECTION('',(0.,1.,0.));
#6377 = PLANE('',#6378);
#6378 = AXIS2_PLACEMENT_3D('',#6379,#6380,#6381);
#6379 = CARTESIAN_POINT('',(0.,0.,0.39));
#6380 = DIRECTION('',(0.,0.,-1.));
#6381 = DIRECTION('',(-1.,0.,0.));
#6382 = ADVANCED_FACE('',(#6383),#6405,.T.);
#6383 = FACE_BOUND('',#6384,.T.);
#6384 = EDGE_LOOP('',(#6385,#6386,#6395,#6396));
#6385 = ORIENTED_EDGE('',*,*,#5332,.T.);
#6386 = ORIENTED_EDGE('',*,*,#6387,.T.);
#6387 = EDGE_CURVE('',#5325,#5617,#6388,.T.);
#6388 = B_SPLINE_CURVE_WITH_KNOTS('',3,(#6389,#6390,#6391,#6392,#6393,
    #6394),.UNSPECIFIED.,.F.,.F.,(4,2,4),(-5.999999979655E-08,
    2.0354820881E-04,4.071564176198E-04),.UNSPECIFIED.);
#6389 = CARTESIAN_POINT('',(0.8,0.366385174434,0.37));
#6390 = CARTESIAN_POINT('',(0.800064562491,0.298515802206,0.37));
#6391 = CARTESIAN_POINT('',(0.81168628451,0.230070742648,0.37));
#6392 = CARTESIAN_POINT('',(0.862207404557,0.105384194481,0.37));
#6393 = CARTESIAN_POINT('',(0.901640832183,4.812037655734E-02,0.37));
#6394 = CARTESIAN_POINT('',(0.95,0.,0.37));
#6395 = ORIENTED_EDGE('',*,*,#5614,.F.);
#6396 = ORIENTED_EDGE('',*,*,#6397,.T.);
#6397 = EDGE_CURVE('',#5615,#5333,#6398,.T.);
#6398 = B_SPLINE_CURVE_WITH_KNOTS('',3,(#6399,#6400,#6401,#6402,#6403,
    #6404),.UNSPECIFIED.,.F.,.F.,(4,2,4),(-5.999999975955E-08,
    2.045589569197E-04,4.091779138391E-04),.UNSPECIFIED.);
#6399 = CARTESIAN_POINT('',(0.95,0.,-0.37));
#6400 = CARTESIAN_POINT('',(0.901651628016,4.810963403285E-02,-0.37));
#6401 = CARTESIAN_POINT('',(0.862207342877,0.105384287805,-0.37));
#6402 = CARTESIAN_POINT('',(0.811686228343,0.230070940171,-0.37));
#6403 = CARTESIAN_POINT('',(0.800061607565,0.298215473934,-0.37));
#6404 = CARTESIAN_POINT('',(0.8,0.366385174434,-0.37));
#6405 = B_SPLINE_SURFACE_WITH_KNOTS('',2,1,(
    (#6406,#6407)
    ,(#6408,#6409)
    ,(#6410,#6411
    )),.UNSPECIFIED.,.F.,.F.,.F.,(3,3),(2,2),(0.,1.),(0.,1.),
  .PIECEWISE_BEZIER_KNOTS.);
#6406 = CARTESIAN_POINT('',(0.95,0.,-0.37));
#6407 = CARTESIAN_POINT('',(0.95,0.,0.37));
#6408 = CARTESIAN_POINT('',(0.800196401555,0.149063887825,-0.37));
#6409 = CARTESIAN_POINT('',(0.800196401555,0.149063887825,0.37));
#6410 = CARTESIAN_POINT('',(0.8,0.366385174434,-0.37));
#6411 = CARTESIAN_POINT('',(0.8,0.366385174434,0.37));
#6412 = ADVANCED_FACE('',(#6413),#6435,.T.);
#6413 = FACE_BOUND('',#6414,.T.);
#6414 = EDGE_LOOP('',(#6415,#6416,#6425,#6426));
#6415 = ORIENTED_EDGE('',*,*,#5494,.F.);
#6416 = ORIENTED_EDGE('',*,*,#6417,.T.);
#6417 = EDGE_CURVE('',#5487,#5395,#6418,.T.);
#6418 = B_SPLINE_CURVE_WITH_KNOTS('',3,(#6419,#6420,#6421,#6422,#6423,
    #6424),.UNSPECIFIED.,.F.,.F.,(4,2,4),(-5.999999979661E-08,
    2.0354820881E-04,4.071564176198E-04),.UNSPECIFIED.);
#6419 = CARTESIAN_POINT('',(-0.8,0.366385174434,-0.37));
#6420 = CARTESIAN_POINT('',(-0.800064562491,0.298515802206,-0.37));
#6421 = CARTESIAN_POINT('',(-0.81168628451,0.230070742648,-0.37));
#6422 = CARTESIAN_POINT('',(-0.862207404557,0.105384194481,-0.37));
#6423 = CARTESIAN_POINT('',(-0.901640832183,4.812037655734E-02,-0.37));
#6424 = CARTESIAN_POINT('',(-0.95,0.,-0.37));
#6425 = ORIENTED_EDGE('',*,*,#5394,.T.);
#6426 = ORIENTED_EDGE('',*,*,#6427,.T.);
#6427 = EDGE_CURVE('',#5397,#5495,#6428,.T.);
#6428 = B_SPLINE_CURVE_WITH_KNOTS('',3,(#6429,#6430,#6431,#6432,#6433,
    #6434),.UNSPECIFIED.,.F.,.F.,(4,2,4),(-5.999999975951E-08,
    2.045589569197E-04,4.091779138391E-04),.UNSPECIFIED.);
#6429 = CARTESIAN_POINT('',(-0.95,0.,0.37));
#6430 = CARTESIAN_POINT('',(-0.901651628016,4.810963403285E-02,0.37));
#6431 = CARTESIAN_POINT('',(-0.862207342877,0.105384287805,0.37));
#6432 = CARTESIAN_POINT('',(-0.811686228343,0.230070940171,0.37));
#6433 = CARTESIAN_POINT('',(-0.800061607565,0.298215473934,0.37));
#6434 = CARTESIAN_POINT('',(-0.8,0.366385174434,0.37));
#6435 = B_SPLINE_SURFACE_WITH_KNOTS('',2,1,(
    (#6436,#6437)
    ,(#6438,#6439)
    ,(#6440,#6441
    )),.UNSPECIFIED.,.F.,.F.,.F.,(3,3),(2,2),(0.,1.),(0.,1.),
  .PIECEWISE_BEZIER_KNOTS.);
#6436 = CARTESIAN_POINT('',(-0.8,0.366385174434,-0.37));
#6437 = CARTESIAN_POINT('',(-0.8,0.366385174434,0.37));
#6438 = CARTESIAN_POINT('',(-0.800196401555,0.149063887825,-0.37));
#6439 = CARTESIAN_POINT('',(-0.800196401555,0.149063887825,0.37));
#6440 = CARTESIAN_POINT('',(-0.95,0.,-0.37));
#6441 = CARTESIAN_POINT('',(-0.95,0.,0.37));
#6442 = ADVANCED_FACE('',(#6443),#6449,.T.);
#6443 = FACE_BOUND('',#6444,.T.);
#6444 = EDGE_LOOP('',(#6445,#6446,#6447,#6448));
#6445 = ORIENTED_EDGE('',*,*,#6069,.F.);
#6446 = ORIENTED_EDGE('',*,*,#5653,.F.);
#6447 = ORIENTED_EDGE('',*,*,#6353,.F.);
#6448 = ORIENTED_EDGE('',*,*,#5746,.F.);
#6449 = CYLINDRICAL_SURFACE('',#6450,2.E-02);
#6450 = AXIS2_PLACEMENT_3D('',#6451,#6452,#6453);
#6451 = CARTESIAN_POINT('',(0.52,2.E-02,9.6));
#6452 = DIRECTION('',(-1.355252715607E-16,0.,-1.));
#6453 = DIRECTION('',(-1.,0.,1.355252715607E-16));
#6454 = ADVANCED_FACE('',(#6455),#6461,.T.);
#6455 = FACE_BOUND('',#6456,.T.);
#6456 = EDGE_LOOP('',(#6457,#6458,#6459,#6460));
#6457 = ORIENTED_EDGE('',*,*,#6265,.F.);
#6458 = ORIENTED_EDGE('',*,*,#5433,.F.);
#6459 = ORIENTED_EDGE('',*,*,#6157,.F.);
#6460 = ORIENTED_EDGE('',*,*,#5526,.F.);
#6461 = CYLINDRICAL_SURFACE('',#6462,2.E-02);
#6462 = AXIS2_PLACEMENT_3D('',#6463,#6464,#6465);
#6463 = CARTESIAN_POINT('',(-0.52,2.E-02,9.6));
#6464 = DIRECTION('',(1.355252715607E-16,0.,1.));
#6465 = DIRECTION('',(1.,0.,-1.355252715607E-16));
#6466 = ADVANCED_FACE('',(#6467),#6485,.T.);
#6467 = FACE_BOUND('',#6468,.T.);
#6468 = EDGE_LOOP('',(#6469,#6470,#6477,#6478));
#6469 = ORIENTED_EDGE('',*,*,#5372,.F.);
#6470 = ORIENTED_EDGE('',*,*,#6471,.T.);
#6471 = EDGE_CURVE('',#5365,#5479,#6472,.T.);
#6472 = CIRCLE('',#6473,2.E-02);
#6473 = AXIS2_PLACEMENT_3D('',#6474,#6475,#6476);
#6474 = CARTESIAN_POINT('',(-0.78,0.431159223263,-0.37));
#6475 = DIRECTION('',(0.,-0.,1.));
#6476 = DIRECTION('',(-1.,0.,0.));
#6477 = ORIENTED_EDGE('',*,*,#5476,.F.);
#6478 = ORIENTED_EDGE('',*,*,#6479,.T.);
#6479 = EDGE_CURVE('',#5477,#5373,#6480,.T.);
#6480 = CIRCLE('',#6481,2.E-02);
#6481 = AXIS2_PLACEMENT_3D('',#6482,#6483,#6484);
#6482 = CARTESIAN_POINT('',(-0.78,0.431159223263,0.37));
#6483 = DIRECTION('',(0.,0.,-1.));
#6484 = DIRECTION('',(-1.,0.,0.));
#6485 = CYLINDRICAL_SURFACE('',#6486,2.E-02);
#6486 = AXIS2_PLACEMENT_3D('',#6487,#6488,#6489);
#6487 = CARTESIAN_POINT('',(-0.78,0.431159223263,0.));
#6488 = DIRECTION('',(0.,0.,-1.));
#6489 = DIRECTION('',(-1.,0.,0.));
#6490 = ADVANCED_FACE('',(#6491),#6509,.T.);
#6491 = FACE_BOUND('',#6492,.T.);
#6492 = EDGE_LOOP('',(#6493,#6494,#6501,#6502));
#6493 = ORIENTED_EDGE('',*,*,#5714,.F.);
#6494 = ORIENTED_EDGE('',*,*,#6495,.T.);
#6495 = EDGE_CURVE('',#5707,#5317,#6496,.T.);
#6496 = CIRCLE('',#6497,2.E-02);
#6497 = AXIS2_PLACEMENT_3D('',#6498,#6499,#6500);
#6498 = CARTESIAN_POINT('',(0.78,0.431159223263,0.37));
#6499 = DIRECTION('',(0.,0.,-1.));
#6500 = DIRECTION('',(1.,0.,0.));
#6501 = ORIENTED_EDGE('',*,*,#5314,.F.);
#6502 = ORIENTED_EDGE('',*,*,#6503,.T.);
#6503 = EDGE_CURVE('',#5315,#5715,#6504,.T.);
#6504 = CIRCLE('',#6505,2.E-02);
#6505 = AXIS2_PLACEMENT_3D('',#6506,#6507,#6508);
#6506 = CARTESIAN_POINT('',(0.78,0.431159223263,-0.37));
#6507 = DIRECTION('',(0.,-0.,1.));
#6508 = DIRECTION('',(1.,0.,0.));
#6509 = CYLINDRICAL_SURFACE('',#6510,2.E-02);
#6510 = AXIS2_PLACEMENT_3D('',#6511,#6512,#6513);
#6511 = CARTESIAN_POINT('',(0.78,0.431159223263,0.));
#6512 = DIRECTION('',(0.,-0.,1.));
#6513 = DIRECTION('',(1.,0.,0.));
#6514 = ADVANCED_FACE('',(#6515),#6533,.T.);
#6515 = FACE_BOUND('',#6516,.T.);
#6516 = EDGE_LOOP('',(#6517,#6518,#6525,#6526));
#6517 = ORIENTED_EDGE('',*,*,#5812,.F.);
#6518 = ORIENTED_EDGE('',*,*,#6519,.T.);
#6519 = EDGE_CURVE('',#5805,#5699,#6520,.T.);
#6520 = CIRCLE('',#6521,2.E-02);
#6521 = AXIS2_PLACEMENT_3D('',#6522,#6523,#6524);
#6522 = CARTESIAN_POINT('',(0.52,0.431159223263,0.37));
#6523 = DIRECTION('',(-1.355252715607E-16,0.,-1.));
#6524 = DIRECTION('',(1.,0.,-1.355252715607E-16));
#6525 = ORIENTED_EDGE('',*,*,#5696,.F.);
#6526 = ORIENTED_EDGE('',*,*,#6527,.T.);
#6527 = EDGE_CURVE('',#5697,#5813,#6528,.T.);
#6528 = CIRCLE('',#6529,2.E-02);
#6529 = AXIS2_PLACEMENT_3D('',#6530,#6531,#6532);
#6530 = CARTESIAN_POINT('',(0.52,0.431159223263,-0.37));
#6531 = DIRECTION('',(1.355252715607E-16,-0.,1.));
#6532 = DIRECTION('',(1.,0.,-1.355252715607E-16));
#6533 = CYLINDRICAL_SURFACE('',#6534,2.E-02);
#6534 = AXIS2_PLACEMENT_3D('',#6535,#6536,#6537);
#6535 = CARTESIAN_POINT('',(0.52,0.431159223263,9.6));
#6536 = DIRECTION('',(1.355252715607E-16,-0.,1.));
#6537 = DIRECTION('',(1.,0.,-1.355252715607E-16));
#6538 = ADVANCED_FACE('',(#6539),#6557,.T.);
#6539 = FACE_BOUND('',#6540,.T.);
#6540 = EDGE_LOOP('',(#6541,#6542,#6549,#6550));
#6541 = ORIENTED_EDGE('',*,*,#5592,.F.);
#6542 = ORIENTED_EDGE('',*,*,#6543,.T.);
#6543 = EDGE_CURVE('',#5585,#5357,#6544,.T.);
#6544 = CIRCLE('',#6545,2.E-02);
#6545 = AXIS2_PLACEMENT_3D('',#6546,#6547,#6548);
#6546 = CARTESIAN_POINT('',(-0.52,0.431159223263,-0.37));
#6547 = DIRECTION('',(1.355252715607E-16,0.,1.));
#6548 = DIRECTION('',(-1.,0.,1.355252715607E-16));
#6549 = ORIENTED_EDGE('',*,*,#5354,.F.);
#6550 = ORIENTED_EDGE('',*,*,#6551,.T.);
#6551 = EDGE_CURVE('',#5355,#5593,#6552,.T.);
#6552 = CIRCLE('',#6553,2.E-02);
#6553 = AXIS2_PLACEMENT_3D('',#6554,#6555,#6556);
#6554 = CARTESIAN_POINT('',(-0.52,0.431159223263,0.37));
#6555 = DIRECTION('',(-1.355252715607E-16,0.,-1.));
#6556 = DIRECTION('',(-1.,0.,1.355252715607E-16));
#6557 = CYLINDRICAL_SURFACE('',#6558,2.E-02);
#6558 = AXIS2_PLACEMENT_3D('',#6559,#6560,#6561);
#6559 = CARTESIAN_POINT('',(-0.52,0.431159223263,9.6));
#6560 = DIRECTION('',(-1.355252715607E-16,0.,-1.));
#6561 = DIRECTION('',(-1.,0.,1.355252715607E-16));
#6562 = ADVANCED_FACE('',(#6563),#6573,.T.);
#6563 = FACE_BOUND('',#6564,.T.);
#6564 = EDGE_LOOP('',(#6565,#6566,#6567,#6568,#6569,#6570,#6571,#6572));
#6565 = ORIENTED_EDGE('',*,*,#6289,.F.);
#6566 = ORIENTED_EDGE('',*,*,#5844,.F.);
#6567 = ORIENTED_EDGE('',*,*,#6200,.F.);
#6568 = ORIENTED_EDGE('',*,*,#6273,.F.);
#6569 = ORIENTED_EDGE('',*,*,#5559,.F.);
#6570 = ORIENTED_EDGE('',*,*,#5915,.F.);
#6571 = ORIENTED_EDGE('',*,*,#5762,.F.);
#6572 = ORIENTED_EDGE('',*,*,#6346,.F.);
#6573 = CYLINDRICAL_SURFACE('',#6574,2.E-02);
#6574 = AXIS2_PLACEMENT_3D('',#6575,#6576,#6577);
#6575 = CARTESIAN_POINT('',(4.524355922825E-17,5.E-02,0.38));
#6576 = DIRECTION('',(1.,0.,-1.355252715607E-16));
#6577 = DIRECTION('',(-1.355252715607E-16,0.,-1.));
#6578 = ADVANCED_FACE('',(#6579),#6619,.T.);
#6579 = FACE_BOUND('',#6580,.T.);
#6580 = EDGE_LOOP('',(#6581,#6582,#6598,#6599,#6615,#6616,#6617,#6618));
#6581 = ORIENTED_EDGE('',*,*,#6339,.F.);
#6582 = ORIENTED_EDGE('',*,*,#6583,.T.);
#6583 = EDGE_CURVE('',#6332,#5947,#6584,.T.);
#6584 = B_SPLINE_CURVE_WITH_KNOTS('',3,(#6585,#6586,#6587,#6588,#6589,
    #6590,#6591,#6592,#6593,#6594,#6595,#6596,#6597),.UNSPECIFIED.,.F.,
  .F.,(4,3,3,3,4),(0.,6.366254740012E-06,1.268961319408E-05,
    1.958900683403E-05,2.102101284705E-05),.UNSPECIFIED.);
#6585 = CARTESIAN_POINT('',(0.52,0.418479731409,0.39));
#6586 = CARTESIAN_POINT('',(0.517877915087,0.418479731409,0.39));
#6587 = CARTESIAN_POINT('',(0.515727974311,0.418692252642,0.389650542373
    ));
#6588 = CARTESIAN_POINT('',(0.513737206348,0.419022745218,0.388994141615
    ));
#6589 = CARTESIAN_POINT('',(0.51175444656,0.419351908335,0.388340381331)
  );
#6590 = CARTESIAN_POINT('',(0.50987096921,0.419796361416,0.387369896505)
  );
#6591 = CARTESIAN_POINT('',(0.508195023443,0.420191984881,0.386144427165
    ));
#6592 = CARTESIAN_POINT('',(0.506373619097,0.420621945273,0.384812596969
    ));
#6593 = CARTESIAN_POINT('',(0.504740520839,0.421004022954,0.383130526038
    ));
#6594 = CARTESIAN_POINT('',(0.503452156224,0.421121211255,0.381232491548
    ));
#6595 = CARTESIAN_POINT('',(0.503180093119,0.421145957831,0.380831684858
    ));
#6596 = CARTESIAN_POINT('',(0.502922018567,0.421159223264,0.380420068469
    ));
#6597 = CARTESIAN_POINT('',(0.502679491854,0.421159223263,0.38));
#6598 = ORIENTED_EDGE('',*,*,#5946,.F.);
#6599 = ORIENTED_EDGE('',*,*,#6600,.T.);
#6600 = EDGE_CURVE('',#5938,#6224,#6601,.T.);
#6601 = B_SPLINE_CURVE_WITH_KNOTS('',3,(#6602,#6603,#6604,#6605,#6606,
    #6607,#6608,#6609,#6610,#6611,#6612,#6613,#6614),.UNSPECIFIED.,.F.,
  .F.,(4,3,3,3,4),(0.,6.356643474375E-06,1.266128588269E-05,
    1.960191646322E-05,2.102211020103E-05),.UNSPECIFIED.);
#6602 = CARTESIAN_POINT('',(-0.502679491854,0.421159223263,0.38));
#6603 = CARTESIAN_POINT('',(-0.50373893243,0.421159223263,0.381835004912
    ));
#6604 = CARTESIAN_POINT('',(-0.50511234427,0.420899808158,0.383517506864
    ));
#6605 = CARTESIAN_POINT('',(-0.506669942142,0.420547142702,
    0.384910048895));
#6606 = CARTESIAN_POINT('',(-0.508219330076,0.420196336109,
    0.386295250978));
#6607 = CARTESIAN_POINT('',(-0.50999283306,0.419746849971,0.387439977451
    ));
#6608 = CARTESIAN_POINT('',(-0.51188738365,0.419364424295,0.388280740028
    ));
#6609 = CARTESIAN_POINT('',(-0.513963511129,0.418945346303,
    0.389202082693));
#6610 = CARTESIAN_POINT('',(-0.516256688042,0.418605032557,
    0.389781641082));
#6611 = CARTESIAN_POINT('',(-0.518558435162,0.418509661342,
    0.389947979617));
#6612 = CARTESIAN_POINT('',(-0.519037713003,0.418489802814,
    0.389982615209));
#6613 = CARTESIAN_POINT('',(-0.519519062131,0.418479731339,0.39));
#6614 = CARTESIAN_POINT('',(-0.52,0.418479731339,0.39));
#6615 = ORIENTED_EDGE('',*,*,#6223,.F.);
#6616 = ORIENTED_EDGE('',*,*,#6208,.F.);
#6617 = ORIENTED_EDGE('',*,*,#5860,.F.);
#6618 = ORIENTED_EDGE('',*,*,#6306,.F.);
#6619 = CYLINDRICAL_SURFACE('',#6620,2.E-02);
#6620 = AXIS2_PLACEMENT_3D('',#6621,#6622,#6623);
#6621 = CARTESIAN_POINT('',(0.8,0.401159223263,0.38));
#6622 = DIRECTION('',(-1.,0.,1.355252715607E-16));
#6623 = DIRECTION('',(1.355252715607E-16,0.,1.));
#6624 = ADVANCED_FACE('',(#6625),#6635,.T.);
#6625 = FACE_BOUND('',#6626,.T.);
#6626 = EDGE_LOOP('',(#6627,#6628,#6629,#6630,#6631,#6632,#6633,#6634));
#6627 = ORIENTED_EDGE('',*,*,#5779,.F.);
#6628 = ORIENTED_EDGE('',*,*,#5922,.F.);
#6629 = ORIENTED_EDGE('',*,*,#5542,.F.);
#6630 = ORIENTED_EDGE('',*,*,#6150,.F.);
#6631 = ORIENTED_EDGE('',*,*,#6093,.F.);
#6632 = ORIENTED_EDGE('',*,*,#5884,.F.);
#6633 = ORIENTED_EDGE('',*,*,#6004,.F.);
#6634 = ORIENTED_EDGE('',*,*,#6077,.F.);
#6635 = CYLINDRICAL_SURFACE('',#6636,2.E-02);
#6636 = AXIS2_PLACEMENT_3D('',#6637,#6638,#6639);
#6637 = CARTESIAN_POINT('',(0.8,5.E-02,-0.38));
#6638 = DIRECTION('',(1.,0.,-1.355252715607E-16));
#6639 = DIRECTION('',(-1.355252715607E-16,-0.,-1.));
#6640 = ADVANCED_FACE('',(#6641),#6681,.T.);
#6641 = FACE_BOUND('',#6642,.T.);
#6642 = EDGE_LOOP('',(#6643,#6644,#6645,#6646,#6647,#6663,#6664,#6680));
#6643 = ORIENTED_EDGE('',*,*,#6012,.F.);
#6644 = ORIENTED_EDGE('',*,*,#5900,.F.);
#6645 = ORIENTED_EDGE('',*,*,#6110,.F.);
#6646 = ORIENTED_EDGE('',*,*,#6143,.F.);
#6647 = ORIENTED_EDGE('',*,*,#6648,.T.);
#6648 = EDGE_CURVE('',#6136,#5972,#6649,.T.);
#6649 = B_SPLINE_CURVE_WITH_KNOTS('',3,(#6650,#6651,#6652,#6653,#6654,
    #6655,#6656,#6657,#6658,#6659,#6660,#6661,#6662),.UNSPECIFIED.,.F.,
  .F.,(4,3,3,3,4),(0.,6.366254740013E-06,1.268961319408E-05,
    1.958900683403E-05,2.102101284705E-05),.UNSPECIFIED.);
#6650 = CARTESIAN_POINT('',(-0.52,0.418479731409,-0.39));
#6651 = CARTESIAN_POINT('',(-0.517877915087,0.418479731409,-0.39));
#6652 = CARTESIAN_POINT('',(-0.515727974311,0.418692252642,
    -0.389650542373));
#6653 = CARTESIAN_POINT('',(-0.513737206348,0.419022745218,
    -0.388994141615));
#6654 = CARTESIAN_POINT('',(-0.51175444656,0.419351908335,
    -0.388340381331));
#6655 = CARTESIAN_POINT('',(-0.50987096921,0.419796361416,
    -0.387369896505));
#6656 = CARTESIAN_POINT('',(-0.508195023443,0.420191984881,
    -0.386144427165));
#6657 = CARTESIAN_POINT('',(-0.506373619097,0.420621945273,
    -0.384812596969));
#6658 = CARTESIAN_POINT('',(-0.504740520839,0.421004022954,
    -0.383130526038));
#6659 = CARTESIAN_POINT('',(-0.503452156224,0.421121211255,
    -0.381232491548));
#6660 = CARTESIAN_POINT('',(-0.503180093119,0.421145957831,
    -0.380831684858));
#6661 = CARTESIAN_POINT('',(-0.502922018567,0.421159223264,
    -0.380420068469));
#6662 = CARTESIAN_POINT('',(-0.502679491854,0.421159223263,-0.38));
#6663 = ORIENTED_EDGE('',*,*,#5971,.F.);
#6664 = ORIENTED_EDGE('',*,*,#6665,.T.);
#6665 = EDGE_CURVE('',#5963,#6028,#6666,.T.);
#6666 = B_SPLINE_CURVE_WITH_KNOTS('',3,(#6667,#6668,#6669,#6670,#6671,
    #6672,#6673,#6674,#6675,#6676,#6677,#6678,#6679),.UNSPECIFIED.,.F.,
  .F.,(4,3,3,3,4),(0.,6.356643474375E-06,1.266128588269E-05,
    1.960191646322E-05,2.102211020103E-05),.UNSPECIFIED.);
#6667 = CARTESIAN_POINT('',(0.502679491854,0.421159223263,-0.38));
#6668 = CARTESIAN_POINT('',(0.50373893243,0.421159223263,-0.381835004912
    ));
#6669 = CARTESIAN_POINT('',(0.50511234427,0.420899808158,-0.383517506864
    ));
#6670 = CARTESIAN_POINT('',(0.506669942142,0.420547142702,
    -0.384910048895));
#6671 = CARTESIAN_POINT('',(0.508219330076,0.420196336109,
    -0.386295250978));
#6672 = CARTESIAN_POINT('',(0.50999283306,0.419746849971,-0.387439977451
    ));
#6673 = CARTESIAN_POINT('',(0.51188738365,0.419364424295,-0.388280740028
    ));
#6674 = CARTESIAN_POINT('',(0.513963511129,0.418945346303,
    -0.389202082693));
#6675 = CARTESIAN_POINT('',(0.516256688042,0.418605032557,
    -0.389781641082));
#6676 = CARTESIAN_POINT('',(0.518558435162,0.418509661342,
    -0.389947979617));
#6677 = CARTESIAN_POINT('',(0.519037713003,0.418489802814,
    -0.389982615209));
#6678 = CARTESIAN_POINT('',(0.519519062131,0.418479731339,-0.39));
#6679 = CARTESIAN_POINT('',(0.52,0.418479731339,-0.39));
#6680 = ORIENTED_EDGE('',*,*,#6027,.F.);
#6681 = CYLINDRICAL_SURFACE('',#6682,2.E-02);
#6682 = AXIS2_PLACEMENT_3D('',#6683,#6684,#6685);
#6683 = CARTESIAN_POINT('',(0.5,0.401159223263,-0.38));
#6684 = DIRECTION('',(-1.,0.,1.355252715607E-16));
#6685 = DIRECTION('',(1.355252715607E-16,0.,1.));
#6686 = ADVANCED_FACE('',(#6687),#6699,.T.);
#6687 = FACE_BOUND('',#6688,.T.);
#6688 = EDGE_LOOP('',(#6689,#6690,#6691,#6698));
#6689 = ORIENTED_EDGE('',*,*,#5669,.F.);
#6690 = ORIENTED_EDGE('',*,*,#6059,.F.);
#6691 = ORIENTED_EDGE('',*,*,#6692,.F.);
#6692 = EDGE_CURVE('',#5333,#6052,#6693,.T.);
#6693 = CIRCLE('',#6694,2.E-02);
#6694 = AXIS2_PLACEMENT_3D('',#6695,#6696,#6697);
#6695 = CARTESIAN_POINT('',(0.780000008167,0.366367099677,-0.37));
#6696 = DIRECTION('',(-9.037374945073E-04,0.999999183258,
    9.037374945081E-04));
#6697 = DIRECTION('',(6.875789949337E-19,-9.037378635682E-04,
    0.999999591629));
#6698 = ORIENTED_EDGE('',*,*,#6397,.F.);
#6699 = ( BOUNDED_SURFACE() B_SPLINE_SURFACE(3,2,(
    (#6700,#6701,#6702)
    ,(#6703,#6704,#6705)
    ,(#6706,#6707,#6708)
    ,(#6709,#6710,#6711)
    ,(#6712,#6713,#6714)
    ,(#6715,#6716,#6717
)),.UNSPECIFIED.,.F.,.F.,.F.) B_SPLINE_SURFACE_WITH_KNOTS((4,2,4),(3,3),
  (-2.555994843517E-06,2.11482003834E-04,4.255200025114E-04),(0.,1.),
.UNSPECIFIED.) GEOMETRIC_REPRESENTATION_ITEM() RATIONAL_B_SPLINE_SURFACE
((
    (1.,0.707106781187,1.)
    ,(1.,0.707106781187,1.)
    ,(1.,0.707106781187,1.)
    ,(1.,0.707106781187,1.)
    ,(1.,0.707106781187,1.)
,(1.,0.707106781187,1.))) REPRESENTATION_ITEM('') SURFACE() );
#6700 = CARTESIAN_POINT('',(0.799997679794,0.368952516974,-0.37));
#6701 = CARTESIAN_POINT('',(0.799997679794,0.368952516974,-0.39));
#6702 = CARTESIAN_POINT('',(0.779997687962,0.368934442216,-0.39));
#6703 = CARTESIAN_POINT('',(0.800060438935,0.299508580713,-0.37));
#6704 = CARTESIAN_POINT('',(0.800060438933,0.299508583009,-0.39));
#6705 = CARTESIAN_POINT('',(0.780062266676,0.297477119465,-0.39));
#6706 = CARTESIAN_POINT('',(0.811502398894,0.230460249064,-0.37));
#6707 = CARTESIAN_POINT('',(0.81150239134,0.230460246,-0.39));
#6708 = CARTESIAN_POINT('',(0.791899637773,0.225579198854,-0.39));
#6709 = CARTESIAN_POINT('',(0.862519060285,0.10467951173,-0.37));
#6710 = CARTESIAN_POINT('',(0.862519067839,0.104679514794,-0.39));
#6711 = CARTESIAN_POINT('',(0.845054762056,9.452616433881E-02,-0.39));
#6712 = CARTESIAN_POINT('',(0.902726711314,4.703985935541E-02,-0.37));
#6713 = CARTESIAN_POINT('',(0.902726709614,4.703986104718E-02,-0.39));
#6714 = CARTESIAN_POINT('',(0.887064865794,3.440984308069E-02,-0.39));
#6715 = CARTESIAN_POINT('',(0.951807116426,-1.798193120631E-03,-0.37));
#6716 = CARTESIAN_POINT('',(0.951807116426,-1.798193120631E-03,-0.39));
#6717 = CARTESIAN_POINT('',(0.93770002644,-1.597528774984E-02,-0.39));
#6718 = ADVANCED_FACE('',(#6719),#6731,.T.);
#6719 = FACE_BOUND('',#6720,.T.);
#6720 = EDGE_LOOP('',(#6721,#6728,#6729,#6730));
#6721 = ORIENTED_EDGE('',*,*,#6722,.F.);
#6722 = EDGE_CURVE('',#5315,#6044,#6723,.T.);
#6723 = CIRCLE('',#6724,2.E-02);
#6724 = AXIS2_PLACEMENT_3D('',#6725,#6726,#6727);
#6725 = CARTESIAN_POINT('',(0.78,0.431159223263,-0.37));
#6726 = DIRECTION('',(-0.,1.,0.));
#6727 = DIRECTION('',(0.,0.,1.));
#6728 = ORIENTED_EDGE('',*,*,#5340,.F.);
#6729 = ORIENTED_EDGE('',*,*,#6692,.T.);
#6730 = ORIENTED_EDGE('',*,*,#6051,.F.);
#6731 = CYLINDRICAL_SURFACE('',#6732,2.E-02);
#6732 = AXIS2_PLACEMENT_3D('',#6733,#6734,#6735);
#6733 = CARTESIAN_POINT('',(0.78,0.,-0.37));
#6734 = DIRECTION('',(0.,1.,0.));
#6735 = DIRECTION('',(0.,-0.,1.));
#6736 = ADVANCED_FACE('',(#6737),#6748,.T.);
#6737 = FACE_BOUND('',#6738,.T.);
#6738 = EDGE_LOOP('',(#6739,#6740,#6741));
#6739 = ORIENTED_EDGE('',*,*,#6503,.F.);
#6740 = ORIENTED_EDGE('',*,*,#6722,.T.);
#6741 = ORIENTED_EDGE('',*,*,#6742,.F.);
#6742 = EDGE_CURVE('',#5715,#6044,#6743,.T.);
#6743 = CIRCLE('',#6744,2.E-02);
#6744 = AXIS2_PLACEMENT_3D('',#6745,#6746,#6747);
#6745 = CARTESIAN_POINT('',(0.78,0.431159223263,-0.37));
#6746 = DIRECTION('',(-1.,0.,0.));
#6747 = DIRECTION('',(0.,0.,1.));
#6748 = SPHERICAL_SURFACE('',#6749,2.E-02);
#6749 = AXIS2_PLACEMENT_3D('',#6750,#6751,#6752);
#6750 = CARTESIAN_POINT('',(0.78,0.431159223263,-0.37));
#6751 = DIRECTION('',(0.,1.,0.));
#6752 = DIRECTION('',(1.,0.,0.));
#6753 = ADVANCED_FACE('',(#6754),#6766,.T.);
#6754 = FACE_BOUND('',#6755,.T.);
#6755 = EDGE_LOOP('',(#6756,#6763,#6764,#6765));
#6756 = ORIENTED_EDGE('',*,*,#6757,.F.);
#6757 = EDGE_CURVE('',#5697,#6036,#6758,.T.);
#6758 = CIRCLE('',#6759,2.E-02);
#6759 = AXIS2_PLACEMENT_3D('',#6760,#6761,#6762);
#6760 = CARTESIAN_POINT('',(0.52,0.431159223263,-0.37));
#6761 = DIRECTION('',(-1.,0.,-5.421010862428E-15));
#6762 = DIRECTION('',(-5.421010862428E-15,0.,1.));
#6763 = ORIENTED_EDGE('',*,*,#5722,.F.);
#6764 = ORIENTED_EDGE('',*,*,#6742,.T.);
#6765 = ORIENTED_EDGE('',*,*,#6043,.F.);
#6766 = CYLINDRICAL_SURFACE('',#6767,2.E-02);
#6767 = AXIS2_PLACEMENT_3D('',#6768,#6769,#6770);
#6768 = CARTESIAN_POINT('',(-7.494045571856E-17,0.431159223263,-0.37));
#6769 = DIRECTION('',(1.,0.,-2.007781800899E-16));
#6770 = DIRECTION('',(-2.007781800899E-16,0.,-1.));
#6771 = ADVANCED_FACE('',(#6772),#6783,.T.);
#6772 = FACE_BOUND('',#6773,.T.);
#6773 = EDGE_LOOP('',(#6774,#6775,#6776));
#6774 = ORIENTED_EDGE('',*,*,#6527,.F.);
#6775 = ORIENTED_EDGE('',*,*,#6757,.T.);
#6776 = ORIENTED_EDGE('',*,*,#6777,.F.);
#6777 = EDGE_CURVE('',#5813,#6036,#6778,.T.);
#6778 = CIRCLE('',#6779,2.E-02);
#6779 = AXIS2_PLACEMENT_3D('',#6780,#6781,#6782);
#6780 = CARTESIAN_POINT('',(0.52,0.431159223263,-0.37));
#6781 = DIRECTION('',(0.,-1.,-0.));
#6782 = DIRECTION('',(0.,0.,-1.));
#6783 = SPHERICAL_SURFACE('',#6784,2.E-02);
#6784 = AXIS2_PLACEMENT_3D('',#6785,#6786,#6787);
#6785 = CARTESIAN_POINT('',(0.52,0.431159223263,-0.37));
#6786 = DIRECTION('',(0.,1.,0.));
#6787 = DIRECTION('',(1.,0.,0.));
#6788 = ADVANCED_FACE('',(#6789),#6796,.T.);
#6789 = FACE_BOUND('',#6790,.T.);
#6790 = EDGE_LOOP('',(#6791,#6792,#6793,#6794,#6795));
#6791 = ORIENTED_EDGE('',*,*,#5962,.F.);
#6792 = ORIENTED_EDGE('',*,*,#5820,.F.);
#6793 = ORIENTED_EDGE('',*,*,#6777,.T.);
#6794 = ORIENTED_EDGE('',*,*,#6035,.F.);
#6795 = ORIENTED_EDGE('',*,*,#6665,.F.);
#6796 = CYLINDRICAL_SURFACE('',#6797,2.E-02);
#6797 = AXIS2_PLACEMENT_3D('',#6798,#6799,#6800);
#6798 = CARTESIAN_POINT('',(0.52,0.,-0.37));
#6799 = DIRECTION('',(0.,-1.,0.));
#6800 = DIRECTION('',(0.,0.,-1.));
#6801 = ADVANCED_FACE('',(#6802),#6814,.T.);
#6802 = FACE_BOUND('',#6803,.T.);
#6803 = EDGE_LOOP('',(#6804,#6805,#6806,#6813));
#6804 = ORIENTED_EDGE('',*,*,#5624,.F.);
#6805 = ORIENTED_EDGE('',*,*,#6387,.F.);
#6806 = ORIENTED_EDGE('',*,*,#6807,.F.);
#6807 = EDGE_CURVE('',#6362,#5325,#6808,.T.);
#6808 = CIRCLE('',#6809,2.E-02);
#6809 = AXIS2_PLACEMENT_3D('',#6810,#6811,#6812);
#6810 = CARTESIAN_POINT('',(0.779999991833,0.366385174427,0.37));
#6811 = DIRECTION('',(-3.690595582954E-10,1.,0.));
#6812 = DIRECTION('',(-1.,-3.690595582954E-10,0.));
#6813 = ORIENTED_EDGE('',*,*,#6361,.F.);
#6814 = ( BOUNDED_SURFACE() B_SPLINE_SURFACE(3,2,(
    (#6815,#6816,#6817)
    ,(#6818,#6819,#6820)
    ,(#6821,#6822,#6823)
    ,(#6824,#6825,#6826)
    ,(#6827,#6828,#6829)
    ,(#6830,#6831,#6832
)),.UNSPECIFIED.,.F.,.F.,.F.) B_SPLINE_SURFACE_WITH_KNOTS((4,2,4),(3,3),
  (-2.555994843517E-06,2.11482003834E-04,4.255200025114E-04),(0.,1.),
.UNSPECIFIED.) GEOMETRIC_REPRESENTATION_ITEM() RATIONAL_B_SPLINE_SURFACE
((
    (1.,0.707106781187,1.)
    ,(1.,0.707106781187,1.)
    ,(1.,0.707106781187,1.)
    ,(1.,0.707106781187,1.)
    ,(1.,0.707106781187,1.)
,(1.,0.707106781187,1.))) REPRESENTATION_ITEM('') SURFACE() );
#6815 = CARTESIAN_POINT('',(0.779997687962,0.368934442216,0.39));
#6816 = CARTESIAN_POINT('',(0.799997679794,0.368952516974,0.39));
#6817 = CARTESIAN_POINT('',(0.799997679794,0.368952516974,0.37));
#6818 = CARTESIAN_POINT('',(0.780062266676,0.297477119465,0.39));
#6819 = CARTESIAN_POINT('',(0.800060438933,0.299508583009,0.39));
#6820 = CARTESIAN_POINT('',(0.800060438935,0.299508580713,0.37));
#6821 = CARTESIAN_POINT('',(0.791899637773,0.225579198854,0.39));
#6822 = CARTESIAN_POINT('',(0.81150239134,0.230460246,0.39));
#6823 = CARTESIAN_POINT('',(0.811502398894,0.230460249064,0.37));
#6824 = CARTESIAN_POINT('',(0.845054762056,9.452616433881E-02,0.39));
#6825 = CARTESIAN_POINT('',(0.862519067839,0.104679514794,0.39));
#6826 = CARTESIAN_POINT('',(0.862519060285,0.10467951173,0.37));
#6827 = CARTESIAN_POINT('',(0.887064865794,3.440984308069E-02,0.39));
#6828 = CARTESIAN_POINT('',(0.902726709614,4.703986104718E-02,0.39));
#6829 = CARTESIAN_POINT('',(0.902726711314,4.703985935541E-02,0.37));
#6830 = CARTESIAN_POINT('',(0.93770002644,-1.597528774984E-02,0.39));
#6831 = CARTESIAN_POINT('',(0.951807116426,-1.798193120631E-03,0.39));
#6832 = CARTESIAN_POINT('',(0.951807116426,-1.798193120631E-03,0.37));
#6833 = ADVANCED_FACE('',(#6834),#6846,.T.);
#6834 = FACE_BOUND('',#6835,.T.);
#6835 = EDGE_LOOP('',(#6836,#6837,#6838,#6845));
#6836 = ORIENTED_EDGE('',*,*,#6807,.T.);
#6837 = ORIENTED_EDGE('',*,*,#5324,.F.);
#6838 = ORIENTED_EDGE('',*,*,#6839,.F.);
#6839 = EDGE_CURVE('',#6322,#5317,#6840,.T.);
#6840 = CIRCLE('',#6841,2.E-02);
#6841 = AXIS2_PLACEMENT_3D('',#6842,#6843,#6844);
#6842 = CARTESIAN_POINT('',(0.78,0.431159223263,0.37));
#6843 = DIRECTION('',(0.,1.,0.));
#6844 = DIRECTION('',(0.,-0.,1.));
#6845 = ORIENTED_EDGE('',*,*,#6372,.F.);
#6846 = CYLINDRICAL_SURFACE('',#6847,2.E-02);
#6847 = AXIS2_PLACEMENT_3D('',#6848,#6849,#6850);
#6848 = CARTESIAN_POINT('',(0.78,0.,0.37));
#6849 = DIRECTION('',(0.,1.,0.));
#6850 = DIRECTION('',(0.,-0.,1.));
#6851 = ADVANCED_FACE('',(#6852),#6863,.T.);
#6852 = FACE_BOUND('',#6853,.T.);
#6853 = EDGE_LOOP('',(#6854,#6855,#6856));
#6854 = ORIENTED_EDGE('',*,*,#6839,.T.);
#6855 = ORIENTED_EDGE('',*,*,#6495,.F.);
#6856 = ORIENTED_EDGE('',*,*,#6857,.F.);
#6857 = EDGE_CURVE('',#6322,#5707,#6858,.T.);
#6858 = CIRCLE('',#6859,2.E-02);
#6859 = AXIS2_PLACEMENT_3D('',#6860,#6861,#6862);
#6860 = CARTESIAN_POINT('',(0.78,0.431159223263,0.37));
#6861 = DIRECTION('',(-1.,0.,0.));
#6862 = DIRECTION('',(0.,0.,1.));
#6863 = SPHERICAL_SURFACE('',#6864,2.E-02);
#6864 = AXIS2_PLACEMENT_3D('',#6865,#6866,#6867);
#6865 = CARTESIAN_POINT('',(0.78,0.431159223263,0.37));
#6866 = DIRECTION('',(0.,1.,0.));
#6867 = DIRECTION('',(1.,0.,0.));
#6868 = ADVANCED_FACE('',(#6869),#6881,.T.);
#6869 = FACE_BOUND('',#6870,.T.);
#6870 = EDGE_LOOP('',(#6871,#6872,#6873,#6880));
#6871 = ORIENTED_EDGE('',*,*,#6857,.T.);
#6872 = ORIENTED_EDGE('',*,*,#5706,.F.);
#6873 = ORIENTED_EDGE('',*,*,#6874,.F.);
#6874 = EDGE_CURVE('',#6324,#5699,#6875,.T.);
#6875 = CIRCLE('',#6876,2.E-02);
#6876 = AXIS2_PLACEMENT_3D('',#6877,#6878,#6879);
#6877 = CARTESIAN_POINT('',(0.52,0.431159223263,0.37));
#6878 = DIRECTION('',(-1.,0.,0.));
#6879 = DIRECTION('',(0.,0.,1.));
#6880 = ORIENTED_EDGE('',*,*,#6321,.F.);
#6881 = CYLINDRICAL_SURFACE('',#6882,2.E-02);
#6882 = AXIS2_PLACEMENT_3D('',#6883,#6884,#6885);
#6883 = CARTESIAN_POINT('',(0.,0.431159223263,0.37));
#6884 = DIRECTION('',(1.,0.,0.));
#6885 = DIRECTION('',(0.,0.,-1.));
#6886 = ADVANCED_FACE('',(#6887),#6898,.T.);
#6887 = FACE_BOUND('',#6888,.T.);
#6888 = EDGE_LOOP('',(#6889,#6890,#6891));
#6889 = ORIENTED_EDGE('',*,*,#6874,.T.);
#6890 = ORIENTED_EDGE('',*,*,#6519,.F.);
#6891 = ORIENTED_EDGE('',*,*,#6892,.F.);
#6892 = EDGE_CURVE('',#6324,#5805,#6893,.T.);
#6893 = CIRCLE('',#6894,2.E-02);
#6894 = AXIS2_PLACEMENT_3D('',#6895,#6896,#6897);
#6895 = CARTESIAN_POINT('',(0.52,0.431159223263,0.37));
#6896 = DIRECTION('',(-0.,-1.,0.));
#6897 = DIRECTION('',(-0.,0.,-1.));
#6898 = SPHERICAL_SURFACE('',#6899,2.E-02);
#6899 = AXIS2_PLACEMENT_3D('',#6900,#6901,#6902);
#6900 = CARTESIAN_POINT('',(0.52,0.431159223263,0.37));
#6901 = DIRECTION('',(0.,1.,0.));
#6902 = DIRECTION('',(1.,0.,0.));
#6903 = ADVANCED_FACE('',(#6904),#6911,.T.);
#6904 = FACE_BOUND('',#6905,.T.);
#6905 = EDGE_LOOP('',(#6906,#6907,#6908,#6909,#6910));
#6906 = ORIENTED_EDGE('',*,*,#6892,.T.);
#6907 = ORIENTED_EDGE('',*,*,#5804,.F.);
#6908 = ORIENTED_EDGE('',*,*,#5954,.F.);
#6909 = ORIENTED_EDGE('',*,*,#6583,.F.);
#6910 = ORIENTED_EDGE('',*,*,#6331,.F.);
#6911 = CYLINDRICAL_SURFACE('',#6912,2.E-02);
#6912 = AXIS2_PLACEMENT_3D('',#6913,#6914,#6915);
#6913 = CARTESIAN_POINT('',(0.52,0.,0.37));
#6914 = DIRECTION('',(0.,-1.,0.));
#6915 = DIRECTION('',(0.,0.,-1.));
#6916 = ADVANCED_FACE('',(#6917),#6929,.T.);
#6917 = FACE_BOUND('',#6918,.T.);
#6918 = EDGE_LOOP('',(#6919,#6920,#6921,#6928));
#6919 = ORIENTED_EDGE('',*,*,#5404,.F.);
#6920 = ORIENTED_EDGE('',*,*,#6417,.F.);
#6921 = ORIENTED_EDGE('',*,*,#6922,.F.);
#6922 = EDGE_CURVE('',#6166,#5487,#6923,.T.);
#6923 = CIRCLE('',#6924,2.E-02);
#6924 = AXIS2_PLACEMENT_3D('',#6925,#6926,#6927);
#6925 = CARTESIAN_POINT('',(-0.779999991833,0.366385174427,-0.37));
#6926 = DIRECTION('',(3.690595582954E-10,1.,0.));
#6927 = DIRECTION('',(-1.,3.690595582954E-10,0.));
#6928 = ORIENTED_EDGE('',*,*,#6165,.F.);
#6929 = ( BOUNDED_SURFACE() B_SPLINE_SURFACE(3,2,(
    (#6930,#6931,#6932)
    ,(#6933,#6934,#6935)
    ,(#6936,#6937,#6938)
    ,(#6939,#6940,#6941)
    ,(#6942,#6943,#6944)
    ,(#6945,#6946,#6947
)),.UNSPECIFIED.,.F.,.F.,.F.) B_SPLINE_SURFACE_WITH_KNOTS((4,2,4),(3,3),
  (-2.555994843517E-06,2.11482003834E-04,4.255200025114E-04),(0.,1.),
.UNSPECIFIED.) GEOMETRIC_REPRESENTATION_ITEM() RATIONAL_B_SPLINE_SURFACE
((
    (1.,0.707106781187,1.)
    ,(1.,0.707106781187,1.)
    ,(1.,0.707106781187,1.)
    ,(1.,0.707106781187,1.)
    ,(1.,0.707106781187,1.)
,(1.,0.707106781187,1.))) REPRESENTATION_ITEM('') SURFACE() );
#6930 = CARTESIAN_POINT('',(-0.779997687962,0.368934442216,-0.39));
#6931 = CARTESIAN_POINT('',(-0.799997679794,0.368952516974,-0.39));
#6932 = CARTESIAN_POINT('',(-0.799997679794,0.368952516974,-0.37));
#6933 = CARTESIAN_POINT('',(-0.780062266676,0.297477119465,-0.39));
#6934 = CARTESIAN_POINT('',(-0.800060438933,0.299508583009,-0.39));
#6935 = CARTESIAN_POINT('',(-0.800060438935,0.299508580713,-0.37));
#6936 = CARTESIAN_POINT('',(-0.791899637773,0.225579198854,-0.39));
#6937 = CARTESIAN_POINT('',(-0.81150239134,0.230460246,-0.39));
#6938 = CARTESIAN_POINT('',(-0.811502398894,0.230460249064,-0.37));
#6939 = CARTESIAN_POINT('',(-0.845054762056,9.452616433882E-02,-0.39));
#6940 = CARTESIAN_POINT('',(-0.862519067839,0.104679514794,-0.39));
#6941 = CARTESIAN_POINT('',(-0.862519060285,0.10467951173,-0.37));
#6942 = CARTESIAN_POINT('',(-0.887064865794,3.440984308069E-02,-0.39));
#6943 = CARTESIAN_POINT('',(-0.902726709614,4.703986104718E-02,-0.39));
#6944 = CARTESIAN_POINT('',(-0.902726711314,4.703985935541E-02,-0.37));
#6945 = CARTESIAN_POINT('',(-0.93770002644,-1.597528774984E-02,-0.39));
#6946 = CARTESIAN_POINT('',(-0.951807116426,-1.798193120631E-03,-0.39));
#6947 = CARTESIAN_POINT('',(-0.951807116426,-1.798193120631E-03,-0.37));
#6948 = ADVANCED_FACE('',(#6949),#6961,.T.);
#6949 = FACE_BOUND('',#6950,.T.);
#6950 = EDGE_LOOP('',(#6951,#6952,#6953,#6960));
#6951 = ORIENTED_EDGE('',*,*,#6922,.T.);
#6952 = ORIENTED_EDGE('',*,*,#5486,.F.);
#6953 = ORIENTED_EDGE('',*,*,#6954,.F.);
#6954 = EDGE_CURVE('',#6126,#5479,#6955,.T.);
#6955 = CIRCLE('',#6956,2.E-02);
#6956 = AXIS2_PLACEMENT_3D('',#6957,#6958,#6959);
#6957 = CARTESIAN_POINT('',(-0.78,0.431159223263,-0.37));
#6958 = DIRECTION('',(0.,1.,0.));
#6959 = DIRECTION('',(0.,-0.,1.));
#6960 = ORIENTED_EDGE('',*,*,#6176,.F.);
#6961 = CYLINDRICAL_SURFACE('',#6962,2.E-02);
#6962 = AXIS2_PLACEMENT_3D('',#6963,#6964,#6965);
#6963 = CARTESIAN_POINT('',(-0.78,-4.963198370139E-31,-0.37));
#6964 = DIRECTION('',(0.,1.,-1.306104834247E-30));
#6965 = DIRECTION('',(0.,1.306104834247E-30,1.));
#6966 = ADVANCED_FACE('',(#6967),#6978,.T.);
#6967 = FACE_BOUND('',#6968,.T.);
#6968 = EDGE_LOOP('',(#6969,#6970,#6971));
#6969 = ORIENTED_EDGE('',*,*,#6954,.T.);
#6970 = ORIENTED_EDGE('',*,*,#6471,.F.);
#6971 = ORIENTED_EDGE('',*,*,#6972,.F.);
#6972 = EDGE_CURVE('',#6126,#5365,#6973,.T.);
#6973 = CIRCLE('',#6974,2.E-02);
#6974 = AXIS2_PLACEMENT_3D('',#6975,#6976,#6977);
#6975 = CARTESIAN_POINT('',(-0.78,0.431159223263,-0.37));
#6976 = DIRECTION('',(1.,-0.,0.));
#6977 = DIRECTION('',(0.,0.,-1.));
#6978 = SPHERICAL_SURFACE('',#6979,2.E-02);
#6979 = AXIS2_PLACEMENT_3D('',#6980,#6981,#6982);
#6980 = CARTESIAN_POINT('',(-0.78,0.431159223263,-0.37));
#6981 = DIRECTION('',(0.,1.,0.));
#6982 = DIRECTION('',(1.,0.,0.));
#6983 = ADVANCED_FACE('',(#6984),#6996,.T.);
#6984 = FACE_BOUND('',#6985,.T.);
#6985 = EDGE_LOOP('',(#6986,#6987,#6988,#6995));
#6986 = ORIENTED_EDGE('',*,*,#6972,.T.);
#6987 = ORIENTED_EDGE('',*,*,#5364,.F.);
#6988 = ORIENTED_EDGE('',*,*,#6989,.F.);
#6989 = EDGE_CURVE('',#6128,#5357,#6990,.T.);
#6990 = CIRCLE('',#6991,2.E-02);
#6991 = AXIS2_PLACEMENT_3D('',#6992,#6993,#6994);
#6992 = CARTESIAN_POINT('',(-0.52,0.431159223263,-0.37));
#6993 = DIRECTION('',(1.,-0.,0.));
#6994 = DIRECTION('',(0.,0.,-1.));
#6995 = ORIENTED_EDGE('',*,*,#6125,.F.);
#6996 = CYLINDRICAL_SURFACE('',#6997,2.E-02);
#6997 = AXIS2_PLACEMENT_3D('',#6998,#6999,#7000);
#6998 = CARTESIAN_POINT('',(-6.731088487514E-17,0.431159223263,-0.37));
#6999 = DIRECTION('',(-1.,0.,1.807003620809E-16));
#7000 = DIRECTION('',(1.807003620809E-16,0.,1.));
#7001 = ADVANCED_FACE('',(#7002),#7013,.T.);
#7002 = FACE_BOUND('',#7003,.T.);
#7003 = EDGE_LOOP('',(#7004,#7005,#7006));
#7004 = ORIENTED_EDGE('',*,*,#6989,.T.);
#7005 = ORIENTED_EDGE('',*,*,#6543,.F.);
#7006 = ORIENTED_EDGE('',*,*,#7007,.F.);
#7007 = EDGE_CURVE('',#6128,#5585,#7008,.T.);
#7008 = CIRCLE('',#7009,2.E-02);
#7009 = AXIS2_PLACEMENT_3D('',#7010,#7011,#7012);
#7010 = CARTESIAN_POINT('',(-0.52,0.431159223263,-0.37));
#7011 = DIRECTION('',(8.131516293641E-15,-1.,0.));
#7012 = DIRECTION('',(1.,8.131516293641E-15,0.));
#7013 = SPHERICAL_SURFACE('',#7014,2.E-02);
#7014 = AXIS2_PLACEMENT_3D('',#7015,#7016,#7017);
#7015 = CARTESIAN_POINT('',(-0.52,0.431159223263,-0.37));
#7016 = DIRECTION('',(0.,1.,0.));
#7017 = DIRECTION('',(1.,0.,0.));
#7018 = ADVANCED_FACE('',(#7019),#7026,.T.);
#7019 = FACE_BOUND('',#7020,.T.);
#7020 = EDGE_LOOP('',(#7021,#7022,#7023,#7024,#7025));
#7021 = ORIENTED_EDGE('',*,*,#7007,.T.);
#7022 = ORIENTED_EDGE('',*,*,#5584,.F.);
#7023 = ORIENTED_EDGE('',*,*,#5979,.F.);
#7024 = ORIENTED_EDGE('',*,*,#6648,.F.);
#7025 = ORIENTED_EDGE('',*,*,#6135,.F.);
#7026 = CYLINDRICAL_SURFACE('',#7027,2.E-02);
#7027 = AXIS2_PLACEMENT_3D('',#7028,#7029,#7030);
#7028 = CARTESIAN_POINT('',(-0.52,-3.758567531283E-15,-0.37));
#7029 = DIRECTION('',(7.228014483237E-15,-1.,0.));
#7030 = DIRECTION('',(1.,7.228014483237E-15,0.));
#7031 = ADVANCED_FACE('',(#7032),#7044,.T.);
#7032 = FACE_BOUND('',#7033,.T.);
#7033 = EDGE_LOOP('',(#7034,#7035,#7036,#7043));
#7034 = ORIENTED_EDGE('',*,*,#5449,.F.);
#7035 = ORIENTED_EDGE('',*,*,#6255,.F.);
#7036 = ORIENTED_EDGE('',*,*,#7037,.F.);
#7037 = EDGE_CURVE('',#5495,#6248,#7038,.T.);
#7038 = CIRCLE('',#7039,2.E-02);
#7039 = AXIS2_PLACEMENT_3D('',#7040,#7041,#7042);
#7040 = CARTESIAN_POINT('',(-0.780000008167,0.366367099677,0.37));
#7041 = DIRECTION('',(9.037374945073E-04,0.999999183258,
    -9.037374945081E-04));
#7042 = DIRECTION('',(6.852496543287E-19,9.037378635682E-04,
    0.999999591629));
#7043 = ORIENTED_EDGE('',*,*,#6427,.F.);
#7044 = ( BOUNDED_SURFACE() B_SPLINE_SURFACE(3,2,(
    (#7045,#7046,#7047)
    ,(#7048,#7049,#7050)
    ,(#7051,#7052,#7053)
    ,(#7054,#7055,#7056)
    ,(#7057,#7058,#7059)
    ,(#7060,#7061,#7062
)),.UNSPECIFIED.,.F.,.F.,.F.) B_SPLINE_SURFACE_WITH_KNOTS((4,2,4),(3,3),
  (-2.555994843517E-06,2.11482003834E-04,4.255200025114E-04),(0.,1.),
.UNSPECIFIED.) GEOMETRIC_REPRESENTATION_ITEM() RATIONAL_B_SPLINE_SURFACE
((
    (1.,0.707106781187,1.)
    ,(1.,0.707106781187,1.)
    ,(1.,0.707106781187,1.)
    ,(1.,0.707106781187,1.)
    ,(1.,0.707106781187,1.)
,(1.,0.707106781187,1.))) REPRESENTATION_ITEM('') SURFACE() );
#7045 = CARTESIAN_POINT('',(-0.799997679794,0.368952516974,0.37));
#7046 = CARTESIAN_POINT('',(-0.799997679794,0.368952516974,0.39));
#7047 = CARTESIAN_POINT('',(-0.779997687962,0.368934442216,0.39));
#7048 = CARTESIAN_POINT('',(-0.800060438935,0.299508580713,0.37));
#7049 = CARTESIAN_POINT('',(-0.800060438933,0.299508583009,0.39));
#7050 = CARTESIAN_POINT('',(-0.780062266676,0.297477119465,0.39));
#7051 = CARTESIAN_POINT('',(-0.811502398894,0.230460249064,0.37));
#7052 = CARTESIAN_POINT('',(-0.81150239134,0.230460246,0.39));
#7053 = CARTESIAN_POINT('',(-0.791899637773,0.225579198854,0.39));
#7054 = CARTESIAN_POINT('',(-0.862519060285,0.10467951173,0.37));
#7055 = CARTESIAN_POINT('',(-0.862519067839,0.104679514794,0.39));
#7056 = CARTESIAN_POINT('',(-0.845054762056,9.452616433882E-02,0.39));
#7057 = CARTESIAN_POINT('',(-0.902726711314,4.703985935541E-02,0.37));
#7058 = CARTESIAN_POINT('',(-0.902726709614,4.703986104718E-02,0.39));
#7059 = CARTESIAN_POINT('',(-0.887064865794,3.440984308069E-02,0.39));
#7060 = CARTESIAN_POINT('',(-0.951807116426,-1.798193120631E-03,0.37));
#7061 = CARTESIAN_POINT('',(-0.951807116426,-1.798193120631E-03,0.39));
#7062 = CARTESIAN_POINT('',(-0.93770002644,-1.597528774984E-02,0.39));
#7063 = ADVANCED_FACE('',(#7064),#7076,.T.);
#7064 = FACE_BOUND('',#7065,.T.);
#7065 = EDGE_LOOP('',(#7066,#7073,#7074,#7075));
#7066 = ORIENTED_EDGE('',*,*,#7067,.F.);
#7067 = EDGE_CURVE('',#5477,#6240,#7068,.T.);
#7068 = CIRCLE('',#7069,2.E-02);
#7069 = AXIS2_PLACEMENT_3D('',#7070,#7071,#7072);
#7070 = CARTESIAN_POINT('',(-0.78,0.431159223263,0.37));
#7071 = DIRECTION('',(0.,1.,-0.));
#7072 = DIRECTION('',(0.,0.,1.));
#7073 = ORIENTED_EDGE('',*,*,#5502,.F.);
#7074 = ORIENTED_EDGE('',*,*,#7037,.T.);
#7075 = ORIENTED_EDGE('',*,*,#6247,.F.);
#7076 = CYLINDRICAL_SURFACE('',#7077,2.E-02);
#7077 = AXIS2_PLACEMENT_3D('',#7078,#7079,#7080);
#7078 = CARTESIAN_POINT('',(-0.78,0.,0.37));
#7079 = DIRECTION('',(0.,1.,0.));
#7080 = DIRECTION('',(0.,-0.,1.));
#7081 = ADVANCED_FACE('',(#7082),#7093,.T.);
#7082 = FACE_BOUND('',#7083,.T.);
#7083 = EDGE_LOOP('',(#7084,#7085,#7086));
#7084 = ORIENTED_EDGE('',*,*,#6479,.F.);
#7085 = ORIENTED_EDGE('',*,*,#7067,.T.);
#7086 = ORIENTED_EDGE('',*,*,#7087,.F.);
#7087 = EDGE_CURVE('',#5373,#6240,#7088,.T.);
#7088 = CIRCLE('',#7089,2.E-02);
#7089 = AXIS2_PLACEMENT_3D('',#7090,#7091,#7092);
#7090 = CARTESIAN_POINT('',(-0.78,0.431159223263,0.37));
#7091 = DIRECTION('',(1.,0.,0.));
#7092 = DIRECTION('',(0.,0.,-1.));
#7093 = SPHERICAL_SURFACE('',#7094,2.E-02);
#7094 = AXIS2_PLACEMENT_3D('',#7095,#7096,#7097);
#7095 = CARTESIAN_POINT('',(-0.78,0.431159223263,0.37));
#7096 = DIRECTION('',(0.,1.,0.));
#7097 = DIRECTION('',(1.,0.,0.));
#7098 = ADVANCED_FACE('',(#7099),#7111,.T.);
#7099 = FACE_BOUND('',#7100,.T.);
#7100 = EDGE_LOOP('',(#7101,#7108,#7109,#7110));
#7101 = ORIENTED_EDGE('',*,*,#7102,.F.);
#7102 = EDGE_CURVE('',#5355,#6232,#7103,.T.);
#7103 = CIRCLE('',#7104,2.E-02);
#7104 = AXIS2_PLACEMENT_3D('',#7105,#7106,#7107);
#7105 = CARTESIAN_POINT('',(-0.52,0.431159223263,0.37));
#7106 = DIRECTION('',(1.,-0.,5.421010862428E-15));
#7107 = DIRECTION('',(5.421010862428E-15,0.,-1.));
#7108 = ORIENTED_EDGE('',*,*,#5380,.F.);
#7109 = ORIENTED_EDGE('',*,*,#7087,.T.);
#7110 = ORIENTED_EDGE('',*,*,#6239,.F.);
#7111 = CYLINDRICAL_SURFACE('',#7112,2.E-02);
#7112 = AXIS2_PLACEMENT_3D('',#7113,#7114,#7115);
#7113 = CARTESIAN_POINT('',(0.,0.431159223263,0.37));
#7114 = DIRECTION('',(-1.,0.,0.));
#7115 = DIRECTION('',(0.,0.,1.));
#7116 = ADVANCED_FACE('',(#7117),#7128,.T.);
#7117 = FACE_BOUND('',#7118,.T.);
#7118 = EDGE_LOOP('',(#7119,#7120,#7121));
#7119 = ORIENTED_EDGE('',*,*,#6551,.F.);
#7120 = ORIENTED_EDGE('',*,*,#7102,.T.);
#7121 = ORIENTED_EDGE('',*,*,#7122,.F.);
#7122 = EDGE_CURVE('',#5593,#6232,#7123,.T.);
#7123 = CIRCLE('',#7124,2.E-02);
#7124 = AXIS2_PLACEMENT_3D('',#7125,#7126,#7127);
#7125 = CARTESIAN_POINT('',(-0.52,0.431159223263,0.37));
#7126 = DIRECTION('',(8.131516293641E-15,-1.,0.));
#7127 = DIRECTION('',(1.,8.131516293641E-15,0.));
#7128 = SPHERICAL_SURFACE('',#7129,2.E-02);
#7129 = AXIS2_PLACEMENT_3D('',#7130,#7131,#7132);
#7130 = CARTESIAN_POINT('',(-0.52,0.431159223263,0.37));
#7131 = DIRECTION('',(0.,1.,0.));
#7132 = DIRECTION('',(1.,0.,0.));
#7133 = ADVANCED_FACE('',(#7134),#7141,.T.);
#7134 = FACE_BOUND('',#7135,.T.);
#7135 = EDGE_LOOP('',(#7136,#7137,#7138,#7139,#7140));
#7136 = ORIENTED_EDGE('',*,*,#5937,.F.);
#7137 = ORIENTED_EDGE('',*,*,#5600,.F.);
#7138 = ORIENTED_EDGE('',*,*,#7122,.T.);
#7139 = ORIENTED_EDGE('',*,*,#6231,.F.);
#7140 = ORIENTED_EDGE('',*,*,#6600,.F.);
#7141 = CYLINDRICAL_SURFACE('',#7142,2.E-02);
#7142 = AXIS2_PLACEMENT_3D('',#7143,#7144,#7145);
#7143 = CARTESIAN_POINT('',(-0.52,-3.758567531283E-15,0.37));
#7144 = DIRECTION('',(7.228014483237E-15,-1.,-0.));
#7145 = DIRECTION('',(1.,7.228014483237E-15,0.));
#7146 = ( GEOMETRIC_REPRESENTATION_CONTEXT(3) 
GLOBAL_UNCERTAINTY_ASSIGNED_CONTEXT((#7150)) 
GLOBAL_UNIT_ASSIGNED_CONTEXT((#7147,#7148,#7149)) REPRESENTATION_CONTEXT
('Context #1','3D Context with UNIT and UNCERTAINTY') );
#7147 = ( LENGTH_UNIT() NAMED_UNIT(*) SI_UNIT(.MILLI.,.METRE.) );
#7148 = ( NAMED_UNIT(*) PLANE_ANGLE_UNIT() SI_UNIT($,.RADIAN.) );
#7149 = ( NAMED_UNIT(*) SI_UNIT($,.STERADIAN.) SOLID_ANGLE_UNIT() );
#7150 = UNCERTAINTY_MEASURE_WITH_UNIT(LENGTH_MEASURE(2.E-05),#7147,
  'distance_accuracy_value','confusion accuracy');
#7151 = CONTEXT_DEPENDENT_SHAPE_REPRESENTATION(#7152,#7154);
#7152 = ( REPRESENTATION_RELATIONSHIP('','',#5307,#5284) 
REPRESENTATION_RELATIONSHIP_WITH_TRANSFORMATION(#7153) 
SHAPE_REPRESENTATION_RELATIONSHIP() );
#7153 = ITEM_DEFINED_TRANSFORMATION('','',#11,#5285);
#7154 = PRODUCT_DEFINITION_SHAPE('Placement','Placement of an item',
  #7155);
#7155 = NEXT_ASSEMBLY_USAGE_OCCURRENCE('5','=>[0:1:1:7]','',#5279,#5302,
  $);
#7156 = PRODUCT_RELATED_PRODUCT_CATEGORY('part',$,(#5304));
#7157 = CONTEXT_DEPENDENT_SHAPE_REPRESENTATION(#7158,#7160);
#7158 = ( REPRESENTATION_RELATIONSHIP('','',#5284,#10) 
REPRESENTATION_RELATIONSHIP_WITH_TRANSFORMATION(#7159) 
SHAPE_REPRESENTATION_RELATIONSHIP() );
#7159 = ITEM_DEFINED_TRANSFORMATION('','',#11,#27);
#7160 = PRODUCT_DEFINITION_SHAPE('Placement','Placement of an item',
  #7161);
#7161 = NEXT_ASSEMBLY_USAGE_OCCURRENCE('7','R2','',#5,#5279,$);
#7162 = CONTEXT_DEPENDENT_SHAPE_REPRESENTATION(#7163,#7165);
#7163 = ( REPRESENTATION_RELATIONSHIP('','',#5284,#10) 
REPRESENTATION_RELATIONSHIP_WITH_TRANSFORMATION(#7164) 
SHAPE_REPRESENTATION_RELATIONSHIP() );
#7164 = ITEM_DEFINED_TRANSFORMATION('','',#11,#31);
#7165 = PRODUCT_DEFINITION_SHAPE('Placement','Placement of an item',
  #7166);
#7166 = NEXT_ASSEMBLY_USAGE_OCCURRENCE('8','R3','',#5,#5279,$);
#7167 = CONTEXT_DEPENDENT_SHAPE_REPRESENTATION(#7168,#7170);
#7168 = ( REPRESENTATION_RELATIONSHIP('','',#92,#10) 
REPRESENTATION_RELATIONSHIP_WITH_TRANSFORMATION(#7169) 
SHAPE_REPRESENTATION_RELATIONSHIP() );
#7169 = ITEM_DEFINED_TRANSFORMATION('','',#11,#35);
#7170 = PRODUCT_DEFINITION_SHAPE('Placement','Placement of an item',
  #7171);
#7171 = NEXT_ASSEMBLY_USAGE_OCCURRENCE('9','C1','',#5,#87,$);
#7172 = SHAPE_DEFINITION_REPRESENTATION(#7173,#7179);
#7173 = PRODUCT_DEFINITION_SHAPE('','',#7174);
#7174 = PRODUCT_DEFINITION('design','',#7175,#7178);
#7175 = PRODUCT_DEFINITION_FORMATION('','',#7176);
#7176 = PRODUCT('SOT-363','SOT-363','',(#7177));
#7177 = PRODUCT_CONTEXT('',#2,'mechanical');
#7178 = PRODUCT_DEFINITION_CONTEXT('part definition',#2,'design');
#7179 = SHAPE_REPRESENTATION('',(#11,#7180),#7184);
#7180 = AXIS2_PLACEMENT_3D('',#7181,#7182,#7183);
#7181 = CARTESIAN_POINT('',(0.,0.,0.));
#7182 = DIRECTION('',(0.,0.,1.));
#7183 = DIRECTION('',(1.,0.,-0.));
#7184 = ( GEOMETRIC_REPRESENTATION_CONTEXT(3) 
GLOBAL_UNCERTAINTY_ASSIGNED_CONTEXT((#7188)) 
GLOBAL_UNIT_ASSIGNED_CONTEXT((#7185,#7186,#7187)) REPRESENTATION_CONTEXT
('Context #1','3D Context with UNIT and UNCERTAINTY') );
#7185 = ( LENGTH_UNIT() NAMED_UNIT(*) SI_UNIT(.MILLI.,.METRE.) );
#7186 = ( NAMED_UNIT(*) PLANE_ANGLE_UNIT() SI_UNIT($,.RADIAN.) );
#7187 = ( NAMED_UNIT(*) SI_UNIT($,.STERADIAN.) SOLID_ANGLE_UNIT() );
#7188 = UNCERTAINTY_MEASURE_WITH_UNIT(LENGTH_MEASURE(1.E-07),#7185,
  'distance_accuracy_value','confusion accuracy');
#7189 = CONTEXT_DEPENDENT_SHAPE_REPRESENTATION(#7190,#7192);
#7190 = ( REPRESENTATION_RELATIONSHIP('','',#7179,#10) 
REPRESENTATION_RELATIONSHIP_WITH_TRANSFORMATION(#7191) 
SHAPE_REPRESENTATION_RELATIONSHIP() );
#7191 = ITEM_DEFINED_TRANSFORMATION('','',#11,#39);
#7192 = PRODUCT_DEFINITION_SHAPE('Placement','Placement of an item',
  #7193);
#7193 = NEXT_ASSEMBLY_USAGE_OCCURRENCE('11','U2','',#5,#7174,$);
#7194 = PRODUCT_RELATED_PRODUCT_CATEGORY('part',$,(#7176));
#7195 = SHAPE_DEFINITION_REPRESENTATION(#7196,#7202);
#7196 = PRODUCT_DEFINITION_SHAPE('','',#7197);
#7197 = PRODUCT_DEFINITION('design','',#7198,#7201);
#7198 = PRODUCT_DEFINITION_FORMATION('','',#7199);
#7199 = PRODUCT('NTJD4001NT1G','NTJD4001NT1G','',(#7200));
#7200 = PRODUCT_CONTEXT('',#2,'mechanical');
#7201 = PRODUCT_DEFINITION_CONTEXT('part definition',#2,'design');
#7202 = SHAPE_REPRESENTATION('',(#11,#7203,#7592,#7981,#8370,#8759,#9148
    ,#9537),#9753);
#7203 = MANIFOLD_SOLID_BREP('',#7204);
#7204 = CLOSED_SHELL('',(#7205,#7247,#7278,#7311,#7342,#7373,#7404,#7437
    ,#7468,#7501,#7532,#7554,#7573));
#7205 = ADVANCED_FACE('',(#7206),#7242,.T.);
#7206 = FACE_BOUND('',#7207,.T.);
#7207 = EDGE_LOOP('',(#7208,#7219,#7227,#7236));
#7208 = ORIENTED_EDGE('',*,*,#7209,.T.);
#7209 = EDGE_CURVE('',#7210,#7212,#7214,.T.);
#7210 = VERTEX_POINT('',#7211);
#7211 = CARTESIAN_POINT('',(0.545,0.799981373547,0.612660395697));
#7212 = VERTEX_POINT('',#7213);
#7213 = CARTESIAN_POINT('',(0.545,0.61,0.8));
#7214 = CIRCLE('',#7215,0.19);
#7215 = AXIS2_PLACEMENT_3D('',#7216,#7217,#7218);
#7216 = CARTESIAN_POINT('',(0.545,0.61,0.61));
#7217 = DIRECTION('',(1.,0.,0.));
#7218 = DIRECTION('',(0.,0.,-1.));
#7219 = ORIENTED_EDGE('',*,*,#7220,.F.);
#7220 = EDGE_CURVE('',#7221,#7212,#7223,.T.);
#7221 = VERTEX_POINT('',#7222);
#7222 = CARTESIAN_POINT('',(0.755,0.61,0.8));
#7223 = LINE('',#7224,#7225);
#7224 = CARTESIAN_POINT('',(0.755,0.61,0.8));
#7225 = VECTOR('',#7226,1.);
#7226 = DIRECTION('',(-1.,-0.,-0.));
#7227 = ORIENTED_EDGE('',*,*,#7228,.F.);
#7228 = EDGE_CURVE('',#7229,#7221,#7231,.T.);
#7229 = VERTEX_POINT('',#7230);
#7230 = CARTESIAN_POINT('',(0.755,0.799981373547,0.612660395697));
#7231 = CIRCLE('',#7232,0.19);
#7232 = AXIS2_PLACEMENT_3D('',#7233,#7234,#7235);
#7233 = CARTESIAN_POINT('',(0.755,0.61,0.61));
#7234 = DIRECTION('',(1.,0.,0.));
#7235 = DIRECTION('',(0.,0.,-1.));
#7236 = ORIENTED_EDGE('',*,*,#7237,.T.);
#7237 = EDGE_CURVE('',#7229,#7210,#7238,.T.);
#7238 = LINE('',#7239,#7240);
#7239 = CARTESIAN_POINT('',(0.755,0.799981373547,0.612660395697));
#7240 = VECTOR('',#7241,1.);
#7241 = DIRECTION('',(-1.,-0.,-0.));
#7242 = CYLINDRICAL_SURFACE('',#7243,0.19);
#7243 = AXIS2_PLACEMENT_3D('',#7244,#7245,#7246);
#7244 = CARTESIAN_POINT('',(0.755,0.61,0.61));
#7245 = DIRECTION('',(-1.,-0.,-0.));
#7246 = DIRECTION('',(-0.,0.,1.));
#7247 = ADVANCED_FACE('',(#7248),#7273,.F.);
#7248 = FACE_BOUND('',#7249,.T.);
#7249 = EDGE_LOOP('',(#7250,#7258,#7266,#7272));
#7250 = ORIENTED_EDGE('',*,*,#7251,.T.);
#7251 = EDGE_CURVE('',#7212,#7252,#7254,.T.);
#7252 = VERTEX_POINT('',#7253);
#7253 = CARTESIAN_POINT('',(0.545,9.E-02,0.8));
#7254 = LINE('',#7255,#7256);
#7255 = CARTESIAN_POINT('',(0.545,9.E-02,0.8));
#7256 = VECTOR('',#7257,1.);
#7257 = DIRECTION('',(-0.,-1.,-0.));
#7258 = ORIENTED_EDGE('',*,*,#7259,.F.);
#7259 = EDGE_CURVE('',#7260,#7252,#7262,.T.);
#7260 = VERTEX_POINT('',#7261);
#7261 = CARTESIAN_POINT('',(0.755,9.E-02,0.8));
#7262 = LINE('',#7263,#7264);
#7263 = CARTESIAN_POINT('',(0.755,9.E-02,0.8));
#7264 = VECTOR('',#7265,1.);
#7265 = DIRECTION('',(-1.,-0.,-0.));
#7266 = ORIENTED_EDGE('',*,*,#7267,.F.);
#7267 = EDGE_CURVE('',#7221,#7260,#7268,.T.);
#7268 = LINE('',#7269,#7270);
#7269 = CARTESIAN_POINT('',(0.755,9.E-02,0.8));
#7270 = VECTOR('',#7271,1.);
#7271 = DIRECTION('',(-0.,-1.,-0.));
#7272 = ORIENTED_EDGE('',*,*,#7220,.T.);
#7273 = PLANE('',#7274);
#7274 = AXIS2_PLACEMENT_3D('',#7275,#7276,#7277);
#7275 = CARTESIAN_POINT('',(0.755,9.E-02,0.8));
#7276 = DIRECTION('',(0.,0.,-1.));
#7277 = DIRECTION('',(-1.,0.,-0.));
#7278 = ADVANCED_FACE('',(#7279),#7306,.F.);
#7279 = FACE_BOUND('',#7280,.F.);
#7280 = EDGE_LOOP('',(#7281,#7282,#7291,#7299));
#7281 = ORIENTED_EDGE('',*,*,#7259,.F.);
#7282 = ORIENTED_EDGE('',*,*,#7283,.T.);
#7283 = EDGE_CURVE('',#7260,#7284,#7286,.T.);
#7284 = VERTEX_POINT('',#7285);
#7285 = CARTESIAN_POINT('',(0.755,4.E-02,0.85));
#7286 = CIRCLE('',#7287,5.E-02);
#7287 = AXIS2_PLACEMENT_3D('',#7288,#7289,#7290);
#7288 = CARTESIAN_POINT('',(0.755,9.E-02,0.85));
#7289 = DIRECTION('',(-1.,-0.,-0.));
#7290 = DIRECTION('',(0.,0.,-1.));
#7291 = ORIENTED_EDGE('',*,*,#7292,.T.);
#7292 = EDGE_CURVE('',#7284,#7293,#7295,.T.);
#7293 = VERTEX_POINT('',#7294);
#7294 = CARTESIAN_POINT('',(0.545,4.E-02,0.85));
#7295 = LINE('',#7296,#7297);
#7296 = CARTESIAN_POINT('',(0.755,4.E-02,0.85));
#7297 = VECTOR('',#7298,1.);
#7298 = DIRECTION('',(-1.,-0.,-0.));
#7299 = ORIENTED_EDGE('',*,*,#7300,.F.);
#7300 = EDGE_CURVE('',#7252,#7293,#7301,.T.);
#7301 = CIRCLE('',#7302,5.E-02);
#7302 = AXIS2_PLACEMENT_3D('',#7303,#7304,#7305);
#7303 = CARTESIAN_POINT('',(0.545,9.E-02,0.85));
#7304 = DIRECTION('',(-1.,-0.,-0.));
#7305 = DIRECTION('',(0.,0.,-1.));
#7306 = CYLINDRICAL_SURFACE('',#7307,5.E-02);
#7307 = AXIS2_PLACEMENT_3D('',#7308,#7309,#7310);
#7308 = CARTESIAN_POINT('',(0.755,9.E-02,0.85));
#7309 = DIRECTION('',(-1.,-0.,-0.));
#7310 = DIRECTION('',(-0.,0.,1.));
#7311 = ADVANCED_FACE('',(#7312),#7337,.F.);
#7312 = FACE_BOUND('',#7313,.T.);
#7313 = EDGE_LOOP('',(#7314,#7322,#7330,#7336));
#7314 = ORIENTED_EDGE('',*,*,#7315,.T.);
#7315 = EDGE_CURVE('',#7293,#7316,#7318,.T.);
#7316 = VERTEX_POINT('',#7317);
#7317 = CARTESIAN_POINT('',(0.545,4.E-02,1.05));
#7318 = LINE('',#7319,#7320);
#7319 = CARTESIAN_POINT('',(0.545,4.E-02,1.05));
#7320 = VECTOR('',#7321,1.);
#7321 = DIRECTION('',(-0.,6.776263578034E-17,1.));
#7322 = ORIENTED_EDGE('',*,*,#7323,.F.);
#7323 = EDGE_CURVE('',#7324,#7316,#7326,.T.);
#7324 = VERTEX_POINT('',#7325);
#7325 = CARTESIAN_POINT('',(0.755,4.E-02,1.05));
#7326 = LINE('',#7327,#7328);
#7327 = CARTESIAN_POINT('',(0.755,4.E-02,1.05));
#7328 = VECTOR('',#7329,1.);
#7329 = DIRECTION('',(-1.,-0.,-0.));
#7330 = ORIENTED_EDGE('',*,*,#7331,.F.);
#7331 = EDGE_CURVE('',#7284,#7324,#7332,.T.);
#7332 = LINE('',#7333,#7334);
#7333 = CARTESIAN_POINT('',(0.755,4.E-02,1.05));
#7334 = VECTOR('',#7335,1.);
#7335 = DIRECTION('',(-0.,6.776263578034E-17,1.));
#7336 = ORIENTED_EDGE('',*,*,#7292,.T.);
#7337 = PLANE('',#7338);
#7338 = AXIS2_PLACEMENT_3D('',#7339,#7340,#7341);
#7339 = CARTESIAN_POINT('',(0.755,4.E-02,1.05));
#7340 = DIRECTION('',(0.,-1.,6.776263578034E-17));
#7341 = DIRECTION('',(0.,-6.776263578034E-17,-1.));
#7342 = ADVANCED_FACE('',(#7343),#7368,.F.);
#7343 = FACE_BOUND('',#7344,.T.);
#7344 = EDGE_LOOP('',(#7345,#7353,#7361,#7367));
#7345 = ORIENTED_EDGE('',*,*,#7346,.T.);
#7346 = EDGE_CURVE('',#7316,#7347,#7349,.T.);
#7347 = VERTEX_POINT('',#7348);
#7348 = CARTESIAN_POINT('',(0.545,-0.1,1.05));
#7349 = LINE('',#7350,#7351);
#7350 = CARTESIAN_POINT('',(0.545,4.E-02,1.05));
#7351 = VECTOR('',#7352,1.);
#7352 = DIRECTION('',(0.,-1.,0.));
#7353 = ORIENTED_EDGE('',*,*,#7354,.F.);
#7354 = EDGE_CURVE('',#7355,#7347,#7357,.T.);
#7355 = VERTEX_POINT('',#7356);
#7356 = CARTESIAN_POINT('',(0.755,-0.1,1.05));
#7357 = LINE('',#7358,#7359);
#7358 = CARTESIAN_POINT('',(0.755,-0.1,1.05));
#7359 = VECTOR('',#7360,1.);
#7360 = DIRECTION('',(-1.,-0.,-0.));
#7361 = ORIENTED_EDGE('',*,*,#7362,.F.);
#7362 = EDGE_CURVE('',#7324,#7355,#7363,.T.);
#7363 = LINE('',#7364,#7365);
#7364 = CARTESIAN_POINT('',(0.755,4.E-02,1.05));
#7365 = VECTOR('',#7366,1.);
#7366 = DIRECTION('',(0.,-1.,0.));
#7367 = ORIENTED_EDGE('',*,*,#7323,.T.);
#7368 = PLANE('',#7369);
#7369 = AXIS2_PLACEMENT_3D('',#7370,#7371,#7372);
#7370 = CARTESIAN_POINT('',(0.755,4.E-02,1.05));
#7371 = DIRECTION('',(0.,0.,-1.));
#7372 = DIRECTION('',(-1.,0.,-0.));
#7373 = ADVANCED_FACE('',(#7374),#7399,.F.);
#7374 = FACE_BOUND('',#7375,.T.);
#7375 = EDGE_LOOP('',(#7376,#7384,#7392,#7398));
#7376 = ORIENTED_EDGE('',*,*,#7377,.T.);
#7377 = EDGE_CURVE('',#7347,#7378,#7380,.T.);
#7378 = VERTEX_POINT('',#7379);
#7379 = CARTESIAN_POINT('',(0.545,-0.1,0.85));
#7380 = LINE('',#7381,#7382);
#7381 = CARTESIAN_POINT('',(0.545,-0.1,1.05));
#7382 = VECTOR('',#7383,1.);
#7383 = DIRECTION('',(0.,-1.355252715607E-16,-1.));
#7384 = ORIENTED_EDGE('',*,*,#7385,.F.);
#7385 = EDGE_CURVE('',#7386,#7378,#7388,.T.);
#7386 = VERTEX_POINT('',#7387);
#7387 = CARTESIAN_POINT('',(0.755,-0.1,0.85));
#7388 = LINE('',#7389,#7390);
#7389 = CARTESIAN_POINT('',(0.755,-0.1,0.85));
#7390 = VECTOR('',#7391,1.);
#7391 = DIRECTION('',(-1.,-0.,-0.));
#7392 = ORIENTED_EDGE('',*,*,#7393,.F.);
#7393 = EDGE_CURVE('',#7355,#7386,#7394,.T.);
#7394 = LINE('',#7395,#7396);
#7395 = CARTESIAN_POINT('',(0.755,-0.1,1.05));
#7396 = VECTOR('',#7397,1.);
#7397 = DIRECTION('',(0.,-1.355252715607E-16,-1.));
#7398 = ORIENTED_EDGE('',*,*,#7354,.T.);
#7399 = PLANE('',#7400);
#7400 = AXIS2_PLACEMENT_3D('',#7401,#7402,#7403);
#7401 = CARTESIAN_POINT('',(0.755,-0.1,1.05));
#7402 = DIRECTION('',(0.,1.,-1.355252715607E-16));
#7403 = DIRECTION('',(0.,1.355252715607E-16,1.));
#7404 = ADVANCED_FACE('',(#7405),#7432,.T.);
#7405 = FACE_BOUND('',#7406,.T.);
#7406 = EDGE_LOOP('',(#7407,#7416,#7424,#7431));
#7407 = ORIENTED_EDGE('',*,*,#7408,.T.);
#7408 = EDGE_CURVE('',#7378,#7409,#7411,.T.);
#7409 = VERTEX_POINT('',#7410);
#7410 = CARTESIAN_POINT('',(0.545,9.E-02,0.66));
#7411 = CIRCLE('',#7412,0.19);
#7412 = AXIS2_PLACEMENT_3D('',#7413,#7414,#7415);
#7413 = CARTESIAN_POINT('',(0.545,9.E-02,0.85));
#7414 = DIRECTION('',(1.,0.,0.));
#7415 = DIRECTION('',(0.,0.,-1.));
#7416 = ORIENTED_EDGE('',*,*,#7417,.F.);
#7417 = EDGE_CURVE('',#7418,#7409,#7420,.T.);
#7418 = VERTEX_POINT('',#7419);
#7419 = CARTESIAN_POINT('',(0.755,9.E-02,0.66));
#7420 = LINE('',#7421,#7422);
#7421 = CARTESIAN_POINT('',(0.755,9.E-02,0.66));
#7422 = VECTOR('',#7423,1.);
#7423 = DIRECTION('',(-1.,-0.,-0.));
#7424 = ORIENTED_EDGE('',*,*,#7425,.F.);
#7425 = EDGE_CURVE('',#7386,#7418,#7426,.T.);
#7426 = CIRCLE('',#7427,0.19);
#7427 = AXIS2_PLACEMENT_3D('',#7428,#7429,#7430);
#7428 = CARTESIAN_POINT('',(0.755,9.E-02,0.85));
#7429 = DIRECTION('',(1.,0.,0.));
#7430 = DIRECTION('',(0.,0.,-1.));
#7431 = ORIENTED_EDGE('',*,*,#7385,.T.);
#7432 = CYLINDRICAL_SURFACE('',#7433,0.19);
#7433 = AXIS2_PLACEMENT_3D('',#7434,#7435,#7436);
#7434 = CARTESIAN_POINT('',(0.755,9.E-02,0.85));
#7435 = DIRECTION('',(-1.,-0.,-0.));
#7436 = DIRECTION('',(-0.,0.,1.));
#7437 = ADVANCED_FACE('',(#7438),#7463,.F.);
#7438 = FACE_BOUND('',#7439,.T.);
#7439 = EDGE_LOOP('',(#7440,#7448,#7456,#7462));
#7440 = ORIENTED_EDGE('',*,*,#7441,.T.);
#7441 = EDGE_CURVE('',#7409,#7442,#7444,.T.);
#7442 = VERTEX_POINT('',#7443);
#7443 = CARTESIAN_POINT('',(0.545,0.61,0.66));
#7444 = LINE('',#7445,#7446);
#7445 = CARTESIAN_POINT('',(0.545,9.E-02,0.66));
#7446 = VECTOR('',#7447,1.);
#7447 = DIRECTION('',(0.,1.,2.085004177857E-16));
#7448 = ORIENTED_EDGE('',*,*,#7449,.F.);
#7449 = EDGE_CURVE('',#7450,#7442,#7452,.T.);
#7450 = VERTEX_POINT('',#7451);
#7451 = CARTESIAN_POINT('',(0.755,0.61,0.66));
#7452 = LINE('',#7453,#7454);
#7453 = CARTESIAN_POINT('',(0.755,0.61,0.66));
#7454 = VECTOR('',#7455,1.);
#7455 = DIRECTION('',(-1.,-0.,-0.));
#7456 = ORIENTED_EDGE('',*,*,#7457,.F.);
#7457 = EDGE_CURVE('',#7418,#7450,#7458,.T.);
#7458 = LINE('',#7459,#7460);
#7459 = CARTESIAN_POINT('',(0.755,9.E-02,0.66));
#7460 = VECTOR('',#7461,1.);
#7461 = DIRECTION('',(0.,1.,2.085004177857E-16));
#7462 = ORIENTED_EDGE('',*,*,#7417,.T.);
#7463 = PLANE('',#7464);
#7464 = AXIS2_PLACEMENT_3D('',#7465,#7466,#7467);
#7465 = CARTESIAN_POINT('',(0.755,9.E-02,0.66));
#7466 = DIRECTION('',(0.,-2.085004177857E-16,1.));
#7467 = DIRECTION('',(0.,-1.,-2.085004177857E-16));
#7468 = ADVANCED_FACE('',(#7469),#7496,.F.);
#7469 = FACE_BOUND('',#7470,.F.);
#7470 = EDGE_LOOP('',(#7471,#7472,#7481,#7489));
#7471 = ORIENTED_EDGE('',*,*,#7449,.F.);
#7472 = ORIENTED_EDGE('',*,*,#7473,.T.);
#7473 = EDGE_CURVE('',#7450,#7474,#7476,.T.);
#7474 = VERTEX_POINT('',#7475);
#7475 = CARTESIAN_POINT('',(0.755,0.658914082476,0.620364001909));
#7476 = CIRCLE('',#7477,5.E-02);
#7477 = AXIS2_PLACEMENT_3D('',#7478,#7479,#7480);
#7478 = CARTESIAN_POINT('',(0.755,0.61,0.61));
#7479 = DIRECTION('',(-1.,-0.,-0.));
#7480 = DIRECTION('',(0.,0.,-1.));
#7481 = ORIENTED_EDGE('',*,*,#7482,.T.);
#7482 = EDGE_CURVE('',#7474,#7483,#7485,.T.);
#7483 = VERTEX_POINT('',#7484);
#7484 = CARTESIAN_POINT('',(0.545,0.658914082476,0.620364001909));
#7485 = LINE('',#7486,#7487);
#7486 = CARTESIAN_POINT('',(0.755,0.658914082476,0.620364001909));
#7487 = VECTOR('',#7488,1.);
#7488 = DIRECTION('',(-1.,-0.,-0.));
#7489 = ORIENTED_EDGE('',*,*,#7490,.F.);
#7490 = EDGE_CURVE('',#7442,#7483,#7491,.T.);
#7491 = CIRCLE('',#7492,5.E-02);
#7492 = AXIS2_PLACEMENT_3D('',#7493,#7494,#7495);
#7493 = CARTESIAN_POINT('',(0.545,0.61,0.61));
#7494 = DIRECTION('',(-1.,-0.,-0.));
#7495 = DIRECTION('',(0.,0.,-1.));
#7496 = CYLINDRICAL_SURFACE('',#7497,5.E-02);
#7497 = AXIS2_PLACEMENT_3D('',#7498,#7499,#7500);
#7498 = CARTESIAN_POINT('',(0.755,0.61,0.61));
#7499 = DIRECTION('',(-1.,-0.,-0.));
#7500 = DIRECTION('',(-0.,0.,1.));
#7501 = ADVANCED_FACE('',(#7502),#7527,.F.);
#7502 = FACE_BOUND('',#7503,.T.);
#7503 = EDGE_LOOP('',(#7504,#7512,#7520,#7526));
#7504 = ORIENTED_EDGE('',*,*,#7505,.T.);
#7505 = EDGE_CURVE('',#7483,#7506,#7508,.T.);
#7506 = VERTEX_POINT('',#7507);
#7507 = CARTESIAN_POINT('',(0.545,0.73,0.625));
#7508 = LINE('',#7509,#7510);
#7509 = CARTESIAN_POINT('',(0.545,0.658914082476,0.620364001909));
#7510 = VECTOR('',#7511,1.);
#7511 = DIRECTION('',(0.,0.997880142439,6.507857809422E-02));
#7512 = ORIENTED_EDGE('',*,*,#7513,.F.);
#7513 = EDGE_CURVE('',#7514,#7506,#7516,.T.);
#7514 = VERTEX_POINT('',#7515);
#7515 = CARTESIAN_POINT('',(0.755,0.73,0.625));
#7516 = LINE('',#7517,#7518);
#7517 = CARTESIAN_POINT('',(0.755,0.73,0.625));
#7518 = VECTOR('',#7519,1.);
#7519 = DIRECTION('',(-1.,-0.,-0.));
#7520 = ORIENTED_EDGE('',*,*,#7521,.F.);
#7521 = EDGE_CURVE('',#7474,#7514,#7522,.T.);
#7522 = LINE('',#7523,#7524);
#7523 = CARTESIAN_POINT('',(0.755,0.658914082476,0.620364001909));
#7524 = VECTOR('',#7525,1.);
#7525 = DIRECTION('',(0.,0.997880142439,6.507857809422E-02));
#7526 = ORIENTED_EDGE('',*,*,#7482,.T.);
#7527 = PLANE('',#7528);
#7528 = AXIS2_PLACEMENT_3D('',#7529,#7530,#7531);
#7529 = CARTESIAN_POINT('',(0.755,0.658914082476,0.620364001909));
#7530 = DIRECTION('',(0.,-6.507857809422E-02,0.997880142439));
#7531 = DIRECTION('',(0.,-0.997880142439,-6.507857809422E-02));
#7532 = ADVANCED_FACE('',(#7533),#7549,.F.);
#7533 = FACE_BOUND('',#7534,.T.);
#7534 = EDGE_LOOP('',(#7535,#7541,#7542,#7548));
#7535 = ORIENTED_EDGE('',*,*,#7536,.T.);
#7536 = EDGE_CURVE('',#7506,#7210,#7537,.T.);
#7537 = LINE('',#7538,#7539);
#7538 = CARTESIAN_POINT('',(0.545,0.73,0.625));
#7539 = VECTOR('',#7540,1.);
#7540 = DIRECTION('',(0.,0.984807753012,-0.173648177667));
#7541 = ORIENTED_EDGE('',*,*,#7237,.F.);
#7542 = ORIENTED_EDGE('',*,*,#7543,.F.);
#7543 = EDGE_CURVE('',#7514,#7229,#7544,.T.);
#7544 = LINE('',#7545,#7546);
#7545 = CARTESIAN_POINT('',(0.755,0.73,0.625));
#7546 = VECTOR('',#7547,1.);
#7547 = DIRECTION('',(0.,0.984807753012,-0.173648177667));
#7548 = ORIENTED_EDGE('',*,*,#7513,.T.);
#7549 = PLANE('',#7550);
#7550 = AXIS2_PLACEMENT_3D('',#7551,#7552,#7553);
#7551 = CARTESIAN_POINT('',(0.755,0.73,0.625));
#7552 = DIRECTION('',(-0.,0.173648177667,0.984807753012));
#7553 = DIRECTION('',(0.,-0.984807753012,0.173648177667));
#7554 = ADVANCED_FACE('',(#7555),#7568,.T.);
#7555 = FACE_BOUND('',#7556,.T.);
#7556 = EDGE_LOOP('',(#7557,#7558,#7559,#7560,#7561,#7562,#7563,#7564,
    #7565,#7566,#7567));
#7557 = ORIENTED_EDGE('',*,*,#7228,.T.);
#7558 = ORIENTED_EDGE('',*,*,#7267,.T.);
#7559 = ORIENTED_EDGE('',*,*,#7283,.T.);
#7560 = ORIENTED_EDGE('',*,*,#7331,.T.);
#7561 = ORIENTED_EDGE('',*,*,#7362,.T.);
#7562 = ORIENTED_EDGE('',*,*,#7393,.T.);
#7563 = ORIENTED_EDGE('',*,*,#7425,.T.);
#7564 = ORIENTED_EDGE('',*,*,#7457,.T.);
#7565 = ORIENTED_EDGE('',*,*,#7473,.T.);
#7566 = ORIENTED_EDGE('',*,*,#7521,.T.);
#7567 = ORIENTED_EDGE('',*,*,#7543,.T.);
#7568 = PLANE('',#7569);
#7569 = AXIS2_PLACEMENT_3D('',#7570,#7571,#7572);
#7570 = CARTESIAN_POINT('',(0.755,0.61,0.61));
#7571 = DIRECTION('',(1.,0.,0.));
#7572 = DIRECTION('',(0.,0.,-1.));
#7573 = ADVANCED_FACE('',(#7574),#7587,.F.);
#7574 = FACE_BOUND('',#7575,.T.);
#7575 = EDGE_LOOP('',(#7576,#7577,#7578,#7579,#7580,#7581,#7582,#7583,
    #7584,#7585,#7586));
#7576 = ORIENTED_EDGE('',*,*,#7209,.F.);
#7577 = ORIENTED_EDGE('',*,*,#7536,.F.);
#7578 = ORIENTED_EDGE('',*,*,#7505,.F.);
#7579 = ORIENTED_EDGE('',*,*,#7490,.F.);
#7580 = ORIENTED_EDGE('',*,*,#7441,.F.);
#7581 = ORIENTED_EDGE('',*,*,#7408,.F.);
#7582 = ORIENTED_EDGE('',*,*,#7377,.F.);
#7583 = ORIENTED_EDGE('',*,*,#7346,.F.);
#7584 = ORIENTED_EDGE('',*,*,#7315,.F.);
#7585 = ORIENTED_EDGE('',*,*,#7300,.F.);
#7586 = ORIENTED_EDGE('',*,*,#7251,.F.);
#7587 = PLANE('',#7588);
#7588 = AXIS2_PLACEMENT_3D('',#7589,#7590,#7591);
#7589 = CARTESIAN_POINT('',(0.545,0.61,0.61));
#7590 = DIRECTION('',(1.,0.,0.));
#7591 = DIRECTION('',(0.,0.,-1.));
#7592 = MANIFOLD_SOLID_BREP('',#7593);
#7593 = CLOSED_SHELL('',(#7594,#7636,#7667,#7700,#7731,#7762,#7793,#7826
    ,#7857,#7890,#7921,#7943,#7962));
#7594 = ADVANCED_FACE('',(#7595),#7631,.T.);
#7595 = FACE_BOUND('',#7596,.T.);
#7596 = EDGE_LOOP('',(#7597,#7608,#7616,#7625));
#7597 = ORIENTED_EDGE('',*,*,#7598,.T.);
#7598 = EDGE_CURVE('',#7599,#7601,#7603,.T.);
#7599 = VERTEX_POINT('',#7600);
#7600 = CARTESIAN_POINT('',(-0.105,0.799981373547,0.612660395697));
#7601 = VERTEX_POINT('',#7602);
#7602 = CARTESIAN_POINT('',(-0.105,0.61,0.8));
#7603 = CIRCLE('',#7604,0.19);
#7604 = AXIS2_PLACEMENT_3D('',#7605,#7606,#7607);
#7605 = CARTESIAN_POINT('',(-0.105,0.61,0.61));
#7606 = DIRECTION('',(1.,0.,0.));
#7607 = DIRECTION('',(0.,0.,-1.));
#7608 = ORIENTED_EDGE('',*,*,#7609,.F.);
#7609 = EDGE_CURVE('',#7610,#7601,#7612,.T.);
#7610 = VERTEX_POINT('',#7611);
#7611 = CARTESIAN_POINT('',(0.105,0.61,0.8));
#7612 = LINE('',#7613,#7614);
#7613 = CARTESIAN_POINT('',(0.105,0.61,0.8));
#7614 = VECTOR('',#7615,1.);
#7615 = DIRECTION('',(-1.,-0.,-0.));
#7616 = ORIENTED_EDGE('',*,*,#7617,.F.);
#7617 = EDGE_CURVE('',#7618,#7610,#7620,.T.);
#7618 = VERTEX_POINT('',#7619);
#7619 = CARTESIAN_POINT('',(0.105,0.799981373547,0.612660395697));
#7620 = CIRCLE('',#7621,0.19);
#7621 = AXIS2_PLACEMENT_3D('',#7622,#7623,#7624);
#7622 = CARTESIAN_POINT('',(0.105,0.61,0.61));
#7623 = DIRECTION('',(1.,0.,0.));
#7624 = DIRECTION('',(0.,0.,-1.));
#7625 = ORIENTED_EDGE('',*,*,#7626,.T.);
#7626 = EDGE_CURVE('',#7618,#7599,#7627,.T.);
#7627 = LINE('',#7628,#7629);
#7628 = CARTESIAN_POINT('',(0.105,0.799981373547,0.612660395697));
#7629 = VECTOR('',#7630,1.);
#7630 = DIRECTION('',(-1.,-0.,-0.));
#7631 = CYLINDRICAL_SURFACE('',#7632,0.19);
#7632 = AXIS2_PLACEMENT_3D('',#7633,#7634,#7635);
#7633 = CARTESIAN_POINT('',(0.105,0.61,0.61));
#7634 = DIRECTION('',(-1.,-0.,-0.));
#7635 = DIRECTION('',(-0.,0.,1.));
#7636 = ADVANCED_FACE('',(#7637),#7662,.F.);
#7637 = FACE_BOUND('',#7638,.T.);
#7638 = EDGE_LOOP('',(#7639,#7647,#7655,#7661));
#7639 = ORIENTED_EDGE('',*,*,#7640,.T.);
#7640 = EDGE_CURVE('',#7601,#7641,#7643,.T.);
#7641 = VERTEX_POINT('',#7642);
#7642 = CARTESIAN_POINT('',(-0.105,9.E-02,0.8));
#7643 = LINE('',#7644,#7645);
#7644 = CARTESIAN_POINT('',(-0.105,9.E-02,0.8));
#7645 = VECTOR('',#7646,1.);
#7646 = DIRECTION('',(-0.,-1.,-0.));
#7647 = ORIENTED_EDGE('',*,*,#7648,.F.);
#7648 = EDGE_CURVE('',#7649,#7641,#7651,.T.);
#7649 = VERTEX_POINT('',#7650);
#7650 = CARTESIAN_POINT('',(0.105,9.E-02,0.8));
#7651 = LINE('',#7652,#7653);
#7652 = CARTESIAN_POINT('',(0.105,9.E-02,0.8));
#7653 = VECTOR('',#7654,1.);
#7654 = DIRECTION('',(-1.,-0.,-0.));
#7655 = ORIENTED_EDGE('',*,*,#7656,.F.);
#7656 = EDGE_CURVE('',#7610,#7649,#7657,.T.);
#7657 = LINE('',#7658,#7659);
#7658 = CARTESIAN_POINT('',(0.105,9.E-02,0.8));
#7659 = VECTOR('',#7660,1.);
#7660 = DIRECTION('',(-0.,-1.,-0.));
#7661 = ORIENTED_EDGE('',*,*,#7609,.T.);
#7662 = PLANE('',#7663);
#7663 = AXIS2_PLACEMENT_3D('',#7664,#7665,#7666);
#7664 = CARTESIAN_POINT('',(0.105,9.E-02,0.8));
#7665 = DIRECTION('',(0.,0.,-1.));
#7666 = DIRECTION('',(-1.,0.,-0.));
#7667 = ADVANCED_FACE('',(#7668),#7695,.F.);
#7668 = FACE_BOUND('',#7669,.F.);
#7669 = EDGE_LOOP('',(#7670,#7671,#7680,#7688));
#7670 = ORIENTED_EDGE('',*,*,#7648,.F.);
#7671 = ORIENTED_EDGE('',*,*,#7672,.T.);
#7672 = EDGE_CURVE('',#7649,#7673,#7675,.T.);
#7673 = VERTEX_POINT('',#7674);
#7674 = CARTESIAN_POINT('',(0.105,4.E-02,0.85));
#7675 = CIRCLE('',#7676,5.E-02);
#7676 = AXIS2_PLACEMENT_3D('',#7677,#7678,#7679);
#7677 = CARTESIAN_POINT('',(0.105,9.E-02,0.85));
#7678 = DIRECTION('',(-1.,-0.,-0.));
#7679 = DIRECTION('',(0.,0.,-1.));
#7680 = ORIENTED_EDGE('',*,*,#7681,.T.);
#7681 = EDGE_CURVE('',#7673,#7682,#7684,.T.);
#7682 = VERTEX_POINT('',#7683);
#7683 = CARTESIAN_POINT('',(-0.105,4.E-02,0.85));
#7684 = LINE('',#7685,#7686);
#7685 = CARTESIAN_POINT('',(0.105,4.E-02,0.85));
#7686 = VECTOR('',#7687,1.);
#7687 = DIRECTION('',(-1.,-0.,-0.));
#7688 = ORIENTED_EDGE('',*,*,#7689,.F.);
#7689 = EDGE_CURVE('',#7641,#7682,#7690,.T.);
#7690 = CIRCLE('',#7691,5.E-02);
#7691 = AXIS2_PLACEMENT_3D('',#7692,#7693,#7694);
#7692 = CARTESIAN_POINT('',(-0.105,9.E-02,0.85));
#7693 = DIRECTION('',(-1.,-0.,-0.));
#7694 = DIRECTION('',(0.,0.,-1.));
#7695 = CYLINDRICAL_SURFACE('',#7696,5.E-02);
#7696 = AXIS2_PLACEMENT_3D('',#7697,#7698,#7699);
#7697 = CARTESIAN_POINT('',(0.105,9.E-02,0.85));
#7698 = DIRECTION('',(-1.,-0.,-0.));
#7699 = DIRECTION('',(-0.,0.,1.));
#7700 = ADVANCED_FACE('',(#7701),#7726,.F.);
#7701 = FACE_BOUND('',#7702,.T.);
#7702 = EDGE_LOOP('',(#7703,#7711,#7719,#7725));
#7703 = ORIENTED_EDGE('',*,*,#7704,.T.);
#7704 = EDGE_CURVE('',#7682,#7705,#7707,.T.);
#7705 = VERTEX_POINT('',#7706);
#7706 = CARTESIAN_POINT('',(-0.105,4.E-02,1.05));
#7707 = LINE('',#7708,#7709);
#7708 = CARTESIAN_POINT('',(-0.105,4.E-02,1.05));
#7709 = VECTOR('',#7710,1.);
#7710 = DIRECTION('',(-0.,6.776263578034E-17,1.));
#7711 = ORIENTED_EDGE('',*,*,#7712,.F.);
#7712 = EDGE_CURVE('',#7713,#7705,#7715,.T.);
#7713 = VERTEX_POINT('',#7714);
#7714 = CARTESIAN_POINT('',(0.105,4.E-02,1.05));
#7715 = LINE('',#7716,#7717);
#7716 = CARTESIAN_POINT('',(0.105,4.E-02,1.05));
#7717 = VECTOR('',#7718,1.);
#7718 = DIRECTION('',(-1.,-0.,-0.));
#7719 = ORIENTED_EDGE('',*,*,#7720,.F.);
#7720 = EDGE_CURVE('',#7673,#7713,#7721,.T.);
#7721 = LINE('',#7722,#7723);
#7722 = CARTESIAN_POINT('',(0.105,4.E-02,1.05));
#7723 = VECTOR('',#7724,1.);
#7724 = DIRECTION('',(-0.,6.776263578034E-17,1.));
#7725 = ORIENTED_EDGE('',*,*,#7681,.T.);
#7726 = PLANE('',#7727);
#7727 = AXIS2_PLACEMENT_3D('',#7728,#7729,#7730);
#7728 = CARTESIAN_POINT('',(0.105,4.E-02,1.05));
#7729 = DIRECTION('',(0.,-1.,6.776263578034E-17));
#7730 = DIRECTION('',(0.,-6.776263578034E-17,-1.));
#7731 = ADVANCED_FACE('',(#7732),#7757,.F.);
#7732 = FACE_BOUND('',#7733,.T.);
#7733 = EDGE_LOOP('',(#7734,#7742,#7750,#7756));
#7734 = ORIENTED_EDGE('',*,*,#7735,.T.);
#7735 = EDGE_CURVE('',#7705,#7736,#7738,.T.);
#7736 = VERTEX_POINT('',#7737);
#7737 = CARTESIAN_POINT('',(-0.105,-0.1,1.05));
#7738 = LINE('',#7739,#7740);
#7739 = CARTESIAN_POINT('',(-0.105,4.E-02,1.05));
#7740 = VECTOR('',#7741,1.);
#7741 = DIRECTION('',(0.,-1.,0.));
#7742 = ORIENTED_EDGE('',*,*,#7743,.F.);
#7743 = EDGE_CURVE('',#7744,#7736,#7746,.T.);
#7744 = VERTEX_POINT('',#7745);
#7745 = CARTESIAN_POINT('',(0.105,-0.1,1.05));
#7746 = LINE('',#7747,#7748);
#7747 = CARTESIAN_POINT('',(0.105,-0.1,1.05));
#7748 = VECTOR('',#7749,1.);
#7749 = DIRECTION('',(-1.,-0.,-0.));
#7750 = ORIENTED_EDGE('',*,*,#7751,.F.);
#7751 = EDGE_CURVE('',#7713,#7744,#7752,.T.);
#7752 = LINE('',#7753,#7754);
#7753 = CARTESIAN_POINT('',(0.105,4.E-02,1.05));
#7754 = VECTOR('',#7755,1.);
#7755 = DIRECTION('',(0.,-1.,0.));
#7756 = ORIENTED_EDGE('',*,*,#7712,.T.);
#7757 = PLANE('',#7758);
#7758 = AXIS2_PLACEMENT_3D('',#7759,#7760,#7761);
#7759 = CARTESIAN_POINT('',(0.105,4.E-02,1.05));
#7760 = DIRECTION('',(0.,0.,-1.));
#7761 = DIRECTION('',(-1.,0.,-0.));
#7762 = ADVANCED_FACE('',(#7763),#7788,.F.);
#7763 = FACE_BOUND('',#7764,.T.);
#7764 = EDGE_LOOP('',(#7765,#7773,#7781,#7787));
#7765 = ORIENTED_EDGE('',*,*,#7766,.T.);
#7766 = EDGE_CURVE('',#7736,#7767,#7769,.T.);
#7767 = VERTEX_POINT('',#7768);
#7768 = CARTESIAN_POINT('',(-0.105,-0.1,0.85));
#7769 = LINE('',#7770,#7771);
#7770 = CARTESIAN_POINT('',(-0.105,-0.1,1.05));
#7771 = VECTOR('',#7772,1.);
#7772 = DIRECTION('',(0.,-1.355252715607E-16,-1.));
#7773 = ORIENTED_EDGE('',*,*,#7774,.F.);
#7774 = EDGE_CURVE('',#7775,#7767,#7777,.T.);
#7775 = VERTEX_POINT('',#7776);
#7776 = CARTESIAN_POINT('',(0.105,-0.1,0.85));
#7777 = LINE('',#7778,#7779);
#7778 = CARTESIAN_POINT('',(0.105,-0.1,0.85));
#7779 = VECTOR('',#7780,1.);
#7780 = DIRECTION('',(-1.,-0.,-0.));
#7781 = ORIENTED_EDGE('',*,*,#7782,.F.);
#7782 = EDGE_CURVE('',#7744,#7775,#7783,.T.);
#7783 = LINE('',#7784,#7785);
#7784 = CARTESIAN_POINT('',(0.105,-0.1,1.05));
#7785 = VECTOR('',#7786,1.);
#7786 = DIRECTION('',(0.,-1.355252715607E-16,-1.));
#7787 = ORIENTED_EDGE('',*,*,#7743,.T.);
#7788 = PLANE('',#7789);
#7789 = AXIS2_PLACEMENT_3D('',#7790,#7791,#7792);
#7790 = CARTESIAN_POINT('',(0.105,-0.1,1.05));
#7791 = DIRECTION('',(0.,1.,-1.355252715607E-16));
#7792 = DIRECTION('',(0.,1.355252715607E-16,1.));
#7793 = ADVANCED_FACE('',(#7794),#7821,.T.);
#7794 = FACE_BOUND('',#7795,.T.);
#7795 = EDGE_LOOP('',(#7796,#7805,#7813,#7820));
#7796 = ORIENTED_EDGE('',*,*,#7797,.T.);
#7797 = EDGE_CURVE('',#7767,#7798,#7800,.T.);
#7798 = VERTEX_POINT('',#7799);
#7799 = CARTESIAN_POINT('',(-0.105,9.E-02,0.66));
#7800 = CIRCLE('',#7801,0.19);
#7801 = AXIS2_PLACEMENT_3D('',#7802,#7803,#7804);
#7802 = CARTESIAN_POINT('',(-0.105,9.E-02,0.85));
#7803 = DIRECTION('',(1.,0.,0.));
#7804 = DIRECTION('',(0.,0.,-1.));
#7805 = ORIENTED_EDGE('',*,*,#7806,.F.);
#7806 = EDGE_CURVE('',#7807,#7798,#7809,.T.);
#7807 = VERTEX_POINT('',#7808);
#7808 = CARTESIAN_POINT('',(0.105,9.E-02,0.66));
#7809 = LINE('',#7810,#7811);
#7810 = CARTESIAN_POINT('',(0.105,9.E-02,0.66));
#7811 = VECTOR('',#7812,1.);
#7812 = DIRECTION('',(-1.,-0.,-0.));
#7813 = ORIENTED_EDGE('',*,*,#7814,.F.);
#7814 = EDGE_CURVE('',#7775,#7807,#7815,.T.);
#7815 = CIRCLE('',#7816,0.19);
#7816 = AXIS2_PLACEMENT_3D('',#7817,#7818,#7819);
#7817 = CARTESIAN_POINT('',(0.105,9.E-02,0.85));
#7818 = DIRECTION('',(1.,0.,0.));
#7819 = DIRECTION('',(0.,0.,-1.));
#7820 = ORIENTED_EDGE('',*,*,#7774,.T.);
#7821 = CYLINDRICAL_SURFACE('',#7822,0.19);
#7822 = AXIS2_PLACEMENT_3D('',#7823,#7824,#7825);
#7823 = CARTESIAN_POINT('',(0.105,9.E-02,0.85));
#7824 = DIRECTION('',(-1.,-0.,-0.));
#7825 = DIRECTION('',(-0.,0.,1.));
#7826 = ADVANCED_FACE('',(#7827),#7852,.F.);
#7827 = FACE_BOUND('',#7828,.T.);
#7828 = EDGE_LOOP('',(#7829,#7837,#7845,#7851));
#7829 = ORIENTED_EDGE('',*,*,#7830,.T.);
#7830 = EDGE_CURVE('',#7798,#7831,#7833,.T.);
#7831 = VERTEX_POINT('',#7832);
#7832 = CARTESIAN_POINT('',(-0.105,0.61,0.66));
#7833 = LINE('',#7834,#7835);
#7834 = CARTESIAN_POINT('',(-0.105,9.E-02,0.66));
#7835 = VECTOR('',#7836,1.);
#7836 = DIRECTION('',(0.,1.,2.085004177857E-16));
#7837 = ORIENTED_EDGE('',*,*,#7838,.F.);
#7838 = EDGE_CURVE('',#7839,#7831,#7841,.T.);
#7839 = VERTEX_POINT('',#7840);
#7840 = CARTESIAN_POINT('',(0.105,0.61,0.66));
#7841 = LINE('',#7842,#7843);
#7842 = CARTESIAN_POINT('',(0.105,0.61,0.66));
#7843 = VECTOR('',#7844,1.);
#7844 = DIRECTION('',(-1.,-0.,-0.));
#7845 = ORIENTED_EDGE('',*,*,#7846,.F.);
#7846 = EDGE_CURVE('',#7807,#7839,#7847,.T.);
#7847 = LINE('',#7848,#7849);
#7848 = CARTESIAN_POINT('',(0.105,9.E-02,0.66));
#7849 = VECTOR('',#7850,1.);
#7850 = DIRECTION('',(0.,1.,2.085004177857E-16));
#7851 = ORIENTED_EDGE('',*,*,#7806,.T.);
#7852 = PLANE('',#7853);
#7853 = AXIS2_PLACEMENT_3D('',#7854,#7855,#7856);
#7854 = CARTESIAN_POINT('',(0.105,9.E-02,0.66));
#7855 = DIRECTION('',(0.,-2.085004177857E-16,1.));
#7856 = DIRECTION('',(0.,-1.,-2.085004177857E-16));
#7857 = ADVANCED_FACE('',(#7858),#7885,.F.);
#7858 = FACE_BOUND('',#7859,.F.);
#7859 = EDGE_LOOP('',(#7860,#7861,#7870,#7878));
#7860 = ORIENTED_EDGE('',*,*,#7838,.F.);
#7861 = ORIENTED_EDGE('',*,*,#7862,.T.);
#7862 = EDGE_CURVE('',#7839,#7863,#7865,.T.);
#7863 = VERTEX_POINT('',#7864);
#7864 = CARTESIAN_POINT('',(0.105,0.658914082476,0.620364001909));
#7865 = CIRCLE('',#7866,5.E-02);
#7866 = AXIS2_PLACEMENT_3D('',#7867,#7868,#7869);
#7867 = CARTESIAN_POINT('',(0.105,0.61,0.61));
#7868 = DIRECTION('',(-1.,-0.,-0.));
#7869 = DIRECTION('',(0.,0.,-1.));
#7870 = ORIENTED_EDGE('',*,*,#7871,.T.);
#7871 = EDGE_CURVE('',#7863,#7872,#7874,.T.);
#7872 = VERTEX_POINT('',#7873);
#7873 = CARTESIAN_POINT('',(-0.105,0.658914082476,0.620364001909));
#7874 = LINE('',#7875,#7876);
#7875 = CARTESIAN_POINT('',(0.105,0.658914082476,0.620364001909));
#7876 = VECTOR('',#7877,1.);
#7877 = DIRECTION('',(-1.,-0.,-0.));
#7878 = ORIENTED_EDGE('',*,*,#7879,.F.);
#7879 = EDGE_CURVE('',#7831,#7872,#7880,.T.);
#7880 = CIRCLE('',#7881,5.E-02);
#7881 = AXIS2_PLACEMENT_3D('',#7882,#7883,#7884);
#7882 = CARTESIAN_POINT('',(-0.105,0.61,0.61));
#7883 = DIRECTION('',(-1.,-0.,-0.));
#7884 = DIRECTION('',(0.,0.,-1.));
#7885 = CYLINDRICAL_SURFACE('',#7886,5.E-02);
#7886 = AXIS2_PLACEMENT_3D('',#7887,#7888,#7889);
#7887 = CARTESIAN_POINT('',(0.105,0.61,0.61));
#7888 = DIRECTION('',(-1.,-0.,-0.));
#7889 = DIRECTION('',(-0.,0.,1.));
#7890 = ADVANCED_FACE('',(#7891),#7916,.F.);
#7891 = FACE_BOUND('',#7892,.T.);
#7892 = EDGE_LOOP('',(#7893,#7901,#7909,#7915));
#7893 = ORIENTED_EDGE('',*,*,#7894,.T.);
#7894 = EDGE_CURVE('',#7872,#7895,#7897,.T.);
#7895 = VERTEX_POINT('',#7896);
#7896 = CARTESIAN_POINT('',(-0.105,0.73,0.625));
#7897 = LINE('',#7898,#7899);
#7898 = CARTESIAN_POINT('',(-0.105,0.658914082476,0.620364001909));
#7899 = VECTOR('',#7900,1.);
#7900 = DIRECTION('',(0.,0.997880142439,6.507857809422E-02));
#7901 = ORIENTED_EDGE('',*,*,#7902,.F.);
#7902 = EDGE_CURVE('',#7903,#7895,#7905,.T.);
#7903 = VERTEX_POINT('',#7904);
#7904 = CARTESIAN_POINT('',(0.105,0.73,0.625));
#7905 = LINE('',#7906,#7907);
#7906 = CARTESIAN_POINT('',(0.105,0.73,0.625));
#7907 = VECTOR('',#7908,1.);
#7908 = DIRECTION('',(-1.,-0.,-0.));
#7909 = ORIENTED_EDGE('',*,*,#7910,.F.);
#7910 = EDGE_CURVE('',#7863,#7903,#7911,.T.);
#7911 = LINE('',#7912,#7913);
#7912 = CARTESIAN_POINT('',(0.105,0.658914082476,0.620364001909));
#7913 = VECTOR('',#7914,1.);
#7914 = DIRECTION('',(0.,0.997880142439,6.507857809422E-02));
#7915 = ORIENTED_EDGE('',*,*,#7871,.T.);
#7916 = PLANE('',#7917);
#7917 = AXIS2_PLACEMENT_3D('',#7918,#7919,#7920);
#7918 = CARTESIAN_POINT('',(0.105,0.658914082476,0.620364001909));
#7919 = DIRECTION('',(0.,-6.507857809422E-02,0.997880142439));
#7920 = DIRECTION('',(0.,-0.997880142439,-6.507857809422E-02));
#7921 = ADVANCED_FACE('',(#7922),#7938,.F.);
#7922 = FACE_BOUND('',#7923,.T.);
#7923 = EDGE_LOOP('',(#7924,#7930,#7931,#7937));
#7924 = ORIENTED_EDGE('',*,*,#7925,.T.);
#7925 = EDGE_CURVE('',#7895,#7599,#7926,.T.);
#7926 = LINE('',#7927,#7928);
#7927 = CARTESIAN_POINT('',(-0.105,0.73,0.625));
#7928 = VECTOR('',#7929,1.);
#7929 = DIRECTION('',(0.,0.984807753012,-0.173648177667));
#7930 = ORIENTED_EDGE('',*,*,#7626,.F.);
#7931 = ORIENTED_EDGE('',*,*,#7932,.F.);
#7932 = EDGE_CURVE('',#7903,#7618,#7933,.T.);
#7933 = LINE('',#7934,#7935);
#7934 = CARTESIAN_POINT('',(0.105,0.73,0.625));
#7935 = VECTOR('',#7936,1.);
#7936 = DIRECTION('',(0.,0.984807753012,-0.173648177667));
#7937 = ORIENTED_EDGE('',*,*,#7902,.T.);
#7938 = PLANE('',#7939);
#7939 = AXIS2_PLACEMENT_3D('',#7940,#7941,#7942);
#7940 = CARTESIAN_POINT('',(0.105,0.73,0.625));
#7941 = DIRECTION('',(-0.,0.173648177667,0.984807753012));
#7942 = DIRECTION('',(0.,-0.984807753012,0.173648177667));
#7943 = ADVANCED_FACE('',(#7944),#7957,.T.);
#7944 = FACE_BOUND('',#7945,.T.);
#7945 = EDGE_LOOP('',(#7946,#7947,#7948,#7949,#7950,#7951,#7952,#7953,
    #7954,#7955,#7956));
#7946 = ORIENTED_EDGE('',*,*,#7617,.T.);
#7947 = ORIENTED_EDGE('',*,*,#7656,.T.);
#7948 = ORIENTED_EDGE('',*,*,#7672,.T.);
#7949 = ORIENTED_EDGE('',*,*,#7720,.T.);
#7950 = ORIENTED_EDGE('',*,*,#7751,.T.);
#7951 = ORIENTED_EDGE('',*,*,#7782,.T.);
#7952 = ORIENTED_EDGE('',*,*,#7814,.T.);
#7953 = ORIENTED_EDGE('',*,*,#7846,.T.);
#7954 = ORIENTED_EDGE('',*,*,#7862,.T.);
#7955 = ORIENTED_EDGE('',*,*,#7910,.T.);
#7956 = ORIENTED_EDGE('',*,*,#7932,.T.);
#7957 = PLANE('',#7958);
#7958 = AXIS2_PLACEMENT_3D('',#7959,#7960,#7961);
#7959 = CARTESIAN_POINT('',(0.105,0.61,0.61));
#7960 = DIRECTION('',(1.,0.,0.));
#7961 = DIRECTION('',(0.,0.,-1.));
#7962 = ADVANCED_FACE('',(#7963),#7976,.F.);
#7963 = FACE_BOUND('',#7964,.T.);
#7964 = EDGE_LOOP('',(#7965,#7966,#7967,#7968,#7969,#7970,#7971,#7972,
    #7973,#7974,#7975));
#7965 = ORIENTED_EDGE('',*,*,#7598,.F.);
#7966 = ORIENTED_EDGE('',*,*,#7925,.F.);
#7967 = ORIENTED_EDGE('',*,*,#7894,.F.);
#7968 = ORIENTED_EDGE('',*,*,#7879,.F.);
#7969 = ORIENTED_EDGE('',*,*,#7830,.F.);
#7970 = ORIENTED_EDGE('',*,*,#7797,.F.);
#7971 = ORIENTED_EDGE('',*,*,#7766,.F.);
#7972 = ORIENTED_EDGE('',*,*,#7735,.F.);
#7973 = ORIENTED_EDGE('',*,*,#7704,.F.);
#7974 = ORIENTED_EDGE('',*,*,#7689,.F.);
#7975 = ORIENTED_EDGE('',*,*,#7640,.F.);
#7976 = PLANE('',#7977);
#7977 = AXIS2_PLACEMENT_3D('',#7978,#7979,#7980);
#7978 = CARTESIAN_POINT('',(-0.105,0.61,0.61));
#7979 = DIRECTION('',(1.,0.,0.));
#7980 = DIRECTION('',(0.,0.,-1.));
#7981 = MANIFOLD_SOLID_BREP('',#7982);
#7982 = CLOSED_SHELL('',(#7983,#8025,#8056,#8089,#8120,#8151,#8182,#8215
    ,#8246,#8279,#8310,#8332,#8351));
#7983 = ADVANCED_FACE('',(#7984),#8020,.T.);
#7984 = FACE_BOUND('',#7985,.T.);
#7985 = EDGE_LOOP('',(#7986,#7997,#8005,#8014));
#7986 = ORIENTED_EDGE('',*,*,#7987,.T.);
#7987 = EDGE_CURVE('',#7988,#7990,#7992,.T.);
#7988 = VERTEX_POINT('',#7989);
#7989 = CARTESIAN_POINT('',(-0.755,0.799981373547,0.612660395697));
#7990 = VERTEX_POINT('',#7991);
#7991 = CARTESIAN_POINT('',(-0.755,0.61,0.8));
#7992 = CIRCLE('',#7993,0.19);
#7993 = AXIS2_PLACEMENT_3D('',#7994,#7995,#7996);
#7994 = CARTESIAN_POINT('',(-0.755,0.61,0.61));
#7995 = DIRECTION('',(1.,0.,0.));
#7996 = DIRECTION('',(0.,0.,-1.));
#7997 = ORIENTED_EDGE('',*,*,#7998,.F.);
#7998 = EDGE_CURVE('',#7999,#7990,#8001,.T.);
#7999 = VERTEX_POINT('',#8000);
#8000 = CARTESIAN_POINT('',(-0.545,0.61,0.8));
#8001 = LINE('',#8002,#8003);
#8002 = CARTESIAN_POINT('',(-0.545,0.61,0.8));
#8003 = VECTOR('',#8004,1.);
#8004 = DIRECTION('',(-1.,-0.,-0.));
#8005 = ORIENTED_EDGE('',*,*,#8006,.F.);
#8006 = EDGE_CURVE('',#8007,#7999,#8009,.T.);
#8007 = VERTEX_POINT('',#8008);
#8008 = CARTESIAN_POINT('',(-0.545,0.799981373547,0.612660395697));
#8009 = CIRCLE('',#8010,0.19);
#8010 = AXIS2_PLACEMENT_3D('',#8011,#8012,#8013);
#8011 = CARTESIAN_POINT('',(-0.545,0.61,0.61));
#8012 = DIRECTION('',(1.,0.,0.));
#8013 = DIRECTION('',(0.,0.,-1.));
#8014 = ORIENTED_EDGE('',*,*,#8015,.T.);
#8015 = EDGE_CURVE('',#8007,#7988,#8016,.T.);
#8016 = LINE('',#8017,#8018);
#8017 = CARTESIAN_POINT('',(-0.545,0.799981373547,0.612660395697));
#8018 = VECTOR('',#8019,1.);
#8019 = DIRECTION('',(-1.,-0.,-0.));
#8020 = CYLINDRICAL_SURFACE('',#8021,0.19);
#8021 = AXIS2_PLACEMENT_3D('',#8022,#8023,#8024);
#8022 = CARTESIAN_POINT('',(-0.545,0.61,0.61));
#8023 = DIRECTION('',(-1.,-0.,-0.));
#8024 = DIRECTION('',(-0.,0.,1.));
#8025 = ADVANCED_FACE('',(#8026),#8051,.F.);
#8026 = FACE_BOUND('',#8027,.T.);
#8027 = EDGE_LOOP('',(#8028,#8036,#8044,#8050));
#8028 = ORIENTED_EDGE('',*,*,#8029,.T.);
#8029 = EDGE_CURVE('',#7990,#8030,#8032,.T.);
#8030 = VERTEX_POINT('',#8031);
#8031 = CARTESIAN_POINT('',(-0.755,9.E-02,0.8));
#8032 = LINE('',#8033,#8034);
#8033 = CARTESIAN_POINT('',(-0.755,9.E-02,0.8));
#8034 = VECTOR('',#8035,1.);
#8035 = DIRECTION('',(-0.,-1.,-0.));
#8036 = ORIENTED_EDGE('',*,*,#8037,.F.);
#8037 = EDGE_CURVE('',#8038,#8030,#8040,.T.);
#8038 = VERTEX_POINT('',#8039);
#8039 = CARTESIAN_POINT('',(-0.545,9.E-02,0.8));
#8040 = LINE('',#8041,#8042);
#8041 = CARTESIAN_POINT('',(-0.545,9.E-02,0.8));
#8042 = VECTOR('',#8043,1.);
#8043 = DIRECTION('',(-1.,-0.,-0.));
#8044 = ORIENTED_EDGE('',*,*,#8045,.F.);
#8045 = EDGE_CURVE('',#7999,#8038,#8046,.T.);
#8046 = LINE('',#8047,#8048);
#8047 = CARTESIAN_POINT('',(-0.545,9.E-02,0.8));
#8048 = VECTOR('',#8049,1.);
#8049 = DIRECTION('',(-0.,-1.,-0.));
#8050 = ORIENTED_EDGE('',*,*,#7998,.T.);
#8051 = PLANE('',#8052);
#8052 = AXIS2_PLACEMENT_3D('',#8053,#8054,#8055);
#8053 = CARTESIAN_POINT('',(-0.545,9.E-02,0.8));
#8054 = DIRECTION('',(0.,0.,-1.));
#8055 = DIRECTION('',(-1.,0.,-0.));
#8056 = ADVANCED_FACE('',(#8057),#8084,.F.);
#8057 = FACE_BOUND('',#8058,.F.);
#8058 = EDGE_LOOP('',(#8059,#8060,#8069,#8077));
#8059 = ORIENTED_EDGE('',*,*,#8037,.F.);
#8060 = ORIENTED_EDGE('',*,*,#8061,.T.);
#8061 = EDGE_CURVE('',#8038,#8062,#8064,.T.);
#8062 = VERTEX_POINT('',#8063);
#8063 = CARTESIAN_POINT('',(-0.545,4.E-02,0.85));
#8064 = CIRCLE('',#8065,5.E-02);
#8065 = AXIS2_PLACEMENT_3D('',#8066,#8067,#8068);
#8066 = CARTESIAN_POINT('',(-0.545,9.E-02,0.85));
#8067 = DIRECTION('',(-1.,-0.,-0.));
#8068 = DIRECTION('',(0.,0.,-1.));
#8069 = ORIENTED_EDGE('',*,*,#8070,.T.);
#8070 = EDGE_CURVE('',#8062,#8071,#8073,.T.);
#8071 = VERTEX_POINT('',#8072);
#8072 = CARTESIAN_POINT('',(-0.755,4.E-02,0.85));
#8073 = LINE('',#8074,#8075);
#8074 = CARTESIAN_POINT('',(-0.545,4.E-02,0.85));
#8075 = VECTOR('',#8076,1.);
#8076 = DIRECTION('',(-1.,-0.,-0.));
#8077 = ORIENTED_EDGE('',*,*,#8078,.F.);
#8078 = EDGE_CURVE('',#8030,#8071,#8079,.T.);
#8079 = CIRCLE('',#8080,5.E-02);
#8080 = AXIS2_PLACEMENT_3D('',#8081,#8082,#8083);
#8081 = CARTESIAN_POINT('',(-0.755,9.E-02,0.85));
#8082 = DIRECTION('',(-1.,-0.,-0.));
#8083 = DIRECTION('',(0.,0.,-1.));
#8084 = CYLINDRICAL_SURFACE('',#8085,5.E-02);
#8085 = AXIS2_PLACEMENT_3D('',#8086,#8087,#8088);
#8086 = CARTESIAN_POINT('',(-0.545,9.E-02,0.85));
#8087 = DIRECTION('',(-1.,-0.,-0.));
#8088 = DIRECTION('',(-0.,0.,1.));
#8089 = ADVANCED_FACE('',(#8090),#8115,.F.);
#8090 = FACE_BOUND('',#8091,.T.);
#8091 = EDGE_LOOP('',(#8092,#8100,#8108,#8114));
#8092 = ORIENTED_EDGE('',*,*,#8093,.T.);
#8093 = EDGE_CURVE('',#8071,#8094,#8096,.T.);
#8094 = VERTEX_POINT('',#8095);
#8095 = CARTESIAN_POINT('',(-0.755,4.E-02,1.05));
#8096 = LINE('',#8097,#8098);
#8097 = CARTESIAN_POINT('',(-0.755,4.E-02,1.05));
#8098 = VECTOR('',#8099,1.);
#8099 = DIRECTION('',(-0.,6.776263578034E-17,1.));
#8100 = ORIENTED_EDGE('',*,*,#8101,.F.);
#8101 = EDGE_CURVE('',#8102,#8094,#8104,.T.);
#8102 = VERTEX_POINT('',#8103);
#8103 = CARTESIAN_POINT('',(-0.545,4.E-02,1.05));
#8104 = LINE('',#8105,#8106);
#8105 = CARTESIAN_POINT('',(-0.545,4.E-02,1.05));
#8106 = VECTOR('',#8107,1.);
#8107 = DIRECTION('',(-1.,-0.,-0.));
#8108 = ORIENTED_EDGE('',*,*,#8109,.F.);
#8109 = EDGE_CURVE('',#8062,#8102,#8110,.T.);
#8110 = LINE('',#8111,#8112);
#8111 = CARTESIAN_POINT('',(-0.545,4.E-02,1.05));
#8112 = VECTOR('',#8113,1.);
#8113 = DIRECTION('',(-0.,6.776263578034E-17,1.));
#8114 = ORIENTED_EDGE('',*,*,#8070,.T.);
#8115 = PLANE('',#8116);
#8116 = AXIS2_PLACEMENT_3D('',#8117,#8118,#8119);
#8117 = CARTESIAN_POINT('',(-0.545,4.E-02,1.05));
#8118 = DIRECTION('',(0.,-1.,6.776263578034E-17));
#8119 = DIRECTION('',(0.,-6.776263578034E-17,-1.));
#8120 = ADVANCED_FACE('',(#8121),#8146,.F.);
#8121 = FACE_BOUND('',#8122,.T.);
#8122 = EDGE_LOOP('',(#8123,#8131,#8139,#8145));
#8123 = ORIENTED_EDGE('',*,*,#8124,.T.);
#8124 = EDGE_CURVE('',#8094,#8125,#8127,.T.);
#8125 = VERTEX_POINT('',#8126);
#8126 = CARTESIAN_POINT('',(-0.755,-0.1,1.05));
#8127 = LINE('',#8128,#8129);
#8128 = CARTESIAN_POINT('',(-0.755,4.E-02,1.05));
#8129 = VECTOR('',#8130,1.);
#8130 = DIRECTION('',(0.,-1.,0.));
#8131 = ORIENTED_EDGE('',*,*,#8132,.F.);
#8132 = EDGE_CURVE('',#8133,#8125,#8135,.T.);
#8133 = VERTEX_POINT('',#8134);
#8134 = CARTESIAN_POINT('',(-0.545,-0.1,1.05));
#8135 = LINE('',#8136,#8137);
#8136 = CARTESIAN_POINT('',(-0.545,-0.1,1.05));
#8137 = VECTOR('',#8138,1.);
#8138 = DIRECTION('',(-1.,-0.,-0.));
#8139 = ORIENTED_EDGE('',*,*,#8140,.F.);
#8140 = EDGE_CURVE('',#8102,#8133,#8141,.T.);
#8141 = LINE('',#8142,#8143);
#8142 = CARTESIAN_POINT('',(-0.545,4.E-02,1.05));
#8143 = VECTOR('',#8144,1.);
#8144 = DIRECTION('',(0.,-1.,0.));
#8145 = ORIENTED_EDGE('',*,*,#8101,.T.);
#8146 = PLANE('',#8147);
#8147 = AXIS2_PLACEMENT_3D('',#8148,#8149,#8150);
#8148 = CARTESIAN_POINT('',(-0.545,4.E-02,1.05));
#8149 = DIRECTION('',(0.,0.,-1.));
#8150 = DIRECTION('',(-1.,0.,-0.));
#8151 = ADVANCED_FACE('',(#8152),#8177,.F.);
#8152 = FACE_BOUND('',#8153,.T.);
#8153 = EDGE_LOOP('',(#8154,#8162,#8170,#8176));
#8154 = ORIENTED_EDGE('',*,*,#8155,.T.);
#8155 = EDGE_CURVE('',#8125,#8156,#8158,.T.);
#8156 = VERTEX_POINT('',#8157);
#8157 = CARTESIAN_POINT('',(-0.755,-0.1,0.85));
#8158 = LINE('',#8159,#8160);
#8159 = CARTESIAN_POINT('',(-0.755,-0.1,1.05));
#8160 = VECTOR('',#8161,1.);
#8161 = DIRECTION('',(0.,-1.355252715607E-16,-1.));
#8162 = ORIENTED_EDGE('',*,*,#8163,.F.);
#8163 = EDGE_CURVE('',#8164,#8156,#8166,.T.);
#8164 = VERTEX_POINT('',#8165);
#8165 = CARTESIAN_POINT('',(-0.545,-0.1,0.85));
#8166 = LINE('',#8167,#8168);
#8167 = CARTESIAN_POINT('',(-0.545,-0.1,0.85));
#8168 = VECTOR('',#8169,1.);
#8169 = DIRECTION('',(-1.,-0.,-0.));
#8170 = ORIENTED_EDGE('',*,*,#8171,.F.);
#8171 = EDGE_CURVE('',#8133,#8164,#8172,.T.);
#8172 = LINE('',#8173,#8174);
#8173 = CARTESIAN_POINT('',(-0.545,-0.1,1.05));
#8174 = VECTOR('',#8175,1.);
#8175 = DIRECTION('',(0.,-1.355252715607E-16,-1.));
#8176 = ORIENTED_EDGE('',*,*,#8132,.T.);
#8177 = PLANE('',#8178);
#8178 = AXIS2_PLACEMENT_3D('',#8179,#8180,#8181);
#8179 = CARTESIAN_POINT('',(-0.545,-0.1,1.05));
#8180 = DIRECTION('',(0.,1.,-1.355252715607E-16));
#8181 = DIRECTION('',(0.,1.355252715607E-16,1.));
#8182 = ADVANCED_FACE('',(#8183),#8210,.T.);
#8183 = FACE_BOUND('',#8184,.T.);
#8184 = EDGE_LOOP('',(#8185,#8194,#8202,#8209));
#8185 = ORIENTED_EDGE('',*,*,#8186,.T.);
#8186 = EDGE_CURVE('',#8156,#8187,#8189,.T.);
#8187 = VERTEX_POINT('',#8188);
#8188 = CARTESIAN_POINT('',(-0.755,9.E-02,0.66));
#8189 = CIRCLE('',#8190,0.19);
#8190 = AXIS2_PLACEMENT_3D('',#8191,#8192,#8193);
#8191 = CARTESIAN_POINT('',(-0.755,9.E-02,0.85));
#8192 = DIRECTION('',(1.,0.,0.));
#8193 = DIRECTION('',(0.,0.,-1.));
#8194 = ORIENTED_EDGE('',*,*,#8195,.F.);
#8195 = EDGE_CURVE('',#8196,#8187,#8198,.T.);
#8196 = VERTEX_POINT('',#8197);
#8197 = CARTESIAN_POINT('',(-0.545,9.E-02,0.66));
#8198 = LINE('',#8199,#8200);
#8199 = CARTESIAN_POINT('',(-0.545,9.E-02,0.66));
#8200 = VECTOR('',#8201,1.);
#8201 = DIRECTION('',(-1.,-0.,-0.));
#8202 = ORIENTED_EDGE('',*,*,#8203,.F.);
#8203 = EDGE_CURVE('',#8164,#8196,#8204,.T.);
#8204 = CIRCLE('',#8205,0.19);
#8205 = AXIS2_PLACEMENT_3D('',#8206,#8207,#8208);
#8206 = CARTESIAN_POINT('',(-0.545,9.E-02,0.85));
#8207 = DIRECTION('',(1.,0.,0.));
#8208 = DIRECTION('',(0.,0.,-1.));
#8209 = ORIENTED_EDGE('',*,*,#8163,.T.);
#8210 = CYLINDRICAL_SURFACE('',#8211,0.19);
#8211 = AXIS2_PLACEMENT_3D('',#8212,#8213,#8214);
#8212 = CARTESIAN_POINT('',(-0.545,9.E-02,0.85));
#8213 = DIRECTION('',(-1.,-0.,-0.));
#8214 = DIRECTION('',(-0.,0.,1.));
#8215 = ADVANCED_FACE('',(#8216),#8241,.F.);
#8216 = FACE_BOUND('',#8217,.T.);
#8217 = EDGE_LOOP('',(#8218,#8226,#8234,#8240));
#8218 = ORIENTED_EDGE('',*,*,#8219,.T.);
#8219 = EDGE_CURVE('',#8187,#8220,#8222,.T.);
#8220 = VERTEX_POINT('',#8221);
#8221 = CARTESIAN_POINT('',(-0.755,0.61,0.66));
#8222 = LINE('',#8223,#8224);
#8223 = CARTESIAN_POINT('',(-0.755,9.E-02,0.66));
#8224 = VECTOR('',#8225,1.);
#8225 = DIRECTION('',(0.,1.,2.085004177857E-16));
#8226 = ORIENTED_EDGE('',*,*,#8227,.F.);
#8227 = EDGE_CURVE('',#8228,#8220,#8230,.T.);
#8228 = VERTEX_POINT('',#8229);
#8229 = CARTESIAN_POINT('',(-0.545,0.61,0.66));
#8230 = LINE('',#8231,#8232);
#8231 = CARTESIAN_POINT('',(-0.545,0.61,0.66));
#8232 = VECTOR('',#8233,1.);
#8233 = DIRECTION('',(-1.,-0.,-0.));
#8234 = ORIENTED_EDGE('',*,*,#8235,.F.);
#8235 = EDGE_CURVE('',#8196,#8228,#8236,.T.);
#8236 = LINE('',#8237,#8238);
#8237 = CARTESIAN_POINT('',(-0.545,9.E-02,0.66));
#8238 = VECTOR('',#8239,1.);
#8239 = DIRECTION('',(0.,1.,2.085004177857E-16));
#8240 = ORIENTED_EDGE('',*,*,#8195,.T.);
#8241 = PLANE('',#8242);
#8242 = AXIS2_PLACEMENT_3D('',#8243,#8244,#8245);
#8243 = CARTESIAN_POINT('',(-0.545,9.E-02,0.66));
#8244 = DIRECTION('',(0.,-2.085004177857E-16,1.));
#8245 = DIRECTION('',(0.,-1.,-2.085004177857E-16));
#8246 = ADVANCED_FACE('',(#8247),#8274,.F.);
#8247 = FACE_BOUND('',#8248,.F.);
#8248 = EDGE_LOOP('',(#8249,#8250,#8259,#8267));
#8249 = ORIENTED_EDGE('',*,*,#8227,.F.);
#8250 = ORIENTED_EDGE('',*,*,#8251,.T.);
#8251 = EDGE_CURVE('',#8228,#8252,#8254,.T.);
#8252 = VERTEX_POINT('',#8253);
#8253 = CARTESIAN_POINT('',(-0.545,0.658914082476,0.620364001909));
#8254 = CIRCLE('',#8255,5.E-02);
#8255 = AXIS2_PLACEMENT_3D('',#8256,#8257,#8258);
#8256 = CARTESIAN_POINT('',(-0.545,0.61,0.61));
#8257 = DIRECTION('',(-1.,-0.,-0.));
#8258 = DIRECTION('',(0.,0.,-1.));
#8259 = ORIENTED_EDGE('',*,*,#8260,.T.);
#8260 = EDGE_CURVE('',#8252,#8261,#8263,.T.);
#8261 = VERTEX_POINT('',#8262);
#8262 = CARTESIAN_POINT('',(-0.755,0.658914082476,0.620364001909));
#8263 = LINE('',#8264,#8265);
#8264 = CARTESIAN_POINT('',(-0.545,0.658914082476,0.620364001909));
#8265 = VECTOR('',#8266,1.);
#8266 = DIRECTION('',(-1.,-0.,-0.));
#8267 = ORIENTED_EDGE('',*,*,#8268,.F.);
#8268 = EDGE_CURVE('',#8220,#8261,#8269,.T.);
#8269 = CIRCLE('',#8270,5.E-02);
#8270 = AXIS2_PLACEMENT_3D('',#8271,#8272,#8273);
#8271 = CARTESIAN_POINT('',(-0.755,0.61,0.61));
#8272 = DIRECTION('',(-1.,-0.,-0.));
#8273 = DIRECTION('',(0.,0.,-1.));
#8274 = CYLINDRICAL_SURFACE('',#8275,5.E-02);
#8275 = AXIS2_PLACEMENT_3D('',#8276,#8277,#8278);
#8276 = CARTESIAN_POINT('',(-0.545,0.61,0.61));
#8277 = DIRECTION('',(-1.,-0.,-0.));
#8278 = DIRECTION('',(-0.,0.,1.));
#8279 = ADVANCED_FACE('',(#8280),#8305,.F.);
#8280 = FACE_BOUND('',#8281,.T.);
#8281 = EDGE_LOOP('',(#8282,#8290,#8298,#8304));
#8282 = ORIENTED_EDGE('',*,*,#8283,.T.);
#8283 = EDGE_CURVE('',#8261,#8284,#8286,.T.);
#8284 = VERTEX_POINT('',#8285);
#8285 = CARTESIAN_POINT('',(-0.755,0.73,0.625));
#8286 = LINE('',#8287,#8288);
#8287 = CARTESIAN_POINT('',(-0.755,0.658914082476,0.620364001909));
#8288 = VECTOR('',#8289,1.);
#8289 = DIRECTION('',(0.,0.997880142439,6.507857809422E-02));
#8290 = ORIENTED_EDGE('',*,*,#8291,.F.);
#8291 = EDGE_CURVE('',#8292,#8284,#8294,.T.);
#8292 = VERTEX_POINT('',#8293);
#8293 = CARTESIAN_POINT('',(-0.545,0.73,0.625));
#8294 = LINE('',#8295,#8296);
#8295 = CARTESIAN_POINT('',(-0.545,0.73,0.625));
#8296 = VECTOR('',#8297,1.);
#8297 = DIRECTION('',(-1.,-0.,-0.));
#8298 = ORIENTED_EDGE('',*,*,#8299,.F.);
#8299 = EDGE_CURVE('',#8252,#8292,#8300,.T.);
#8300 = LINE('',#8301,#8302);
#8301 = CARTESIAN_POINT('',(-0.545,0.658914082476,0.620364001909));
#8302 = VECTOR('',#8303,1.);
#8303 = DIRECTION('',(0.,0.997880142439,6.507857809422E-02));
#8304 = ORIENTED_EDGE('',*,*,#8260,.T.);
#8305 = PLANE('',#8306);
#8306 = AXIS2_PLACEMENT_3D('',#8307,#8308,#8309);
#8307 = CARTESIAN_POINT('',(-0.545,0.658914082476,0.620364001909));
#8308 = DIRECTION('',(0.,-6.507857809422E-02,0.997880142439));
#8309 = DIRECTION('',(0.,-0.997880142439,-6.507857809422E-02));
#8310 = ADVANCED_FACE('',(#8311),#8327,.F.);
#8311 = FACE_BOUND('',#8312,.T.);
#8312 = EDGE_LOOP('',(#8313,#8319,#8320,#8326));
#8313 = ORIENTED_EDGE('',*,*,#8314,.T.);
#8314 = EDGE_CURVE('',#8284,#7988,#8315,.T.);
#8315 = LINE('',#8316,#8317);
#8316 = CARTESIAN_POINT('',(-0.755,0.73,0.625));
#8317 = VECTOR('',#8318,1.);
#8318 = DIRECTION('',(0.,0.984807753012,-0.173648177667));
#8319 = ORIENTED_EDGE('',*,*,#8015,.F.);
#8320 = ORIENTED_EDGE('',*,*,#8321,.F.);
#8321 = EDGE_CURVE('',#8292,#8007,#8322,.T.);
#8322 = LINE('',#8323,#8324);
#8323 = CARTESIAN_POINT('',(-0.545,0.73,0.625));
#8324 = VECTOR('',#8325,1.);
#8325 = DIRECTION('',(0.,0.984807753012,-0.173648177667));
#8326 = ORIENTED_EDGE('',*,*,#8291,.T.);
#8327 = PLANE('',#8328);
#8328 = AXIS2_PLACEMENT_3D('',#8329,#8330,#8331);
#8329 = CARTESIAN_POINT('',(-0.545,0.73,0.625));
#8330 = DIRECTION('',(-0.,0.173648177667,0.984807753012));
#8331 = DIRECTION('',(0.,-0.984807753012,0.173648177667));
#8332 = ADVANCED_FACE('',(#8333),#8346,.T.);
#8333 = FACE_BOUND('',#8334,.T.);
#8334 = EDGE_LOOP('',(#8335,#8336,#8337,#8338,#8339,#8340,#8341,#8342,
    #8343,#8344,#8345));
#8335 = ORIENTED_EDGE('',*,*,#8006,.T.);
#8336 = ORIENTED_EDGE('',*,*,#8045,.T.);
#8337 = ORIENTED_EDGE('',*,*,#8061,.T.);
#8338 = ORIENTED_EDGE('',*,*,#8109,.T.);
#8339 = ORIENTED_EDGE('',*,*,#8140,.T.);
#8340 = ORIENTED_EDGE('',*,*,#8171,.T.);
#8341 = ORIENTED_EDGE('',*,*,#8203,.T.);
#8342 = ORIENTED_EDGE('',*,*,#8235,.T.);
#8343 = ORIENTED_EDGE('',*,*,#8251,.T.);
#8344 = ORIENTED_EDGE('',*,*,#8299,.T.);
#8345 = ORIENTED_EDGE('',*,*,#8321,.T.);
#8346 = PLANE('',#8347);
#8347 = AXIS2_PLACEMENT_3D('',#8348,#8349,#8350);
#8348 = CARTESIAN_POINT('',(-0.545,0.61,0.61));
#8349 = DIRECTION('',(1.,0.,0.));
#8350 = DIRECTION('',(0.,0.,-1.));
#8351 = ADVANCED_FACE('',(#8352),#8365,.F.);
#8352 = FACE_BOUND('',#8353,.T.);
#8353 = EDGE_LOOP('',(#8354,#8355,#8356,#8357,#8358,#8359,#8360,#8361,
    #8362,#8363,#8364));
#8354 = ORIENTED_EDGE('',*,*,#7987,.F.);
#8355 = ORIENTED_EDGE('',*,*,#8314,.F.);
#8356 = ORIENTED_EDGE('',*,*,#8283,.F.);
#8357 = ORIENTED_EDGE('',*,*,#8268,.F.);
#8358 = ORIENTED_EDGE('',*,*,#8219,.F.);
#8359 = ORIENTED_EDGE('',*,*,#8186,.F.);
#8360 = ORIENTED_EDGE('',*,*,#8155,.F.);
#8361 = ORIENTED_EDGE('',*,*,#8124,.F.);
#8362 = ORIENTED_EDGE('',*,*,#8093,.F.);
#8363 = ORIENTED_EDGE('',*,*,#8078,.F.);
#8364 = ORIENTED_EDGE('',*,*,#8029,.F.);
#8365 = PLANE('',#8366);
#8366 = AXIS2_PLACEMENT_3D('',#8367,#8368,#8369);
#8367 = CARTESIAN_POINT('',(-0.755,0.61,0.61));
#8368 = DIRECTION('',(1.,0.,0.));
#8369 = DIRECTION('',(0.,0.,-1.));
#8370 = MANIFOLD_SOLID_BREP('',#8371);
#8371 = CLOSED_SHELL('',(#8372,#8414,#8445,#8478,#8509,#8540,#8571,#8604
    ,#8635,#8668,#8699,#8721,#8740));
#8372 = ADVANCED_FACE('',(#8373),#8409,.T.);
#8373 = FACE_BOUND('',#8374,.T.);
#8374 = EDGE_LOOP('',(#8375,#8386,#8394,#8403));
#8375 = ORIENTED_EDGE('',*,*,#8376,.F.);
#8376 = EDGE_CURVE('',#8377,#8379,#8381,.T.);
#8377 = VERTEX_POINT('',#8378);
#8378 = CARTESIAN_POINT('',(-0.105,0.799981373547,-0.612660395697));
#8379 = VERTEX_POINT('',#8380);
#8380 = CARTESIAN_POINT('',(-0.105,0.61,-0.8));
#8381 = CIRCLE('',#8382,0.19);
#8382 = AXIS2_PLACEMENT_3D('',#8383,#8384,#8385);
#8383 = CARTESIAN_POINT('',(-0.105,0.61,-0.61));
#8384 = DIRECTION('',(-1.,0.,-0.));
#8385 = DIRECTION('',(-0.,0.,1.));
#8386 = ORIENTED_EDGE('',*,*,#8387,.F.);
#8387 = EDGE_CURVE('',#8388,#8377,#8390,.T.);
#8388 = VERTEX_POINT('',#8389);
#8389 = CARTESIAN_POINT('',(0.105,0.799981373547,-0.612660395697));
#8390 = LINE('',#8391,#8392);
#8391 = CARTESIAN_POINT('',(0.105,0.799981373547,-0.612660395697));
#8392 = VECTOR('',#8393,1.);
#8393 = DIRECTION('',(-1.,-0.,0.));
#8394 = ORIENTED_EDGE('',*,*,#8395,.T.);
#8395 = EDGE_CURVE('',#8388,#8396,#8398,.T.);
#8396 = VERTEX_POINT('',#8397);
#8397 = CARTESIAN_POINT('',(0.105,0.61,-0.8));
#8398 = CIRCLE('',#8399,0.19);
#8399 = AXIS2_PLACEMENT_3D('',#8400,#8401,#8402);
#8400 = CARTESIAN_POINT('',(0.105,0.61,-0.61));
#8401 = DIRECTION('',(-1.,0.,-0.));
#8402 = DIRECTION('',(-0.,0.,1.));
#8403 = ORIENTED_EDGE('',*,*,#8404,.T.);
#8404 = EDGE_CURVE('',#8396,#8379,#8405,.T.);
#8405 = LINE('',#8406,#8407);
#8406 = CARTESIAN_POINT('',(0.105,0.61,-0.8));
#8407 = VECTOR('',#8408,1.);
#8408 = DIRECTION('',(-1.,-0.,0.));
#8409 = CYLINDRICAL_SURFACE('',#8410,0.19);
#8410 = AXIS2_PLACEMENT_3D('',#8411,#8412,#8413);
#8411 = CARTESIAN_POINT('',(0.105,0.61,-0.61));
#8412 = DIRECTION('',(-1.,-0.,0.));
#8413 = DIRECTION('',(-0.,0.,-1.));
#8414 = ADVANCED_FACE('',(#8415),#8440,.F.);
#8415 = FACE_BOUND('',#8416,.T.);
#8416 = EDGE_LOOP('',(#8417,#8425,#8426,#8434));
#8417 = ORIENTED_EDGE('',*,*,#8418,.F.);
#8418 = EDGE_CURVE('',#8379,#8419,#8421,.T.);
#8419 = VERTEX_POINT('',#8420);
#8420 = CARTESIAN_POINT('',(-0.105,9.E-02,-0.8));
#8421 = LINE('',#8422,#8423);
#8422 = CARTESIAN_POINT('',(-0.105,9.E-02,-0.8));
#8423 = VECTOR('',#8424,1.);
#8424 = DIRECTION('',(-0.,-1.,0.));
#8425 = ORIENTED_EDGE('',*,*,#8404,.F.);
#8426 = ORIENTED_EDGE('',*,*,#8427,.T.);
#8427 = EDGE_CURVE('',#8396,#8428,#8430,.T.);
#8428 = VERTEX_POINT('',#8429);
#8429 = CARTESIAN_POINT('',(0.105,9.E-02,-0.8));
#8430 = LINE('',#8431,#8432);
#8431 = CARTESIAN_POINT('',(0.105,9.E-02,-0.8));
#8432 = VECTOR('',#8433,1.);
#8433 = DIRECTION('',(-0.,-1.,0.));
#8434 = ORIENTED_EDGE('',*,*,#8435,.T.);
#8435 = EDGE_CURVE('',#8428,#8419,#8436,.T.);
#8436 = LINE('',#8437,#8438);
#8437 = CARTESIAN_POINT('',(0.105,9.E-02,-0.8));
#8438 = VECTOR('',#8439,1.);
#8439 = DIRECTION('',(-1.,-0.,0.));
#8440 = PLANE('',#8441);
#8441 = AXIS2_PLACEMENT_3D('',#8442,#8443,#8444);
#8442 = CARTESIAN_POINT('',(0.105,9.E-02,-0.8));
#8443 = DIRECTION('',(0.,0.,1.));
#8444 = DIRECTION('',(-1.,0.,0.));
#8445 = ADVANCED_FACE('',(#8446),#8473,.F.);
#8446 = FACE_BOUND('',#8447,.F.);
#8447 = EDGE_LOOP('',(#8448,#8458,#8465,#8466));
#8448 = ORIENTED_EDGE('',*,*,#8449,.F.);
#8449 = EDGE_CURVE('',#8450,#8452,#8454,.T.);
#8450 = VERTEX_POINT('',#8451);
#8451 = CARTESIAN_POINT('',(0.105,4.E-02,-0.85));
#8452 = VERTEX_POINT('',#8453);
#8453 = CARTESIAN_POINT('',(-0.105,4.E-02,-0.85));
#8454 = LINE('',#8455,#8456);
#8455 = CARTESIAN_POINT('',(0.105,4.E-02,-0.85));
#8456 = VECTOR('',#8457,1.);
#8457 = DIRECTION('',(-1.,-0.,0.));
#8458 = ORIENTED_EDGE('',*,*,#8459,.F.);
#8459 = EDGE_CURVE('',#8428,#8450,#8460,.T.);
#8460 = CIRCLE('',#8461,5.E-02);
#8461 = AXIS2_PLACEMENT_3D('',#8462,#8463,#8464);
#8462 = CARTESIAN_POINT('',(0.105,9.E-02,-0.85));
#8463 = DIRECTION('',(1.,0.,-0.));
#8464 = DIRECTION('',(0.,0.,1.));
#8465 = ORIENTED_EDGE('',*,*,#8435,.T.);
#8466 = ORIENTED_EDGE('',*,*,#8467,.T.);
#8467 = EDGE_CURVE('',#8419,#8452,#8468,.T.);
#8468 = CIRCLE('',#8469,5.E-02);
#8469 = AXIS2_PLACEMENT_3D('',#8470,#8471,#8472);
#8470 = CARTESIAN_POINT('',(-0.105,9.E-02,-0.85));
#8471 = DIRECTION('',(1.,0.,-0.));
#8472 = DIRECTION('',(0.,0.,1.));
#8473 = CYLINDRICAL_SURFACE('',#8474,5.E-02);
#8474 = AXIS2_PLACEMENT_3D('',#8475,#8476,#8477);
#8475 = CARTESIAN_POINT('',(0.105,9.E-02,-0.85));
#8476 = DIRECTION('',(-1.,-0.,0.));
#8477 = DIRECTION('',(-0.,0.,-1.));
#8478 = ADVANCED_FACE('',(#8479),#8504,.F.);
#8479 = FACE_BOUND('',#8480,.T.);
#8480 = EDGE_LOOP('',(#8481,#8489,#8490,#8498));
#8481 = ORIENTED_EDGE('',*,*,#8482,.F.);
#8482 = EDGE_CURVE('',#8452,#8483,#8485,.T.);
#8483 = VERTEX_POINT('',#8484);
#8484 = CARTESIAN_POINT('',(-0.105,4.E-02,-1.05));
#8485 = LINE('',#8486,#8487);
#8486 = CARTESIAN_POINT('',(-0.105,4.E-02,-1.05));
#8487 = VECTOR('',#8488,1.);
#8488 = DIRECTION('',(0.,6.776263578034E-17,-1.));
#8489 = ORIENTED_EDGE('',*,*,#8449,.F.);
#8490 = ORIENTED_EDGE('',*,*,#8491,.T.);
#8491 = EDGE_CURVE('',#8450,#8492,#8494,.T.);
#8492 = VERTEX_POINT('',#8493);
#8493 = CARTESIAN_POINT('',(0.105,4.E-02,-1.05));
#8494 = LINE('',#8495,#8496);
#8495 = CARTESIAN_POINT('',(0.105,4.E-02,-1.05));
#8496 = VECTOR('',#8497,1.);
#8497 = DIRECTION('',(0.,6.776263578034E-17,-1.));
#8498 = ORIENTED_EDGE('',*,*,#8499,.T.);
#8499 = EDGE_CURVE('',#8492,#8483,#8500,.T.);
#8500 = LINE('',#8501,#8502);
#8501 = CARTESIAN_POINT('',(0.105,4.E-02,-1.05));
#8502 = VECTOR('',#8503,1.);
#8503 = DIRECTION('',(-1.,-0.,0.));
#8504 = PLANE('',#8505);
#8505 = AXIS2_PLACEMENT_3D('',#8506,#8507,#8508);
#8506 = CARTESIAN_POINT('',(0.105,4.E-02,-1.05));
#8507 = DIRECTION('',(0.,-1.,-6.776263578034E-17));
#8508 = DIRECTION('',(0.,-6.776263578034E-17,1.));
#8509 = ADVANCED_FACE('',(#8510),#8535,.F.);
#8510 = FACE_BOUND('',#8511,.T.);
#8511 = EDGE_LOOP('',(#8512,#8520,#8521,#8529));
#8512 = ORIENTED_EDGE('',*,*,#8513,.F.);
#8513 = EDGE_CURVE('',#8483,#8514,#8516,.T.);
#8514 = VERTEX_POINT('',#8515);
#8515 = CARTESIAN_POINT('',(-0.105,-0.1,-1.05));
#8516 = LINE('',#8517,#8518);
#8517 = CARTESIAN_POINT('',(-0.105,4.E-02,-1.05));
#8518 = VECTOR('',#8519,1.);
#8519 = DIRECTION('',(0.,-1.,0.));
#8520 = ORIENTED_EDGE('',*,*,#8499,.F.);
#8521 = ORIENTED_EDGE('',*,*,#8522,.T.);
#8522 = EDGE_CURVE('',#8492,#8523,#8525,.T.);
#8523 = VERTEX_POINT('',#8524);
#8524 = CARTESIAN_POINT('',(0.105,-0.1,-1.05));
#8525 = LINE('',#8526,#8527);
#8526 = CARTESIAN_POINT('',(0.105,4.E-02,-1.05));
#8527 = VECTOR('',#8528,1.);
#8528 = DIRECTION('',(0.,-1.,0.));
#8529 = ORIENTED_EDGE('',*,*,#8530,.T.);
#8530 = EDGE_CURVE('',#8523,#8514,#8531,.T.);
#8531 = LINE('',#8532,#8533);
#8532 = CARTESIAN_POINT('',(0.105,-0.1,-1.05));
#8533 = VECTOR('',#8534,1.);
#8534 = DIRECTION('',(-1.,-0.,0.));
#8535 = PLANE('',#8536);
#8536 = AXIS2_PLACEMENT_3D('',#8537,#8538,#8539);
#8537 = CARTESIAN_POINT('',(0.105,4.E-02,-1.05));
#8538 = DIRECTION('',(0.,0.,1.));
#8539 = DIRECTION('',(-1.,0.,0.));
#8540 = ADVANCED_FACE('',(#8541),#8566,.F.);
#8541 = FACE_BOUND('',#8542,.T.);
#8542 = EDGE_LOOP('',(#8543,#8551,#8552,#8560));
#8543 = ORIENTED_EDGE('',*,*,#8544,.F.);
#8544 = EDGE_CURVE('',#8514,#8545,#8547,.T.);
#8545 = VERTEX_POINT('',#8546);
#8546 = CARTESIAN_POINT('',(-0.105,-0.1,-0.85));
#8547 = LINE('',#8548,#8549);
#8548 = CARTESIAN_POINT('',(-0.105,-0.1,-1.05));
#8549 = VECTOR('',#8550,1.);
#8550 = DIRECTION('',(0.,-1.355252715607E-16,1.));
#8551 = ORIENTED_EDGE('',*,*,#8530,.F.);
#8552 = ORIENTED_EDGE('',*,*,#8553,.T.);
#8553 = EDGE_CURVE('',#8523,#8554,#8556,.T.);
#8554 = VERTEX_POINT('',#8555);
#8555 = CARTESIAN_POINT('',(0.105,-0.1,-0.85));
#8556 = LINE('',#8557,#8558);
#8557 = CARTESIAN_POINT('',(0.105,-0.1,-1.05));
#8558 = VECTOR('',#8559,1.);
#8559 = DIRECTION('',(0.,-1.355252715607E-16,1.));
#8560 = ORIENTED_EDGE('',*,*,#8561,.T.);
#8561 = EDGE_CURVE('',#8554,#8545,#8562,.T.);
#8562 = LINE('',#8563,#8564);
#8563 = CARTESIAN_POINT('',(0.105,-0.1,-0.85));
#8564 = VECTOR('',#8565,1.);
#8565 = DIRECTION('',(-1.,-0.,0.));
#8566 = PLANE('',#8567);
#8567 = AXIS2_PLACEMENT_3D('',#8568,#8569,#8570);
#8568 = CARTESIAN_POINT('',(0.105,-0.1,-1.05));
#8569 = DIRECTION('',(0.,1.,1.355252715607E-16));
#8570 = DIRECTION('',(0.,1.355252715607E-16,-1.));
#8571 = ADVANCED_FACE('',(#8572),#8599,.T.);
#8572 = FACE_BOUND('',#8573,.T.);
#8573 = EDGE_LOOP('',(#8574,#8583,#8584,#8593));
#8574 = ORIENTED_EDGE('',*,*,#8575,.F.);
#8575 = EDGE_CURVE('',#8545,#8576,#8578,.T.);
#8576 = VERTEX_POINT('',#8577);
#8577 = CARTESIAN_POINT('',(-0.105,9.E-02,-0.66));
#8578 = CIRCLE('',#8579,0.19);
#8579 = AXIS2_PLACEMENT_3D('',#8580,#8581,#8582);
#8580 = CARTESIAN_POINT('',(-0.105,9.E-02,-0.85));
#8581 = DIRECTION('',(-1.,0.,-0.));
#8582 = DIRECTION('',(-0.,0.,1.));
#8583 = ORIENTED_EDGE('',*,*,#8561,.F.);
#8584 = ORIENTED_EDGE('',*,*,#8585,.T.);
#8585 = EDGE_CURVE('',#8554,#8586,#8588,.T.);
#8586 = VERTEX_POINT('',#8587);
#8587 = CARTESIAN_POINT('',(0.105,9.E-02,-0.66));
#8588 = CIRCLE('',#8589,0.19);
#8589 = AXIS2_PLACEMENT_3D('',#8590,#8591,#8592);
#8590 = CARTESIAN_POINT('',(0.105,9.E-02,-0.85));
#8591 = DIRECTION('',(-1.,0.,-0.));
#8592 = DIRECTION('',(-0.,0.,1.));
#8593 = ORIENTED_EDGE('',*,*,#8594,.T.);
#8594 = EDGE_CURVE('',#8586,#8576,#8595,.T.);
#8595 = LINE('',#8596,#8597);
#8596 = CARTESIAN_POINT('',(0.105,9.E-02,-0.66));
#8597 = VECTOR('',#8598,1.);
#8598 = DIRECTION('',(-1.,-0.,0.));
#8599 = CYLINDRICAL_SURFACE('',#8600,0.19);
#8600 = AXIS2_PLACEMENT_3D('',#8601,#8602,#8603);
#8601 = CARTESIAN_POINT('',(0.105,9.E-02,-0.85));
#8602 = DIRECTION('',(-1.,-0.,0.));
#8603 = DIRECTION('',(-0.,0.,-1.));
#8604 = ADVANCED_FACE('',(#8605),#8630,.F.);
#8605 = FACE_BOUND('',#8606,.T.);
#8606 = EDGE_LOOP('',(#8607,#8615,#8616,#8624));
#8607 = ORIENTED_EDGE('',*,*,#8608,.F.);
#8608 = EDGE_CURVE('',#8576,#8609,#8611,.T.);
#8609 = VERTEX_POINT('',#8610);
#8610 = CARTESIAN_POINT('',(-0.105,0.61,-0.66));
#8611 = LINE('',#8612,#8613);
#8612 = CARTESIAN_POINT('',(-0.105,9.E-02,-0.66));
#8613 = VECTOR('',#8614,1.);
#8614 = DIRECTION('',(0.,1.,-2.085004177857E-16));
#8615 = ORIENTED_EDGE('',*,*,#8594,.F.);
#8616 = ORIENTED_EDGE('',*,*,#8617,.T.);
#8617 = EDGE_CURVE('',#8586,#8618,#8620,.T.);
#8618 = VERTEX_POINT('',#8619);
#8619 = CARTESIAN_POINT('',(0.105,0.61,-0.66));
#8620 = LINE('',#8621,#8622);
#8621 = CARTESIAN_POINT('',(0.105,9.E-02,-0.66));
#8622 = VECTOR('',#8623,1.);
#8623 = DIRECTION('',(0.,1.,-2.085004177857E-16));
#8624 = ORIENTED_EDGE('',*,*,#8625,.T.);
#8625 = EDGE_CURVE('',#8618,#8609,#8626,.T.);
#8626 = LINE('',#8627,#8628);
#8627 = CARTESIAN_POINT('',(0.105,0.61,-0.66));
#8628 = VECTOR('',#8629,1.);
#8629 = DIRECTION('',(-1.,-0.,0.));
#8630 = PLANE('',#8631);
#8631 = AXIS2_PLACEMENT_3D('',#8632,#8633,#8634);
#8632 = CARTESIAN_POINT('',(0.105,9.E-02,-0.66));
#8633 = DIRECTION('',(0.,-2.085004177857E-16,-1.));
#8634 = DIRECTION('',(0.,-1.,2.085004177857E-16));
#8635 = ADVANCED_FACE('',(#8636),#8663,.F.);
#8636 = FACE_BOUND('',#8637,.F.);
#8637 = EDGE_LOOP('',(#8638,#8648,#8655,#8656));
#8638 = ORIENTED_EDGE('',*,*,#8639,.F.);
#8639 = EDGE_CURVE('',#8640,#8642,#8644,.T.);
#8640 = VERTEX_POINT('',#8641);
#8641 = CARTESIAN_POINT('',(0.105,0.658914082476,-0.620364001909));
#8642 = VERTEX_POINT('',#8643);
#8643 = CARTESIAN_POINT('',(-0.105,0.658914082476,-0.620364001909));
#8644 = LINE('',#8645,#8646);
#8645 = CARTESIAN_POINT('',(0.105,0.658914082476,-0.620364001909));
#8646 = VECTOR('',#8647,1.);
#8647 = DIRECTION('',(-1.,-0.,0.));
#8648 = ORIENTED_EDGE('',*,*,#8649,.F.);
#8649 = EDGE_CURVE('',#8618,#8640,#8650,.T.);
#8650 = CIRCLE('',#8651,5.E-02);
#8651 = AXIS2_PLACEMENT_3D('',#8652,#8653,#8654);
#8652 = CARTESIAN_POINT('',(0.105,0.61,-0.61));
#8653 = DIRECTION('',(1.,0.,-0.));
#8654 = DIRECTION('',(0.,0.,1.));
#8655 = ORIENTED_EDGE('',*,*,#8625,.T.);
#8656 = ORIENTED_EDGE('',*,*,#8657,.T.);
#8657 = EDGE_CURVE('',#8609,#8642,#8658,.T.);
#8658 = CIRCLE('',#8659,5.E-02);
#8659 = AXIS2_PLACEMENT_3D('',#8660,#8661,#8662);
#8660 = CARTESIAN_POINT('',(-0.105,0.61,-0.61));
#8661 = DIRECTION('',(1.,0.,-0.));
#8662 = DIRECTION('',(0.,0.,1.));
#8663 = CYLINDRICAL_SURFACE('',#8664,5.E-02);
#8664 = AXIS2_PLACEMENT_3D('',#8665,#8666,#8667);
#8665 = CARTESIAN_POINT('',(0.105,0.61,-0.61));
#8666 = DIRECTION('',(-1.,-0.,0.));
#8667 = DIRECTION('',(-0.,0.,-1.));
#8668 = ADVANCED_FACE('',(#8669),#8694,.F.);
#8669 = FACE_BOUND('',#8670,.T.);
#8670 = EDGE_LOOP('',(#8671,#8679,#8680,#8688));
#8671 = ORIENTED_EDGE('',*,*,#8672,.F.);
#8672 = EDGE_CURVE('',#8642,#8673,#8675,.T.);
#8673 = VERTEX_POINT('',#8674);
#8674 = CARTESIAN_POINT('',(-0.105,0.73,-0.625));
#8675 = LINE('',#8676,#8677);
#8676 = CARTESIAN_POINT('',(-0.105,0.658914082476,-0.620364001909));
#8677 = VECTOR('',#8678,1.);
#8678 = DIRECTION('',(0.,0.997880142439,-6.507857809422E-02));
#8679 = ORIENTED_EDGE('',*,*,#8639,.F.);
#8680 = ORIENTED_EDGE('',*,*,#8681,.T.);
#8681 = EDGE_CURVE('',#8640,#8682,#8684,.T.);
#8682 = VERTEX_POINT('',#8683);
#8683 = CARTESIAN_POINT('',(0.105,0.73,-0.625));
#8684 = LINE('',#8685,#8686);
#8685 = CARTESIAN_POINT('',(0.105,0.658914082476,-0.620364001909));
#8686 = VECTOR('',#8687,1.);
#8687 = DIRECTION('',(0.,0.997880142439,-6.507857809422E-02));
#8688 = ORIENTED_EDGE('',*,*,#8689,.T.);
#8689 = EDGE_CURVE('',#8682,#8673,#8690,.T.);
#8690 = LINE('',#8691,#8692);
#8691 = CARTESIAN_POINT('',(0.105,0.73,-0.625));
#8692 = VECTOR('',#8693,1.);
#8693 = DIRECTION('',(-1.,-0.,0.));
#8694 = PLANE('',#8695);
#8695 = AXIS2_PLACEMENT_3D('',#8696,#8697,#8698);
#8696 = CARTESIAN_POINT('',(0.105,0.658914082476,-0.620364001909));
#8697 = DIRECTION('',(0.,-6.507857809422E-02,-0.997880142439));
#8698 = DIRECTION('',(0.,-0.997880142439,6.507857809422E-02));
#8699 = ADVANCED_FACE('',(#8700),#8716,.F.);
#8700 = FACE_BOUND('',#8701,.T.);
#8701 = EDGE_LOOP('',(#8702,#8708,#8709,#8715));
#8702 = ORIENTED_EDGE('',*,*,#8703,.F.);
#8703 = EDGE_CURVE('',#8673,#8377,#8704,.T.);
#8704 = LINE('',#8705,#8706);
#8705 = CARTESIAN_POINT('',(-0.105,0.73,-0.625));
#8706 = VECTOR('',#8707,1.);
#8707 = DIRECTION('',(0.,0.984807753012,0.173648177667));
#8708 = ORIENTED_EDGE('',*,*,#8689,.F.);
#8709 = ORIENTED_EDGE('',*,*,#8710,.T.);
#8710 = EDGE_CURVE('',#8682,#8388,#8711,.T.);
#8711 = LINE('',#8712,#8713);
#8712 = CARTESIAN_POINT('',(0.105,0.73,-0.625));
#8713 = VECTOR('',#8714,1.);
#8714 = DIRECTION('',(0.,0.984807753012,0.173648177667));
#8715 = ORIENTED_EDGE('',*,*,#8387,.T.);
#8716 = PLANE('',#8717);
#8717 = AXIS2_PLACEMENT_3D('',#8718,#8719,#8720);
#8718 = CARTESIAN_POINT('',(0.105,0.73,-0.625));
#8719 = DIRECTION('',(0.,0.173648177667,-0.984807753012));
#8720 = DIRECTION('',(0.,-0.984807753012,-0.173648177667));
#8721 = ADVANCED_FACE('',(#8722),#8735,.T.);
#8722 = FACE_BOUND('',#8723,.T.);
#8723 = EDGE_LOOP('',(#8724,#8725,#8726,#8727,#8728,#8729,#8730,#8731,
    #8732,#8733,#8734));
#8724 = ORIENTED_EDGE('',*,*,#8395,.F.);
#8725 = ORIENTED_EDGE('',*,*,#8710,.F.);
#8726 = ORIENTED_EDGE('',*,*,#8681,.F.);
#8727 = ORIENTED_EDGE('',*,*,#8649,.F.);
#8728 = ORIENTED_EDGE('',*,*,#8617,.F.);
#8729 = ORIENTED_EDGE('',*,*,#8585,.F.);
#8730 = ORIENTED_EDGE('',*,*,#8553,.F.);
#8731 = ORIENTED_EDGE('',*,*,#8522,.F.);
#8732 = ORIENTED_EDGE('',*,*,#8491,.F.);
#8733 = ORIENTED_EDGE('',*,*,#8459,.F.);
#8734 = ORIENTED_EDGE('',*,*,#8427,.F.);
#8735 = PLANE('',#8736);
#8736 = AXIS2_PLACEMENT_3D('',#8737,#8738,#8739);
#8737 = CARTESIAN_POINT('',(0.105,0.61,-0.61));
#8738 = DIRECTION('',(1.,0.,-0.));
#8739 = DIRECTION('',(0.,0.,1.));
#8740 = ADVANCED_FACE('',(#8741),#8754,.F.);
#8741 = FACE_BOUND('',#8742,.T.);
#8742 = EDGE_LOOP('',(#8743,#8744,#8745,#8746,#8747,#8748,#8749,#8750,
    #8751,#8752,#8753));
#8743 = ORIENTED_EDGE('',*,*,#8376,.T.);
#8744 = ORIENTED_EDGE('',*,*,#8418,.T.);
#8745 = ORIENTED_EDGE('',*,*,#8467,.T.);
#8746 = ORIENTED_EDGE('',*,*,#8482,.T.);
#8747 = ORIENTED_EDGE('',*,*,#8513,.T.);
#8748 = ORIENTED_EDGE('',*,*,#8544,.T.);
#8749 = ORIENTED_EDGE('',*,*,#8575,.T.);
#8750 = ORIENTED_EDGE('',*,*,#8608,.T.);
#8751 = ORIENTED_EDGE('',*,*,#8657,.T.);
#8752 = ORIENTED_EDGE('',*,*,#8672,.T.);
#8753 = ORIENTED_EDGE('',*,*,#8703,.T.);
#8754 = PLANE('',#8755);
#8755 = AXIS2_PLACEMENT_3D('',#8756,#8757,#8758);
#8756 = CARTESIAN_POINT('',(-0.105,0.61,-0.61));
#8757 = DIRECTION('',(1.,0.,-0.));
#8758 = DIRECTION('',(0.,0.,1.));
#8759 = MANIFOLD_SOLID_BREP('',#8760);
#8760 = CLOSED_SHELL('',(#8761,#8803,#8834,#8867,#8898,#8929,#8960,#8993
    ,#9024,#9057,#9088,#9110,#9129));
#8761 = ADVANCED_FACE('',(#8762),#8798,.T.);
#8762 = FACE_BOUND('',#8763,.T.);
#8763 = EDGE_LOOP('',(#8764,#8775,#8783,#8792));
#8764 = ORIENTED_EDGE('',*,*,#8765,.F.);
#8765 = EDGE_CURVE('',#8766,#8768,#8770,.T.);
#8766 = VERTEX_POINT('',#8767);
#8767 = CARTESIAN_POINT('',(0.545,0.799981373547,-0.612660395697));
#8768 = VERTEX_POINT('',#8769);
#8769 = CARTESIAN_POINT('',(0.545,0.61,-0.8));
#8770 = CIRCLE('',#8771,0.19);
#8771 = AXIS2_PLACEMENT_3D('',#8772,#8773,#8774);
#8772 = CARTESIAN_POINT('',(0.545,0.61,-0.61));
#8773 = DIRECTION('',(-1.,0.,-0.));
#8774 = DIRECTION('',(-0.,0.,1.));
#8775 = ORIENTED_EDGE('',*,*,#8776,.F.);
#8776 = EDGE_CURVE('',#8777,#8766,#8779,.T.);
#8777 = VERTEX_POINT('',#8778);
#8778 = CARTESIAN_POINT('',(0.755,0.799981373547,-0.612660395697));
#8779 = LINE('',#8780,#8781);
#8780 = CARTESIAN_POINT('',(0.755,0.799981373547,-0.612660395697));
#8781 = VECTOR('',#8782,1.);
#8782 = DIRECTION('',(-1.,-0.,0.));
#8783 = ORIENTED_EDGE('',*,*,#8784,.T.);
#8784 = EDGE_CURVE('',#8777,#8785,#8787,.T.);
#8785 = VERTEX_POINT('',#8786);
#8786 = CARTESIAN_POINT('',(0.755,0.61,-0.8));
#8787 = CIRCLE('',#8788,0.19);
#8788 = AXIS2_PLACEMENT_3D('',#8789,#8790,#8791);
#8789 = CARTESIAN_POINT('',(0.755,0.61,-0.61));
#8790 = DIRECTION('',(-1.,0.,-0.));
#8791 = DIRECTION('',(-0.,0.,1.));
#8792 = ORIENTED_EDGE('',*,*,#8793,.T.);
#8793 = EDGE_CURVE('',#8785,#8768,#8794,.T.);
#8794 = LINE('',#8795,#8796);
#8795 = CARTESIAN_POINT('',(0.755,0.61,-0.8));
#8796 = VECTOR('',#8797,1.);
#8797 = DIRECTION('',(-1.,-0.,0.));
#8798 = CYLINDRICAL_SURFACE('',#8799,0.19);
#8799 = AXIS2_PLACEMENT_3D('',#8800,#8801,#8802);
#8800 = CARTESIAN_POINT('',(0.755,0.61,-0.61));
#8801 = DIRECTION('',(-1.,-0.,0.));
#8802 = DIRECTION('',(-0.,0.,-1.));
#8803 = ADVANCED_FACE('',(#8804),#8829,.F.);
#8804 = FACE_BOUND('',#8805,.T.);
#8805 = EDGE_LOOP('',(#8806,#8814,#8815,#8823));
#8806 = ORIENTED_EDGE('',*,*,#8807,.F.);
#8807 = EDGE_CURVE('',#8768,#8808,#8810,.T.);
#8808 = VERTEX_POINT('',#8809);
#8809 = CARTESIAN_POINT('',(0.545,9.E-02,-0.8));
#8810 = LINE('',#8811,#8812);
#8811 = CARTESIAN_POINT('',(0.545,9.E-02,-0.8));
#8812 = VECTOR('',#8813,1.);
#8813 = DIRECTION('',(-0.,-1.,0.));
#8814 = ORIENTED_EDGE('',*,*,#8793,.F.);
#8815 = ORIENTED_EDGE('',*,*,#8816,.T.);
#8816 = EDGE_CURVE('',#8785,#8817,#8819,.T.);
#8817 = VERTEX_POINT('',#8818);
#8818 = CARTESIAN_POINT('',(0.755,9.E-02,-0.8));
#8819 = LINE('',#8820,#8821);
#8820 = CARTESIAN_POINT('',(0.755,9.E-02,-0.8));
#8821 = VECTOR('',#8822,1.);
#8822 = DIRECTION('',(-0.,-1.,0.));
#8823 = ORIENTED_EDGE('',*,*,#8824,.T.);
#8824 = EDGE_CURVE('',#8817,#8808,#8825,.T.);
#8825 = LINE('',#8826,#8827);
#8826 = CARTESIAN_POINT('',(0.755,9.E-02,-0.8));
#8827 = VECTOR('',#8828,1.);
#8828 = DIRECTION('',(-1.,-0.,0.));
#8829 = PLANE('',#8830);
#8830 = AXIS2_PLACEMENT_3D('',#8831,#8832,#8833);
#8831 = CARTESIAN_POINT('',(0.755,9.E-02,-0.8));
#8832 = DIRECTION('',(0.,0.,1.));
#8833 = DIRECTION('',(-1.,0.,0.));
#8834 = ADVANCED_FACE('',(#8835),#8862,.F.);
#8835 = FACE_BOUND('',#8836,.F.);
#8836 = EDGE_LOOP('',(#8837,#8847,#8854,#8855));
#8837 = ORIENTED_EDGE('',*,*,#8838,.F.);
#8838 = EDGE_CURVE('',#8839,#8841,#8843,.T.);
#8839 = VERTEX_POINT('',#8840);
#8840 = CARTESIAN_POINT('',(0.755,4.E-02,-0.85));
#8841 = VERTEX_POINT('',#8842);
#8842 = CARTESIAN_POINT('',(0.545,4.E-02,-0.85));
#8843 = LINE('',#8844,#8845);
#8844 = CARTESIAN_POINT('',(0.755,4.E-02,-0.85));
#8845 = VECTOR('',#8846,1.);
#8846 = DIRECTION('',(-1.,-0.,0.));
#8847 = ORIENTED_EDGE('',*,*,#8848,.F.);
#8848 = EDGE_CURVE('',#8817,#8839,#8849,.T.);
#8849 = CIRCLE('',#8850,5.E-02);
#8850 = AXIS2_PLACEMENT_3D('',#8851,#8852,#8853);
#8851 = CARTESIAN_POINT('',(0.755,9.E-02,-0.85));
#8852 = DIRECTION('',(1.,0.,-0.));
#8853 = DIRECTION('',(0.,0.,1.));
#8854 = ORIENTED_EDGE('',*,*,#8824,.T.);
#8855 = ORIENTED_EDGE('',*,*,#8856,.T.);
#8856 = EDGE_CURVE('',#8808,#8841,#8857,.T.);
#8857 = CIRCLE('',#8858,5.E-02);
#8858 = AXIS2_PLACEMENT_3D('',#8859,#8860,#8861);
#8859 = CARTESIAN_POINT('',(0.545,9.E-02,-0.85));
#8860 = DIRECTION('',(1.,0.,-0.));
#8861 = DIRECTION('',(0.,0.,1.));
#8862 = CYLINDRICAL_SURFACE('',#8863,5.E-02);
#8863 = AXIS2_PLACEMENT_3D('',#8864,#8865,#8866);
#8864 = CARTESIAN_POINT('',(0.755,9.E-02,-0.85));
#8865 = DIRECTION('',(-1.,-0.,0.));
#8866 = DIRECTION('',(-0.,0.,-1.));
#8867 = ADVANCED_FACE('',(#8868),#8893,.F.);
#8868 = FACE_BOUND('',#8869,.T.);
#8869 = EDGE_LOOP('',(#8870,#8878,#8879,#8887));
#8870 = ORIENTED_EDGE('',*,*,#8871,.F.);
#8871 = EDGE_CURVE('',#8841,#8872,#8874,.T.);
#8872 = VERTEX_POINT('',#8873);
#8873 = CARTESIAN_POINT('',(0.545,4.E-02,-1.05));
#8874 = LINE('',#8875,#8876);
#8875 = CARTESIAN_POINT('',(0.545,4.E-02,-1.05));
#8876 = VECTOR('',#8877,1.);
#8877 = DIRECTION('',(0.,6.776263578034E-17,-1.));
#8878 = ORIENTED_EDGE('',*,*,#8838,.F.);
#8879 = ORIENTED_EDGE('',*,*,#8880,.T.);
#8880 = EDGE_CURVE('',#8839,#8881,#8883,.T.);
#8881 = VERTEX_POINT('',#8882);
#8882 = CARTESIAN_POINT('',(0.755,4.E-02,-1.05));
#8883 = LINE('',#8884,#8885);
#8884 = CARTESIAN_POINT('',(0.755,4.E-02,-1.05));
#8885 = VECTOR('',#8886,1.);
#8886 = DIRECTION('',(0.,6.776263578034E-17,-1.));
#8887 = ORIENTED_EDGE('',*,*,#8888,.T.);
#8888 = EDGE_CURVE('',#8881,#8872,#8889,.T.);
#8889 = LINE('',#8890,#8891);
#8890 = CARTESIAN_POINT('',(0.755,4.E-02,-1.05));
#8891 = VECTOR('',#8892,1.);
#8892 = DIRECTION('',(-1.,-0.,0.));
#8893 = PLANE('',#8894);
#8894 = AXIS2_PLACEMENT_3D('',#8895,#8896,#8897);
#8895 = CARTESIAN_POINT('',(0.755,4.E-02,-1.05));
#8896 = DIRECTION('',(0.,-1.,-6.776263578034E-17));
#8897 = DIRECTION('',(0.,-6.776263578034E-17,1.));
#8898 = ADVANCED_FACE('',(#8899),#8924,.F.);
#8899 = FACE_BOUND('',#8900,.T.);
#8900 = EDGE_LOOP('',(#8901,#8909,#8910,#8918));
#8901 = ORIENTED_EDGE('',*,*,#8902,.F.);
#8902 = EDGE_CURVE('',#8872,#8903,#8905,.T.);
#8903 = VERTEX_POINT('',#8904);
#8904 = CARTESIAN_POINT('',(0.545,-0.1,-1.05));
#8905 = LINE('',#8906,#8907);
#8906 = CARTESIAN_POINT('',(0.545,4.E-02,-1.05));
#8907 = VECTOR('',#8908,1.);
#8908 = DIRECTION('',(0.,-1.,0.));
#8909 = ORIENTED_EDGE('',*,*,#8888,.F.);
#8910 = ORIENTED_EDGE('',*,*,#8911,.T.);
#8911 = EDGE_CURVE('',#8881,#8912,#8914,.T.);
#8912 = VERTEX_POINT('',#8913);
#8913 = CARTESIAN_POINT('',(0.755,-0.1,-1.05));
#8914 = LINE('',#8915,#8916);
#8915 = CARTESIAN_POINT('',(0.755,4.E-02,-1.05));
#8916 = VECTOR('',#8917,1.);
#8917 = DIRECTION('',(0.,-1.,0.));
#8918 = ORIENTED_EDGE('',*,*,#8919,.T.);
#8919 = EDGE_CURVE('',#8912,#8903,#8920,.T.);
#8920 = LINE('',#8921,#8922);
#8921 = CARTESIAN_POINT('',(0.755,-0.1,-1.05));
#8922 = VECTOR('',#8923,1.);
#8923 = DIRECTION('',(-1.,-0.,0.));
#8924 = PLANE('',#8925);
#8925 = AXIS2_PLACEMENT_3D('',#8926,#8927,#8928);
#8926 = CARTESIAN_POINT('',(0.755,4.E-02,-1.05));
#8927 = DIRECTION('',(0.,0.,1.));
#8928 = DIRECTION('',(-1.,0.,0.));
#8929 = ADVANCED_FACE('',(#8930),#8955,.F.);
#8930 = FACE_BOUND('',#8931,.T.);
#8931 = EDGE_LOOP('',(#8932,#8940,#8941,#8949));
#8932 = ORIENTED_EDGE('',*,*,#8933,.F.);
#8933 = EDGE_CURVE('',#8903,#8934,#8936,.T.);
#8934 = VERTEX_POINT('',#8935);
#8935 = CARTESIAN_POINT('',(0.545,-0.1,-0.85));
#8936 = LINE('',#8937,#8938);
#8937 = CARTESIAN_POINT('',(0.545,-0.1,-1.05));
#8938 = VECTOR('',#8939,1.);
#8939 = DIRECTION('',(0.,-1.355252715607E-16,1.));
#8940 = ORIENTED_EDGE('',*,*,#8919,.F.);
#8941 = ORIENTED_EDGE('',*,*,#8942,.T.);
#8942 = EDGE_CURVE('',#8912,#8943,#8945,.T.);
#8943 = VERTEX_POINT('',#8944);
#8944 = CARTESIAN_POINT('',(0.755,-0.1,-0.85));
#8945 = LINE('',#8946,#8947);
#8946 = CARTESIAN_POINT('',(0.755,-0.1,-1.05));
#8947 = VECTOR('',#8948,1.);
#8948 = DIRECTION('',(0.,-1.355252715607E-16,1.));
#8949 = ORIENTED_EDGE('',*,*,#8950,.T.);
#8950 = EDGE_CURVE('',#8943,#8934,#8951,.T.);
#8951 = LINE('',#8952,#8953);
#8952 = CARTESIAN_POINT('',(0.755,-0.1,-0.85));
#8953 = VECTOR('',#8954,1.);
#8954 = DIRECTION('',(-1.,-0.,0.));
#8955 = PLANE('',#8956);
#8956 = AXIS2_PLACEMENT_3D('',#8957,#8958,#8959);
#8957 = CARTESIAN_POINT('',(0.755,-0.1,-1.05));
#8958 = DIRECTION('',(0.,1.,1.355252715607E-16));
#8959 = DIRECTION('',(0.,1.355252715607E-16,-1.));
#8960 = ADVANCED_FACE('',(#8961),#8988,.T.);
#8961 = FACE_BOUND('',#8962,.T.);
#8962 = EDGE_LOOP('',(#8963,#8972,#8973,#8982));
#8963 = ORIENTED_EDGE('',*,*,#8964,.F.);
#8964 = EDGE_CURVE('',#8934,#8965,#8967,.T.);
#8965 = VERTEX_POINT('',#8966);
#8966 = CARTESIAN_POINT('',(0.545,9.E-02,-0.66));
#8967 = CIRCLE('',#8968,0.19);
#8968 = AXIS2_PLACEMENT_3D('',#8969,#8970,#8971);
#8969 = CARTESIAN_POINT('',(0.545,9.E-02,-0.85));
#8970 = DIRECTION('',(-1.,0.,-0.));
#8971 = DIRECTION('',(-0.,0.,1.));
#8972 = ORIENTED_EDGE('',*,*,#8950,.F.);
#8973 = ORIENTED_EDGE('',*,*,#8974,.T.);
#8974 = EDGE_CURVE('',#8943,#8975,#8977,.T.);
#8975 = VERTEX_POINT('',#8976);
#8976 = CARTESIAN_POINT('',(0.755,9.E-02,-0.66));
#8977 = CIRCLE('',#8978,0.19);
#8978 = AXIS2_PLACEMENT_3D('',#8979,#8980,#8981);
#8979 = CARTESIAN_POINT('',(0.755,9.E-02,-0.85));
#8980 = DIRECTION('',(-1.,0.,-0.));
#8981 = DIRECTION('',(-0.,0.,1.));
#8982 = ORIENTED_EDGE('',*,*,#8983,.T.);
#8983 = EDGE_CURVE('',#8975,#8965,#8984,.T.);
#8984 = LINE('',#8985,#8986);
#8985 = CARTESIAN_POINT('',(0.755,9.E-02,-0.66));
#8986 = VECTOR('',#8987,1.);
#8987 = DIRECTION('',(-1.,-0.,0.));
#8988 = CYLINDRICAL_SURFACE('',#8989,0.19);
#8989 = AXIS2_PLACEMENT_3D('',#8990,#8991,#8992);
#8990 = CARTESIAN_POINT('',(0.755,9.E-02,-0.85));
#8991 = DIRECTION('',(-1.,-0.,0.));
#8992 = DIRECTION('',(-0.,0.,-1.));
#8993 = ADVANCED_FACE('',(#8994),#9019,.F.);
#8994 = FACE_BOUND('',#8995,.T.);
#8995 = EDGE_LOOP('',(#8996,#9004,#9005,#9013));
#8996 = ORIENTED_EDGE('',*,*,#8997,.F.);
#8997 = EDGE_CURVE('',#8965,#8998,#9000,.T.);
#8998 = VERTEX_POINT('',#8999);
#8999 = CARTESIAN_POINT('',(0.545,0.61,-0.66));
#9000 = LINE('',#9001,#9002);
#9001 = CARTESIAN_POINT('',(0.545,9.E-02,-0.66));
#9002 = VECTOR('',#9003,1.);
#9003 = DIRECTION('',(0.,1.,-2.085004177857E-16));
#9004 = ORIENTED_EDGE('',*,*,#8983,.F.);
#9005 = ORIENTED_EDGE('',*,*,#9006,.T.);
#9006 = EDGE_CURVE('',#8975,#9007,#9009,.T.);
#9007 = VERTEX_POINT('',#9008);
#9008 = CARTESIAN_POINT('',(0.755,0.61,-0.66));
#9009 = LINE('',#9010,#9011);
#9010 = CARTESIAN_POINT('',(0.755,9.E-02,-0.66));
#9011 = VECTOR('',#9012,1.);
#9012 = DIRECTION('',(0.,1.,-2.085004177857E-16));
#9013 = ORIENTED_EDGE('',*,*,#9014,.T.);
#9014 = EDGE_CURVE('',#9007,#8998,#9015,.T.);
#9015 = LINE('',#9016,#9017);
#9016 = CARTESIAN_POINT('',(0.755,0.61,-0.66));
#9017 = VECTOR('',#9018,1.);
#9018 = DIRECTION('',(-1.,-0.,0.));
#9019 = PLANE('',#9020);
#9020 = AXIS2_PLACEMENT_3D('',#9021,#9022,#9023);
#9021 = CARTESIAN_POINT('',(0.755,9.E-02,-0.66));
#9022 = DIRECTION('',(0.,-2.085004177857E-16,-1.));
#9023 = DIRECTION('',(0.,-1.,2.085004177857E-16));
#9024 = ADVANCED_FACE('',(#9025),#9052,.F.);
#9025 = FACE_BOUND('',#9026,.F.);
#9026 = EDGE_LOOP('',(#9027,#9037,#9044,#9045));
#9027 = ORIENTED_EDGE('',*,*,#9028,.F.);
#9028 = EDGE_CURVE('',#9029,#9031,#9033,.T.);
#9029 = VERTEX_POINT('',#9030);
#9030 = CARTESIAN_POINT('',(0.755,0.658914082476,-0.620364001909));
#9031 = VERTEX_POINT('',#9032);
#9032 = CARTESIAN_POINT('',(0.545,0.658914082476,-0.620364001909));
#9033 = LINE('',#9034,#9035);
#9034 = CARTESIAN_POINT('',(0.755,0.658914082476,-0.620364001909));
#9035 = VECTOR('',#9036,1.);
#9036 = DIRECTION('',(-1.,-0.,0.));
#9037 = ORIENTED_EDGE('',*,*,#9038,.F.);
#9038 = EDGE_CURVE('',#9007,#9029,#9039,.T.);
#9039 = CIRCLE('',#9040,5.E-02);
#9040 = AXIS2_PLACEMENT_3D('',#9041,#9042,#9043);
#9041 = CARTESIAN_POINT('',(0.755,0.61,-0.61));
#9042 = DIRECTION('',(1.,0.,-0.));
#9043 = DIRECTION('',(0.,0.,1.));
#9044 = ORIENTED_EDGE('',*,*,#9014,.T.);
#9045 = ORIENTED_EDGE('',*,*,#9046,.T.);
#9046 = EDGE_CURVE('',#8998,#9031,#9047,.T.);
#9047 = CIRCLE('',#9048,5.E-02);
#9048 = AXIS2_PLACEMENT_3D('',#9049,#9050,#9051);
#9049 = CARTESIAN_POINT('',(0.545,0.61,-0.61));
#9050 = DIRECTION('',(1.,0.,-0.));
#9051 = DIRECTION('',(0.,0.,1.));
#9052 = CYLINDRICAL_SURFACE('',#9053,5.E-02);
#9053 = AXIS2_PLACEMENT_3D('',#9054,#9055,#9056);
#9054 = CARTESIAN_POINT('',(0.755,0.61,-0.61));
#9055 = DIRECTION('',(-1.,-0.,0.));
#9056 = DIRECTION('',(-0.,0.,-1.));
#9057 = ADVANCED_FACE('',(#9058),#9083,.F.);
#9058 = FACE_BOUND('',#9059,.T.);
#9059 = EDGE_LOOP('',(#9060,#9068,#9069,#9077));
#9060 = ORIENTED_EDGE('',*,*,#9061,.F.);
#9061 = EDGE_CURVE('',#9031,#9062,#9064,.T.);
#9062 = VERTEX_POINT('',#9063);
#9063 = CARTESIAN_POINT('',(0.545,0.73,-0.625));
#9064 = LINE('',#9065,#9066);
#9065 = CARTESIAN_POINT('',(0.545,0.658914082476,-0.620364001909));
#9066 = VECTOR('',#9067,1.);
#9067 = DIRECTION('',(0.,0.997880142439,-6.507857809422E-02));
#9068 = ORIENTED_EDGE('',*,*,#9028,.F.);
#9069 = ORIENTED_EDGE('',*,*,#9070,.T.);
#9070 = EDGE_CURVE('',#9029,#9071,#9073,.T.);
#9071 = VERTEX_POINT('',#9072);
#9072 = CARTESIAN_POINT('',(0.755,0.73,-0.625));
#9073 = LINE('',#9074,#9075);
#9074 = CARTESIAN_POINT('',(0.755,0.658914082476,-0.620364001909));
#9075 = VECTOR('',#9076,1.);
#9076 = DIRECTION('',(0.,0.997880142439,-6.507857809422E-02));
#9077 = ORIENTED_EDGE('',*,*,#9078,.T.);
#9078 = EDGE_CURVE('',#9071,#9062,#9079,.T.);
#9079 = LINE('',#9080,#9081);
#9080 = CARTESIAN_POINT('',(0.755,0.73,-0.625));
#9081 = VECTOR('',#9082,1.);
#9082 = DIRECTION('',(-1.,-0.,0.));
#9083 = PLANE('',#9084);
#9084 = AXIS2_PLACEMENT_3D('',#9085,#9086,#9087);
#9085 = CARTESIAN_POINT('',(0.755,0.658914082476,-0.620364001909));
#9086 = DIRECTION('',(0.,-6.507857809422E-02,-0.997880142439));
#9087 = DIRECTION('',(0.,-0.997880142439,6.507857809422E-02));
#9088 = ADVANCED_FACE('',(#9089),#9105,.F.);
#9089 = FACE_BOUND('',#9090,.T.);
#9090 = EDGE_LOOP('',(#9091,#9097,#9098,#9104));
#9091 = ORIENTED_EDGE('',*,*,#9092,.F.);
#9092 = EDGE_CURVE('',#9062,#8766,#9093,.T.);
#9093 = LINE('',#9094,#9095);
#9094 = CARTESIAN_POINT('',(0.545,0.73,-0.625));
#9095 = VECTOR('',#9096,1.);
#9096 = DIRECTION('',(0.,0.984807753012,0.173648177667));
#9097 = ORIENTED_EDGE('',*,*,#9078,.F.);
#9098 = ORIENTED_EDGE('',*,*,#9099,.T.);
#9099 = EDGE_CURVE('',#9071,#8777,#9100,.T.);
#9100 = LINE('',#9101,#9102);
#9101 = CARTESIAN_POINT('',(0.755,0.73,-0.625));
#9102 = VECTOR('',#9103,1.);
#9103 = DIRECTION('',(0.,0.984807753012,0.173648177667));
#9104 = ORIENTED_EDGE('',*,*,#8776,.T.);
#9105 = PLANE('',#9106);
#9106 = AXIS2_PLACEMENT_3D('',#9107,#9108,#9109);
#9107 = CARTESIAN_POINT('',(0.755,0.73,-0.625));
#9108 = DIRECTION('',(0.,0.173648177667,-0.984807753012));
#9109 = DIRECTION('',(0.,-0.984807753012,-0.173648177667));
#9110 = ADVANCED_FACE('',(#9111),#9124,.T.);
#9111 = FACE_BOUND('',#9112,.T.);
#9112 = EDGE_LOOP('',(#9113,#9114,#9115,#9116,#9117,#9118,#9119,#9120,
    #9121,#9122,#9123));
#9113 = ORIENTED_EDGE('',*,*,#8784,.F.);
#9114 = ORIENTED_EDGE('',*,*,#9099,.F.);
#9115 = ORIENTED_EDGE('',*,*,#9070,.F.);
#9116 = ORIENTED_EDGE('',*,*,#9038,.F.);
#9117 = ORIENTED_EDGE('',*,*,#9006,.F.);
#9118 = ORIENTED_EDGE('',*,*,#8974,.F.);
#9119 = ORIENTED_EDGE('',*,*,#8942,.F.);
#9120 = ORIENTED_EDGE('',*,*,#8911,.F.);
#9121 = ORIENTED_EDGE('',*,*,#8880,.F.);
#9122 = ORIENTED_EDGE('',*,*,#8848,.F.);
#9123 = ORIENTED_EDGE('',*,*,#8816,.F.);
#9124 = PLANE('',#9125);
#9125 = AXIS2_PLACEMENT_3D('',#9126,#9127,#9128);
#9126 = CARTESIAN_POINT('',(0.755,0.61,-0.61));
#9127 = DIRECTION('',(1.,0.,-0.));
#9128 = DIRECTION('',(0.,0.,1.));
#9129 = ADVANCED_FACE('',(#9130),#9143,.F.);
#9130 = FACE_BOUND('',#9131,.T.);
#9131 = EDGE_LOOP('',(#9132,#9133,#9134,#9135,#9136,#9137,#9138,#9139,
    #9140,#9141,#9142));
#9132 = ORIENTED_EDGE('',*,*,#8765,.T.);
#9133 = ORIENTED_EDGE('',*,*,#8807,.T.);
#9134 = ORIENTED_EDGE('',*,*,#8856,.T.);
#9135 = ORIENTED_EDGE('',*,*,#8871,.T.);
#9136 = ORIENTED_EDGE('',*,*,#8902,.T.);
#9137 = ORIENTED_EDGE('',*,*,#8933,.T.);
#9138 = ORIENTED_EDGE('',*,*,#8964,.T.);
#9139 = ORIENTED_EDGE('',*,*,#8997,.T.);
#9140 = ORIENTED_EDGE('',*,*,#9046,.T.);
#9141 = ORIENTED_EDGE('',*,*,#9061,.T.);
#9142 = ORIENTED_EDGE('',*,*,#9092,.T.);
#9143 = PLANE('',#9144);
#9144 = AXIS2_PLACEMENT_3D('',#9145,#9146,#9147);
#9145 = CARTESIAN_POINT('',(0.545,0.61,-0.61));
#9146 = DIRECTION('',(1.,0.,-0.));
#9147 = DIRECTION('',(0.,0.,1.));
#9148 = MANIFOLD_SOLID_BREP('',#9149);
#9149 = CLOSED_SHELL('',(#9150,#9192,#9223,#9256,#9287,#9318,#9349,#9382
    ,#9413,#9446,#9477,#9499,#9518));
#9150 = ADVANCED_FACE('',(#9151),#9187,.T.);
#9151 = FACE_BOUND('',#9152,.T.);
#9152 = EDGE_LOOP('',(#9153,#9164,#9172,#9181));
#9153 = ORIENTED_EDGE('',*,*,#9154,.F.);
#9154 = EDGE_CURVE('',#9155,#9157,#9159,.T.);
#9155 = VERTEX_POINT('',#9156);
#9156 = CARTESIAN_POINT('',(-0.755,0.799981373547,-0.612660395697));
#9157 = VERTEX_POINT('',#9158);
#9158 = CARTESIAN_POINT('',(-0.755,0.61,-0.8));
#9159 = CIRCLE('',#9160,0.19);
#9160 = AXIS2_PLACEMENT_3D('',#9161,#9162,#9163);
#9161 = CARTESIAN_POINT('',(-0.755,0.61,-0.61));
#9162 = DIRECTION('',(-1.,0.,-0.));
#9163 = DIRECTION('',(-0.,0.,1.));
#9164 = ORIENTED_EDGE('',*,*,#9165,.F.);
#9165 = EDGE_CURVE('',#9166,#9155,#9168,.T.);
#9166 = VERTEX_POINT('',#9167);
#9167 = CARTESIAN_POINT('',(-0.545,0.799981373547,-0.612660395697));
#9168 = LINE('',#9169,#9170);
#9169 = CARTESIAN_POINT('',(-0.545,0.799981373547,-0.612660395697));
#9170 = VECTOR('',#9171,1.);
#9171 = DIRECTION('',(-1.,-0.,0.));
#9172 = ORIENTED_EDGE('',*,*,#9173,.T.);
#9173 = EDGE_CURVE('',#9166,#9174,#9176,.T.);
#9174 = VERTEX_POINT('',#9175);
#9175 = CARTESIAN_POINT('',(-0.545,0.61,-0.8));
#9176 = CIRCLE('',#9177,0.19);
#9177 = AXIS2_PLACEMENT_3D('',#9178,#9179,#9180);
#9178 = CARTESIAN_POINT('',(-0.545,0.61,-0.61));
#9179 = DIRECTION('',(-1.,0.,-0.));
#9180 = DIRECTION('',(-0.,0.,1.));
#9181 = ORIENTED_EDGE('',*,*,#9182,.T.);
#9182 = EDGE_CURVE('',#9174,#9157,#9183,.T.);
#9183 = LINE('',#9184,#9185);
#9184 = CARTESIAN_POINT('',(-0.545,0.61,-0.8));
#9185 = VECTOR('',#9186,1.);
#9186 = DIRECTION('',(-1.,-0.,0.));
#9187 = CYLINDRICAL_SURFACE('',#9188,0.19);
#9188 = AXIS2_PLACEMENT_3D('',#9189,#9190,#9191);
#9189 = CARTESIAN_POINT('',(-0.545,0.61,-0.61));
#9190 = DIRECTION('',(-1.,-0.,0.));
#9191 = DIRECTION('',(-0.,0.,-1.));
#9192 = ADVANCED_FACE('',(#9193),#9218,.F.);
#9193 = FACE_BOUND('',#9194,.T.);
#9194 = EDGE_LOOP('',(#9195,#9203,#9204,#9212));
#9195 = ORIENTED_EDGE('',*,*,#9196,.F.);
#9196 = EDGE_CURVE('',#9157,#9197,#9199,.T.);
#9197 = VERTEX_POINT('',#9198);
#9198 = CARTESIAN_POINT('',(-0.755,9.E-02,-0.8));
#9199 = LINE('',#9200,#9201);
#9200 = CARTESIAN_POINT('',(-0.755,9.E-02,-0.8));
#9201 = VECTOR('',#9202,1.);
#9202 = DIRECTION('',(-0.,-1.,0.));
#9203 = ORIENTED_EDGE('',*,*,#9182,.F.);
#9204 = ORIENTED_EDGE('',*,*,#9205,.T.);
#9205 = EDGE_CURVE('',#9174,#9206,#9208,.T.);
#9206 = VERTEX_POINT('',#9207);
#9207 = CARTESIAN_POINT('',(-0.545,9.E-02,-0.8));
#9208 = LINE('',#9209,#9210);
#9209 = CARTESIAN_POINT('',(-0.545,9.E-02,-0.8));
#9210 = VECTOR('',#9211,1.);
#9211 = DIRECTION('',(-0.,-1.,0.));
#9212 = ORIENTED_EDGE('',*,*,#9213,.T.);
#9213 = EDGE_CURVE('',#9206,#9197,#9214,.T.);
#9214 = LINE('',#9215,#9216);
#9215 = CARTESIAN_POINT('',(-0.545,9.E-02,-0.8));
#9216 = VECTOR('',#9217,1.);
#9217 = DIRECTION('',(-1.,-0.,0.));
#9218 = PLANE('',#9219);
#9219 = AXIS2_PLACEMENT_3D('',#9220,#9221,#9222);
#9220 = CARTESIAN_POINT('',(-0.545,9.E-02,-0.8));
#9221 = DIRECTION('',(0.,0.,1.));
#9222 = DIRECTION('',(-1.,0.,0.));
#9223 = ADVANCED_FACE('',(#9224),#9251,.F.);
#9224 = FACE_BOUND('',#9225,.F.);
#9225 = EDGE_LOOP('',(#9226,#9236,#9243,#9244));
#9226 = ORIENTED_EDGE('',*,*,#9227,.F.);
#9227 = EDGE_CURVE('',#9228,#9230,#9232,.T.);
#9228 = VERTEX_POINT('',#9229);
#9229 = CARTESIAN_POINT('',(-0.545,4.E-02,-0.85));
#9230 = VERTEX_POINT('',#9231);
#9231 = CARTESIAN_POINT('',(-0.755,4.E-02,-0.85));
#9232 = LINE('',#9233,#9234);
#9233 = CARTESIAN_POINT('',(-0.545,4.E-02,-0.85));
#9234 = VECTOR('',#9235,1.);
#9235 = DIRECTION('',(-1.,-0.,0.));
#9236 = ORIENTED_EDGE('',*,*,#9237,.F.);
#9237 = EDGE_CURVE('',#9206,#9228,#9238,.T.);
#9238 = CIRCLE('',#9239,5.E-02);
#9239 = AXIS2_PLACEMENT_3D('',#9240,#9241,#9242);
#9240 = CARTESIAN_POINT('',(-0.545,9.E-02,-0.85));
#9241 = DIRECTION('',(1.,0.,-0.));
#9242 = DIRECTION('',(0.,0.,1.));
#9243 = ORIENTED_EDGE('',*,*,#9213,.T.);
#9244 = ORIENTED_EDGE('',*,*,#9245,.T.);
#9245 = EDGE_CURVE('',#9197,#9230,#9246,.T.);
#9246 = CIRCLE('',#9247,5.E-02);
#9247 = AXIS2_PLACEMENT_3D('',#9248,#9249,#9250);
#9248 = CARTESIAN_POINT('',(-0.755,9.E-02,-0.85));
#9249 = DIRECTION('',(1.,0.,-0.));
#9250 = DIRECTION('',(0.,0.,1.));
#9251 = CYLINDRICAL_SURFACE('',#9252,5.E-02);
#9252 = AXIS2_PLACEMENT_3D('',#9253,#9254,#9255);
#9253 = CARTESIAN_POINT('',(-0.545,9.E-02,-0.85));
#9254 = DIRECTION('',(-1.,-0.,0.));
#9255 = DIRECTION('',(-0.,0.,-1.));
#9256 = ADVANCED_FACE('',(#9257),#9282,.F.);
#9257 = FACE_BOUND('',#9258,.T.);
#9258 = EDGE_LOOP('',(#9259,#9267,#9268,#9276));
#9259 = ORIENTED_EDGE('',*,*,#9260,.F.);
#9260 = EDGE_CURVE('',#9230,#9261,#9263,.T.);
#9261 = VERTEX_POINT('',#9262);
#9262 = CARTESIAN_POINT('',(-0.755,4.E-02,-1.05));
#9263 = LINE('',#9264,#9265);
#9264 = CARTESIAN_POINT('',(-0.755,4.E-02,-1.05));
#9265 = VECTOR('',#9266,1.);
#9266 = DIRECTION('',(0.,6.776263578034E-17,-1.));
#9267 = ORIENTED_EDGE('',*,*,#9227,.F.);
#9268 = ORIENTED_EDGE('',*,*,#9269,.T.);
#9269 = EDGE_CURVE('',#9228,#9270,#9272,.T.);
#9270 = VERTEX_POINT('',#9271);
#9271 = CARTESIAN_POINT('',(-0.545,4.E-02,-1.05));
#9272 = LINE('',#9273,#9274);
#9273 = CARTESIAN_POINT('',(-0.545,4.E-02,-1.05));
#9274 = VECTOR('',#9275,1.);
#9275 = DIRECTION('',(0.,6.776263578034E-17,-1.));
#9276 = ORIENTED_EDGE('',*,*,#9277,.T.);
#9277 = EDGE_CURVE('',#9270,#9261,#9278,.T.);
#9278 = LINE('',#9279,#9280);
#9279 = CARTESIAN_POINT('',(-0.545,4.E-02,-1.05));
#9280 = VECTOR('',#9281,1.);
#9281 = DIRECTION('',(-1.,-0.,0.));
#9282 = PLANE('',#9283);
#9283 = AXIS2_PLACEMENT_3D('',#9284,#9285,#9286);
#9284 = CARTESIAN_POINT('',(-0.545,4.E-02,-1.05));
#9285 = DIRECTION('',(0.,-1.,-6.776263578034E-17));
#9286 = DIRECTION('',(0.,-6.776263578034E-17,1.));
#9287 = ADVANCED_FACE('',(#9288),#9313,.F.);
#9288 = FACE_BOUND('',#9289,.T.);
#9289 = EDGE_LOOP('',(#9290,#9298,#9299,#9307));
#9290 = ORIENTED_EDGE('',*,*,#9291,.F.);
#9291 = EDGE_CURVE('',#9261,#9292,#9294,.T.);
#9292 = VERTEX_POINT('',#9293);
#9293 = CARTESIAN_POINT('',(-0.755,-0.1,-1.05));
#9294 = LINE('',#9295,#9296);
#9295 = CARTESIAN_POINT('',(-0.755,4.E-02,-1.05));
#9296 = VECTOR('',#9297,1.);
#9297 = DIRECTION('',(0.,-1.,0.));
#9298 = ORIENTED_EDGE('',*,*,#9277,.F.);
#9299 = ORIENTED_EDGE('',*,*,#9300,.T.);
#9300 = EDGE_CURVE('',#9270,#9301,#9303,.T.);
#9301 = VERTEX_POINT('',#9302);
#9302 = CARTESIAN_POINT('',(-0.545,-0.1,-1.05));
#9303 = LINE('',#9304,#9305);
#9304 = CARTESIAN_POINT('',(-0.545,4.E-02,-1.05));
#9305 = VECTOR('',#9306,1.);
#9306 = DIRECTION('',(0.,-1.,0.));
#9307 = ORIENTED_EDGE('',*,*,#9308,.T.);
#9308 = EDGE_CURVE('',#9301,#9292,#9309,.T.);
#9309 = LINE('',#9310,#9311);
#9310 = CARTESIAN_POINT('',(-0.545,-0.1,-1.05));
#9311 = VECTOR('',#9312,1.);
#9312 = DIRECTION('',(-1.,-0.,0.));
#9313 = PLANE('',#9314);
#9314 = AXIS2_PLACEMENT_3D('',#9315,#9316,#9317);
#9315 = CARTESIAN_POINT('',(-0.545,4.E-02,-1.05));
#9316 = DIRECTION('',(0.,0.,1.));
#9317 = DIRECTION('',(-1.,0.,0.));
#9318 = ADVANCED_FACE('',(#9319),#9344,.F.);
#9319 = FACE_BOUND('',#9320,.T.);
#9320 = EDGE_LOOP('',(#9321,#9329,#9330,#9338));
#9321 = ORIENTED_EDGE('',*,*,#9322,.F.);
#9322 = EDGE_CURVE('',#9292,#9323,#9325,.T.);
#9323 = VERTEX_POINT('',#9324);
#9324 = CARTESIAN_POINT('',(-0.755,-0.1,-0.85));
#9325 = LINE('',#9326,#9327);
#9326 = CARTESIAN_POINT('',(-0.755,-0.1,-1.05));
#9327 = VECTOR('',#9328,1.);
#9328 = DIRECTION('',(0.,-1.355252715607E-16,1.));
#9329 = ORIENTED_EDGE('',*,*,#9308,.F.);
#9330 = ORIENTED_EDGE('',*,*,#9331,.T.);
#9331 = EDGE_CURVE('',#9301,#9332,#9334,.T.);
#9332 = VERTEX_POINT('',#9333);
#9333 = CARTESIAN_POINT('',(-0.545,-0.1,-0.85));
#9334 = LINE('',#9335,#9336);
#9335 = CARTESIAN_POINT('',(-0.545,-0.1,-1.05));
#9336 = VECTOR('',#9337,1.);
#9337 = DIRECTION('',(0.,-1.355252715607E-16,1.));
#9338 = ORIENTED_EDGE('',*,*,#9339,.T.);
#9339 = EDGE_CURVE('',#9332,#9323,#9340,.T.);
#9340 = LINE('',#9341,#9342);
#9341 = CARTESIAN_POINT('',(-0.545,-0.1,-0.85));
#9342 = VECTOR('',#9343,1.);
#9343 = DIRECTION('',(-1.,-0.,0.));
#9344 = PLANE('',#9345);
#9345 = AXIS2_PLACEMENT_3D('',#9346,#9347,#9348);
#9346 = CARTESIAN_POINT('',(-0.545,-0.1,-1.05));
#9347 = DIRECTION('',(0.,1.,1.355252715607E-16));
#9348 = DIRECTION('',(0.,1.355252715607E-16,-1.));
#9349 = ADVANCED_FACE('',(#9350),#9377,.T.);
#9350 = FACE_BOUND('',#9351,.T.);
#9351 = EDGE_LOOP('',(#9352,#9361,#9362,#9371));
#9352 = ORIENTED_EDGE('',*,*,#9353,.F.);
#9353 = EDGE_CURVE('',#9323,#9354,#9356,.T.);
#9354 = VERTEX_POINT('',#9355);
#9355 = CARTESIAN_POINT('',(-0.755,9.E-02,-0.66));
#9356 = CIRCLE('',#9357,0.19);
#9357 = AXIS2_PLACEMENT_3D('',#9358,#9359,#9360);
#9358 = CARTESIAN_POINT('',(-0.755,9.E-02,-0.85));
#9359 = DIRECTION('',(-1.,0.,-0.));
#9360 = DIRECTION('',(-0.,0.,1.));
#9361 = ORIENTED_EDGE('',*,*,#9339,.F.);
#9362 = ORIENTED_EDGE('',*,*,#9363,.T.);
#9363 = EDGE_CURVE('',#9332,#9364,#9366,.T.);
#9364 = VERTEX_POINT('',#9365);
#9365 = CARTESIAN_POINT('',(-0.545,9.E-02,-0.66));
#9366 = CIRCLE('',#9367,0.19);
#9367 = AXIS2_PLACEMENT_3D('',#9368,#9369,#9370);
#9368 = CARTESIAN_POINT('',(-0.545,9.E-02,-0.85));
#9369 = DIRECTION('',(-1.,0.,-0.));
#9370 = DIRECTION('',(-0.,0.,1.));
#9371 = ORIENTED_EDGE('',*,*,#9372,.T.);
#9372 = EDGE_CURVE('',#9364,#9354,#9373,.T.);
#9373 = LINE('',#9374,#9375);
#9374 = CARTESIAN_POINT('',(-0.545,9.E-02,-0.66));
#9375 = VECTOR('',#9376,1.);
#9376 = DIRECTION('',(-1.,-0.,0.));
#9377 = CYLINDRICAL_SURFACE('',#9378,0.19);
#9378 = AXIS2_PLACEMENT_3D('',#9379,#9380,#9381);
#9379 = CARTESIAN_POINT('',(-0.545,9.E-02,-0.85));
#9380 = DIRECTION('',(-1.,-0.,0.));
#9381 = DIRECTION('',(-0.,0.,-1.));
#9382 = ADVANCED_FACE('',(#9383),#9408,.F.);
#9383 = FACE_BOUND('',#9384,.T.);
#9384 = EDGE_LOOP('',(#9385,#9393,#9394,#9402));
#9385 = ORIENTED_EDGE('',*,*,#9386,.F.);
#9386 = EDGE_CURVE('',#9354,#9387,#9389,.T.);
#9387 = VERTEX_POINT('',#9388);
#9388 = CARTESIAN_POINT('',(-0.755,0.61,-0.66));
#9389 = LINE('',#9390,#9391);
#9390 = CARTESIAN_POINT('',(-0.755,9.E-02,-0.66));
#9391 = VECTOR('',#9392,1.);
#9392 = DIRECTION('',(0.,1.,-2.085004177857E-16));
#9393 = ORIENTED_EDGE('',*,*,#9372,.F.);
#9394 = ORIENTED_EDGE('',*,*,#9395,.T.);
#9395 = EDGE_CURVE('',#9364,#9396,#9398,.T.);
#9396 = VERTEX_POINT('',#9397);
#9397 = CARTESIAN_POINT('',(-0.545,0.61,-0.66));
#9398 = LINE('',#9399,#9400);
#9399 = CARTESIAN_POINT('',(-0.545,9.E-02,-0.66));
#9400 = VECTOR('',#9401,1.);
#9401 = DIRECTION('',(0.,1.,-2.085004177857E-16));
#9402 = ORIENTED_EDGE('',*,*,#9403,.T.);
#9403 = EDGE_CURVE('',#9396,#9387,#9404,.T.);
#9404 = LINE('',#9405,#9406);
#9405 = CARTESIAN_POINT('',(-0.545,0.61,-0.66));
#9406 = VECTOR('',#9407,1.);
#9407 = DIRECTION('',(-1.,-0.,0.));
#9408 = PLANE('',#9409);
#9409 = AXIS2_PLACEMENT_3D('',#9410,#9411,#9412);
#9410 = CARTESIAN_POINT('',(-0.545,9.E-02,-0.66));
#9411 = DIRECTION('',(0.,-2.085004177857E-16,-1.));
#9412 = DIRECTION('',(0.,-1.,2.085004177857E-16));
#9413 = ADVANCED_FACE('',(#9414),#9441,.F.);
#9414 = FACE_BOUND('',#9415,.F.);
#9415 = EDGE_LOOP('',(#9416,#9426,#9433,#9434));
#9416 = ORIENTED_EDGE('',*,*,#9417,.F.);
#9417 = EDGE_CURVE('',#9418,#9420,#9422,.T.);
#9418 = VERTEX_POINT('',#9419);
#9419 = CARTESIAN_POINT('',(-0.545,0.658914082476,-0.620364001909));
#9420 = VERTEX_POINT('',#9421);
#9421 = CARTESIAN_POINT('',(-0.755,0.658914082476,-0.620364001909));
#9422 = LINE('',#9423,#9424);
#9423 = CARTESIAN_POINT('',(-0.545,0.658914082476,-0.620364001909));
#9424 = VECTOR('',#9425,1.);
#9425 = DIRECTION('',(-1.,-0.,0.));
#9426 = ORIENTED_EDGE('',*,*,#9427,.F.);
#9427 = EDGE_CURVE('',#9396,#9418,#9428,.T.);
#9428 = CIRCLE('',#9429,5.E-02);
#9429 = AXIS2_PLACEMENT_3D('',#9430,#9431,#9432);
#9430 = CARTESIAN_POINT('',(-0.545,0.61,-0.61));
#9431 = DIRECTION('',(1.,0.,-0.));
#9432 = DIRECTION('',(0.,0.,1.));
#9433 = ORIENTED_EDGE('',*,*,#9403,.T.);
#9434 = ORIENTED_EDGE('',*,*,#9435,.T.);
#9435 = EDGE_CURVE('',#9387,#9420,#9436,.T.);
#9436 = CIRCLE('',#9437,5.E-02);
#9437 = AXIS2_PLACEMENT_3D('',#9438,#9439,#9440);
#9438 = CARTESIAN_POINT('',(-0.755,0.61,-0.61));
#9439 = DIRECTION('',(1.,0.,-0.));
#9440 = DIRECTION('',(0.,0.,1.));
#9441 = CYLINDRICAL_SURFACE('',#9442,5.E-02);
#9442 = AXIS2_PLACEMENT_3D('',#9443,#9444,#9445);
#9443 = CARTESIAN_POINT('',(-0.545,0.61,-0.61));
#9444 = DIRECTION('',(-1.,-0.,0.));
#9445 = DIRECTION('',(-0.,0.,-1.));
#9446 = ADVANCED_FACE('',(#9447),#9472,.F.);
#9447 = FACE_BOUND('',#9448,.T.);
#9448 = EDGE_LOOP('',(#9449,#9457,#9458,#9466));
#9449 = ORIENTED_EDGE('',*,*,#9450,.F.);
#9450 = EDGE_CURVE('',#9420,#9451,#9453,.T.);
#9451 = VERTEX_POINT('',#9452);
#9452 = CARTESIAN_POINT('',(-0.755,0.73,-0.625));
#9453 = LINE('',#9454,#9455);
#9454 = CARTESIAN_POINT('',(-0.755,0.658914082476,-0.620364001909));
#9455 = VECTOR('',#9456,1.);
#9456 = DIRECTION('',(0.,0.997880142439,-6.507857809422E-02));
#9457 = ORIENTED_EDGE('',*,*,#9417,.F.);
#9458 = ORIENTED_EDGE('',*,*,#9459,.T.);
#9459 = EDGE_CURVE('',#9418,#9460,#9462,.T.);
#9460 = VERTEX_POINT('',#9461);
#9461 = CARTESIAN_POINT('',(-0.545,0.73,-0.625));
#9462 = LINE('',#9463,#9464);
#9463 = CARTESIAN_POINT('',(-0.545,0.658914082476,-0.620364001909));
#9464 = VECTOR('',#9465,1.);
#9465 = DIRECTION('',(0.,0.997880142439,-6.507857809422E-02));
#9466 = ORIENTED_EDGE('',*,*,#9467,.T.);
#9467 = EDGE_CURVE('',#9460,#9451,#9468,.T.);
#9468 = LINE('',#9469,#9470);
#9469 = CARTESIAN_POINT('',(-0.545,0.73,-0.625));
#9470 = VECTOR('',#9471,1.);
#9471 = DIRECTION('',(-1.,-0.,0.));
#9472 = PLANE('',#9473);
#9473 = AXIS2_PLACEMENT_3D('',#9474,#9475,#9476);
#9474 = CARTESIAN_POINT('',(-0.545,0.658914082476,-0.620364001909));
#9475 = DIRECTION('',(0.,-6.507857809422E-02,-0.997880142439));
#9476 = DIRECTION('',(0.,-0.997880142439,6.507857809422E-02));
#9477 = ADVANCED_FACE('',(#9478),#9494,.F.);
#9478 = FACE_BOUND('',#9479,.T.);
#9479 = EDGE_LOOP('',(#9480,#9486,#9487,#9493));
#9480 = ORIENTED_EDGE('',*,*,#9481,.F.);
#9481 = EDGE_CURVE('',#9451,#9155,#9482,.T.);
#9482 = LINE('',#9483,#9484);
#9483 = CARTESIAN_POINT('',(-0.755,0.73,-0.625));
#9484 = VECTOR('',#9485,1.);
#9485 = DIRECTION('',(0.,0.984807753012,0.173648177667));
#9486 = ORIENTED_EDGE('',*,*,#9467,.F.);
#9487 = ORIENTED_EDGE('',*,*,#9488,.T.);
#9488 = EDGE_CURVE('',#9460,#9166,#9489,.T.);
#9489 = LINE('',#9490,#9491);
#9490 = CARTESIAN_POINT('',(-0.545,0.73,-0.625));
#9491 = VECTOR('',#9492,1.);
#9492 = DIRECTION('',(0.,0.984807753012,0.173648177667));
#9493 = ORIENTED_EDGE('',*,*,#9165,.T.);
#9494 = PLANE('',#9495);
#9495 = AXIS2_PLACEMENT_3D('',#9496,#9497,#9498);
#9496 = CARTESIAN_POINT('',(-0.545,0.73,-0.625));
#9497 = DIRECTION('',(0.,0.173648177667,-0.984807753012));
#9498 = DIRECTION('',(0.,-0.984807753012,-0.173648177667));
#9499 = ADVANCED_FACE('',(#9500),#9513,.T.);
#9500 = FACE_BOUND('',#9501,.T.);
#9501 = EDGE_LOOP('',(#9502,#9503,#9504,#9505,#9506,#9507,#9508,#9509,
    #9510,#9511,#9512));
#9502 = ORIENTED_EDGE('',*,*,#9173,.F.);
#9503 = ORIENTED_EDGE('',*,*,#9488,.F.);
#9504 = ORIENTED_EDGE('',*,*,#9459,.F.);
#9505 = ORIENTED_EDGE('',*,*,#9427,.F.);
#9506 = ORIENTED_EDGE('',*,*,#9395,.F.);
#9507 = ORIENTED_EDGE('',*,*,#9363,.F.);
#9508 = ORIENTED_EDGE('',*,*,#9331,.F.);
#9509 = ORIENTED_EDGE('',*,*,#9300,.F.);
#9510 = ORIENTED_EDGE('',*,*,#9269,.F.);
#9511 = ORIENTED_EDGE('',*,*,#9237,.F.);
#9512 = ORIENTED_EDGE('',*,*,#9205,.F.);
#9513 = PLANE('',#9514);
#9514 = AXIS2_PLACEMENT_3D('',#9515,#9516,#9517);
#9515 = CARTESIAN_POINT('',(-0.545,0.61,-0.61));
#9516 = DIRECTION('',(1.,0.,-0.));
#9517 = DIRECTION('',(0.,0.,1.));
#9518 = ADVANCED_FACE('',(#9519),#9532,.F.);
#9519 = FACE_BOUND('',#9520,.T.);
#9520 = EDGE_LOOP('',(#9521,#9522,#9523,#9524,#9525,#9526,#9527,#9528,
    #9529,#9530,#9531));
#9521 = ORIENTED_EDGE('',*,*,#9154,.T.);
#9522 = ORIENTED_EDGE('',*,*,#9196,.T.);
#9523 = ORIENTED_EDGE('',*,*,#9245,.T.);
#9524 = ORIENTED_EDGE('',*,*,#9260,.T.);
#9525 = ORIENTED_EDGE('',*,*,#9291,.T.);
#9526 = ORIENTED_EDGE('',*,*,#9322,.T.);
#9527 = ORIENTED_EDGE('',*,*,#9353,.T.);
#9528 = ORIENTED_EDGE('',*,*,#9386,.T.);
#9529 = ORIENTED_EDGE('',*,*,#9435,.T.);
#9530 = ORIENTED_EDGE('',*,*,#9450,.T.);
#9531 = ORIENTED_EDGE('',*,*,#9481,.T.);
#9532 = PLANE('',#9533);
#9533 = AXIS2_PLACEMENT_3D('',#9534,#9535,#9536);
#9534 = CARTESIAN_POINT('',(-0.755,0.61,-0.61));
#9535 = DIRECTION('',(1.,0.,-0.));
#9536 = DIRECTION('',(0.,0.,1.));
#9537 = MANIFOLD_SOLID_BREP('',#9538);
#9538 = CLOSED_SHELL('',(#9539,#9579,#9610,#9641,#9672,#9698,#9724,#9741
    ));
#9539 = ADVANCED_FACE('',(#9540),#9574,.F.);
#9540 = FACE_BOUND('',#9541,.T.);
#9541 = EDGE_LOOP('',(#9542,#9552,#9560,#9568));
#9542 = ORIENTED_EDGE('',*,*,#9543,.T.);
#9543 = EDGE_CURVE('',#9544,#9546,#9548,.T.);
#9544 = VERTEX_POINT('',#9545);
#9545 = CARTESIAN_POINT('',(-1.,1.,-0.577391715209));
#9546 = VERTEX_POINT('',#9547);
#9547 = CARTESIAN_POINT('',(-1.,1.,0.577391715209));
#9548 = LINE('',#9549,#9550);
#9549 = CARTESIAN_POINT('',(-1.,1.,0.577391715209));
#9550 = VECTOR('',#9551,1.);
#9551 = DIRECTION('',(-0.,-0.,1.));
#9552 = ORIENTED_EDGE('',*,*,#9553,.F.);
#9553 = EDGE_CURVE('',#9554,#9546,#9556,.T.);
#9554 = VERTEX_POINT('',#9555);
#9555 = CARTESIAN_POINT('',(1.,1.,0.577391715209));
#9556 = LINE('',#9557,#9558);
#9557 = CARTESIAN_POINT('',(1.,1.,0.577391715209));
#9558 = VECTOR('',#9559,1.);
#9559 = DIRECTION('',(-1.,-0.,-0.));
#9560 = ORIENTED_EDGE('',*,*,#9561,.F.);
#9561 = EDGE_CURVE('',#9562,#9554,#9564,.T.);
#9562 = VERTEX_POINT('',#9563);
#9563 = CARTESIAN_POINT('',(1.,1.,-0.577391715209));
#9564 = LINE('',#9565,#9566);
#9565 = CARTESIAN_POINT('',(1.,1.,0.577391715209));
#9566 = VECTOR('',#9567,1.);
#9567 = DIRECTION('',(-0.,-0.,1.));
#9568 = ORIENTED_EDGE('',*,*,#9569,.T.);
#9569 = EDGE_CURVE('',#9562,#9544,#9570,.T.);
#9570 = LINE('',#9571,#9572);
#9571 = CARTESIAN_POINT('',(1.,1.,-0.577391715209));
#9572 = VECTOR('',#9573,1.);
#9573 = DIRECTION('',(-1.,-0.,0.));
#9574 = PLANE('',#9575);
#9575 = AXIS2_PLACEMENT_3D('',#9576,#9577,#9578);
#9576 = CARTESIAN_POINT('',(1.,1.,0.577391715209));
#9577 = DIRECTION('',(0.,-1.,0.));
#9578 = DIRECTION('',(0.,-0.,-1.));
#9579 = ADVANCED_FACE('',(#9580),#9605,.F.);
#9580 = FACE_BOUND('',#9581,.T.);
#9581 = EDGE_LOOP('',(#9582,#9590,#9598,#9604));
#9582 = ORIENTED_EDGE('',*,*,#9583,.T.);
#9583 = EDGE_CURVE('',#9546,#9584,#9586,.T.);
#9584 = VERTEX_POINT('',#9585);
#9585 = CARTESIAN_POINT('',(-1.,0.73,0.625));
#9586 = LINE('',#9587,#9588);
#9587 = CARTESIAN_POINT('',(-1.,0.73,0.625));
#9588 = VECTOR('',#9589,1.);
#9589 = DIRECTION('',(-0.,-0.984807753012,0.173648177667));
#9590 = ORIENTED_EDGE('',*,*,#9591,.F.);
#9591 = EDGE_CURVE('',#9592,#9584,#9594,.T.);
#9592 = VERTEX_POINT('',#9593);
#9593 = CARTESIAN_POINT('',(1.,0.73,0.625));
#9594 = LINE('',#9595,#9596);
#9595 = CARTESIAN_POINT('',(1.,0.73,0.625));
#9596 = VECTOR('',#9597,1.);
#9597 = DIRECTION('',(-1.,-0.,-0.));
#9598 = ORIENTED_EDGE('',*,*,#9599,.F.);
#9599 = EDGE_CURVE('',#9554,#9592,#9600,.T.);
#9600 = LINE('',#9601,#9602);
#9601 = CARTESIAN_POINT('',(1.,0.73,0.625));
#9602 = VECTOR('',#9603,1.);
#9603 = DIRECTION('',(-0.,-0.984807753012,0.173648177667));
#9604 = ORIENTED_EDGE('',*,*,#9553,.T.);
#9605 = PLANE('',#9606);
#9606 = AXIS2_PLACEMENT_3D('',#9607,#9608,#9609);
#9607 = CARTESIAN_POINT('',(1.,0.73,0.625));
#9608 = DIRECTION('',(0.,-0.173648177667,-0.984807753012));
#9609 = DIRECTION('',(0.,0.984807753012,-0.173648177667));
#9610 = ADVANCED_FACE('',(#9611),#9636,.F.);
#9611 = FACE_BOUND('',#9612,.T.);
#9612 = EDGE_LOOP('',(#9613,#9621,#9629,#9635));
#9613 = ORIENTED_EDGE('',*,*,#9614,.T.);
#9614 = EDGE_CURVE('',#9584,#9615,#9617,.T.);
#9615 = VERTEX_POINT('',#9616);
#9616 = CARTESIAN_POINT('',(-1.,-7.071009158846E-17,0.577391715209));
#9617 = LINE('',#9618,#9619);
#9618 = CARTESIAN_POINT('',(-1.,-7.071009158846E-17,0.577391715209));
#9619 = VECTOR('',#9620,1.);
#9620 = DIRECTION('',(-0.,-0.997880142439,-6.507857809422E-02));
#9621 = ORIENTED_EDGE('',*,*,#9622,.F.);
#9622 = EDGE_CURVE('',#9623,#9615,#9625,.T.);
#9623 = VERTEX_POINT('',#9624);
#9624 = CARTESIAN_POINT('',(1.,-7.071009158846E-17,0.577391715209));
#9625 = LINE('',#9626,#9627);
#9626 = CARTESIAN_POINT('',(1.,-7.071009158846E-17,0.577391715209));
#9627 = VECTOR('',#9628,1.);
#9628 = DIRECTION('',(-1.,-0.,-0.));
#9629 = ORIENTED_EDGE('',*,*,#9630,.F.);
#9630 = EDGE_CURVE('',#9592,#9623,#9631,.T.);
#9631 = LINE('',#9632,#9633);
#9632 = CARTESIAN_POINT('',(1.,-7.071009158846E-17,0.577391715209));
#9633 = VECTOR('',#9634,1.);
#9634 = DIRECTION('',(-0.,-0.997880142439,-6.507857809422E-02));
#9635 = ORIENTED_EDGE('',*,*,#9591,.T.);
#9636 = PLANE('',#9637);
#9637 = AXIS2_PLACEMENT_3D('',#9638,#9639,#9640);
#9638 = CARTESIAN_POINT('',(1.,-7.071009158846E-17,0.577391715209));
#9639 = DIRECTION('',(0.,6.507857809422E-02,-0.997880142439));
#9640 = DIRECTION('',(0.,0.997880142439,6.507857809422E-02));
#9641 = ADVANCED_FACE('',(#9642),#9667,.F.);
#9642 = FACE_BOUND('',#9643,.T.);
#9643 = EDGE_LOOP('',(#9644,#9652,#9660,#9666));
#9644 = ORIENTED_EDGE('',*,*,#9645,.T.);
#9645 = EDGE_CURVE('',#9615,#9646,#9648,.T.);
#9646 = VERTEX_POINT('',#9647);
#9647 = CARTESIAN_POINT('',(-1.,-7.071009158846E-17,-0.577391715209));
#9648 = LINE('',#9649,#9650);
#9649 = CARTESIAN_POINT('',(-1.,0.,0.));
#9650 = VECTOR('',#9651,1.);
#9651 = DIRECTION('',(-0.,1.224646799147E-16,-1.));
#9652 = ORIENTED_EDGE('',*,*,#9653,.F.);
#9653 = EDGE_CURVE('',#9654,#9646,#9656,.T.);
#9654 = VERTEX_POINT('',#9655);
#9655 = CARTESIAN_POINT('',(1.,-7.071009158846E-17,-0.577391715209));
#9656 = LINE('',#9657,#9658);
#9657 = CARTESIAN_POINT('',(1.,-7.071009158846E-17,-0.577391715209));
#9658 = VECTOR('',#9659,1.);
#9659 = DIRECTION('',(-1.,-0.,0.));
#9660 = ORIENTED_EDGE('',*,*,#9661,.F.);
#9661 = EDGE_CURVE('',#9623,#9654,#9662,.T.);
#9662 = LINE('',#9663,#9664);
#9663 = CARTESIAN_POINT('',(1.,0.,0.));
#9664 = VECTOR('',#9665,1.);
#9665 = DIRECTION('',(-0.,1.224646799147E-16,-1.));
#9666 = ORIENTED_EDGE('',*,*,#9622,.T.);
#9667 = PLANE('',#9668);
#9668 = AXIS2_PLACEMENT_3D('',#9669,#9670,#9671);
#9669 = CARTESIAN_POINT('',(1.,0.,0.));
#9670 = DIRECTION('',(-0.,1.,1.224646799147E-16));
#9671 = DIRECTION('',(0.,-1.224646799147E-16,1.));
#9672 = ADVANCED_FACE('',(#9673),#9693,.F.);
#9673 = FACE_BOUND('',#9674,.T.);
#9674 = EDGE_LOOP('',(#9675,#9676,#9684,#9690,#9691,#9692));
#9675 = ORIENTED_EDGE('',*,*,#9661,.T.);
#9676 = ORIENTED_EDGE('',*,*,#9677,.F.);
#9677 = EDGE_CURVE('',#9678,#9654,#9680,.T.);
#9678 = VERTEX_POINT('',#9679);
#9679 = CARTESIAN_POINT('',(1.,0.73,-0.625));
#9680 = LINE('',#9681,#9682);
#9681 = CARTESIAN_POINT('',(1.,-7.071009158846E-17,-0.577391715209));
#9682 = VECTOR('',#9683,1.);
#9683 = DIRECTION('',(-0.,-0.997880142439,6.507857809422E-02));
#9684 = ORIENTED_EDGE('',*,*,#9685,.F.);
#9685 = EDGE_CURVE('',#9562,#9678,#9686,.T.);
#9686 = LINE('',#9687,#9688);
#9687 = CARTESIAN_POINT('',(1.,0.73,-0.625));
#9688 = VECTOR('',#9689,1.);
#9689 = DIRECTION('',(0.,-0.984807753012,-0.173648177667));
#9690 = ORIENTED_EDGE('',*,*,#9561,.T.);
#9691 = ORIENTED_EDGE('',*,*,#9599,.T.);
#9692 = ORIENTED_EDGE('',*,*,#9630,.T.);
#9693 = PLANE('',#9694);
#9694 = AXIS2_PLACEMENT_3D('',#9695,#9696,#9697);
#9695 = CARTESIAN_POINT('',(1.,0.,0.));
#9696 = DIRECTION('',(-1.,0.,0.));
#9697 = DIRECTION('',(0.,0.,1.));
#9698 = ADVANCED_FACE('',(#9699),#9719,.T.);
#9699 = FACE_BOUND('',#9700,.T.);
#9700 = EDGE_LOOP('',(#9701,#9702,#9710,#9716,#9717,#9718));
#9701 = ORIENTED_EDGE('',*,*,#9543,.F.);
#9702 = ORIENTED_EDGE('',*,*,#9703,.T.);
#9703 = EDGE_CURVE('',#9544,#9704,#9706,.T.);
#9704 = VERTEX_POINT('',#9705);
#9705 = CARTESIAN_POINT('',(-1.,0.73,-0.625));
#9706 = LINE('',#9707,#9708);
#9707 = CARTESIAN_POINT('',(-1.,0.73,-0.625));
#9708 = VECTOR('',#9709,1.);
#9709 = DIRECTION('',(0.,-0.984807753012,-0.173648177667));
#9710 = ORIENTED_EDGE('',*,*,#9711,.T.);
#9711 = EDGE_CURVE('',#9704,#9646,#9712,.T.);
#9712 = LINE('',#9713,#9714);
#9713 = CARTESIAN_POINT('',(-1.,-7.071009158846E-17,-0.577391715209));
#9714 = VECTOR('',#9715,1.);
#9715 = DIRECTION('',(-0.,-0.997880142439,6.507857809422E-02));
#9716 = ORIENTED_EDGE('',*,*,#9645,.F.);
#9717 = ORIENTED_EDGE('',*,*,#9614,.F.);
#9718 = ORIENTED_EDGE('',*,*,#9583,.F.);
#9719 = PLANE('',#9720);
#9720 = AXIS2_PLACEMENT_3D('',#9721,#9722,#9723);
#9721 = CARTESIAN_POINT('',(-1.,0.,0.));
#9722 = DIRECTION('',(-1.,0.,0.));
#9723 = DIRECTION('',(0.,0.,1.));
#9724 = ADVANCED_FACE('',(#9725),#9736,.F.);
#9725 = FACE_BOUND('',#9726,.T.);
#9726 = EDGE_LOOP('',(#9727,#9728,#9729,#9730));
#9727 = ORIENTED_EDGE('',*,*,#9703,.F.);
#9728 = ORIENTED_EDGE('',*,*,#9569,.F.);
#9729 = ORIENTED_EDGE('',*,*,#9685,.T.);
#9730 = ORIENTED_EDGE('',*,*,#9731,.T.);
#9731 = EDGE_CURVE('',#9678,#9704,#9732,.T.);
#9732 = LINE('',#9733,#9734);
#9733 = CARTESIAN_POINT('',(1.,0.73,-0.625));
#9734 = VECTOR('',#9735,1.);
#9735 = DIRECTION('',(-1.,-0.,0.));
#9736 = PLANE('',#9737);
#9737 = AXIS2_PLACEMENT_3D('',#9738,#9739,#9740);
#9738 = CARTESIAN_POINT('',(1.,0.73,-0.625));
#9739 = DIRECTION('',(0.,-0.173648177667,0.984807753012));
#9740 = DIRECTION('',(0.,0.984807753012,0.173648177667));
#9741 = ADVANCED_FACE('',(#9742),#9748,.F.);
#9742 = FACE_BOUND('',#9743,.T.);
#9743 = EDGE_LOOP('',(#9744,#9745,#9746,#9747));
#9744 = ORIENTED_EDGE('',*,*,#9711,.F.);
#9745 = ORIENTED_EDGE('',*,*,#9731,.F.);
#9746 = ORIENTED_EDGE('',*,*,#9677,.T.);
#9747 = ORIENTED_EDGE('',*,*,#9653,.T.);
#9748 = PLANE('',#9749);
#9749 = AXIS2_PLACEMENT_3D('',#9750,#9751,#9752);
#9750 = CARTESIAN_POINT('',(1.,-7.071009158846E-17,-0.577391715209));
#9751 = DIRECTION('',(0.,6.507857809422E-02,0.997880142439));
#9752 = DIRECTION('',(0.,0.997880142439,-6.507857809422E-02));
#9753 = ( GEOMETRIC_REPRESENTATION_CONTEXT(3) 
GLOBAL_UNCERTAINTY_ASSIGNED_CONTEXT((#9757)) 
GLOBAL_UNIT_ASSIGNED_CONTEXT((#9754,#9755,#9756)) REPRESENTATION_CONTEXT
('Context #1','3D Context with UNIT and UNCERTAINTY') );
#9754 = ( LENGTH_UNIT() NAMED_UNIT(*) SI_UNIT(.MILLI.,.METRE.) );
#9755 = ( NAMED_UNIT(*) PLANE_ANGLE_UNIT() SI_UNIT($,.RADIAN.) );
#9756 = ( NAMED_UNIT(*) SI_UNIT($,.STERADIAN.) SOLID_ANGLE_UNIT() );
#9757 = UNCERTAINTY_MEASURE_WITH_UNIT(LENGTH_MEASURE(1.E-07),#9754,
  'distance_accuracy_value','confusion accuracy');
#9758 = CONTEXT_DEPENDENT_SHAPE_REPRESENTATION(#9759,#9761);
#9759 = ( REPRESENTATION_RELATIONSHIP('','',#7202,#7179) 
REPRESENTATION_RELATIONSHIP_WITH_TRANSFORMATION(#9760) 
SHAPE_REPRESENTATION_RELATIONSHIP() );
#9760 = ITEM_DEFINED_TRANSFORMATION('','',#11,#7180);
#9761 = PRODUCT_DEFINITION_SHAPE('Placement','Placement of an item',
  #9762);
#9762 = NEXT_ASSEMBLY_USAGE_OCCURRENCE('10','=>[0:1:1:9]','',#7174,#7197
  ,$);
#9763 = PRODUCT_RELATED_PRODUCT_CATEGORY('part',$,(#7199));
#9764 = CONTEXT_DEPENDENT_SHAPE_REPRESENTATION(#9765,#9767);
#9765 = ( REPRESENTATION_RELATIONSHIP('','',#92,#10) 
REPRESENTATION_RELATIONSHIP_WITH_TRANSFORMATION(#9766) 
SHAPE_REPRESENTATION_RELATIONSHIP() );
#9766 = ITEM_DEFINED_TRANSFORMATION('','',#11,#43);
#9767 = PRODUCT_DEFINITION_SHAPE('Placement','Placement of an item',
  #9768);
#9768 = NEXT_ASSEMBLY_USAGE_OCCURRENCE('12','C5','',#5,#87,$);
#9769 = SHAPE_DEFINITION_REPRESENTATION(#9770,#9776);
#9770 = PRODUCT_DEFINITION_SHAPE('','',#9771);
#9771 = PRODUCT_DEFINITION('design','',#9772,#9775);
#9772 = PRODUCT_DEFINITION_FORMATION('','',#9773);
#9773 = PRODUCT('1210C_tantal','1210C_tantal','',(#9774));
#9774 = PRODUCT_CONTEXT('',#2,'mechanical');
#9775 = PRODUCT_DEFINITION_CONTEXT('part definition',#2,'design');
#9776 = SHAPE_REPRESENTATION('',(#11,#9777),#9781);
#9777 = AXIS2_PLACEMENT_3D('',#9778,#9779,#9780);
#9778 = CARTESIAN_POINT('',(0.,0.,0.));
#9779 = DIRECTION('',(0.,0.,1.));
#9780 = DIRECTION('',(1.,0.,-0.));
#9781 = ( GEOMETRIC_REPRESENTATION_CONTEXT(3) 
GLOBAL_UNCERTAINTY_ASSIGNED_CONTEXT((#9785)) 
GLOBAL_UNIT_ASSIGNED_CONTEXT((#9782,#9783,#9784)) REPRESENTATION_CONTEXT
('Context #1','3D Context with UNIT and UNCERTAINTY') );
#9782 = ( LENGTH_UNIT() NAMED_UNIT(*) SI_UNIT(.MILLI.,.METRE.) );
#9783 = ( NAMED_UNIT(*) PLANE_ANGLE_UNIT() SI_UNIT($,.RADIAN.) );
#9784 = ( NAMED_UNIT(*) SI_UNIT($,.STERADIAN.) SOLID_ANGLE_UNIT() );
#9785 = UNCERTAINTY_MEASURE_WITH_UNIT(LENGTH_MEASURE(1.E-07),#9782,
  'distance_accuracy_value','confusion accuracy');
#9786 = CONTEXT_DEPENDENT_SHAPE_REPRESENTATION(#9787,#9789);
#9787 = ( REPRESENTATION_RELATIONSHIP('','',#9776,#10) 
REPRESENTATION_RELATIONSHIP_WITH_TRANSFORMATION(#9788) 
SHAPE_REPRESENTATION_RELATIONSHIP() );
#9788 = ITEM_DEFINED_TRANSFORMATION('','',#11,#47);
#9789 = PRODUCT_DEFINITION_SHAPE('Placement','Placement of an item',
  #9790);
#9790 = NEXT_ASSEMBLY_USAGE_OCCURRENCE('14','C2','',#5,#9771,$);
#9791 = PRODUCT_RELATED_PRODUCT_CATEGORY('part',$,(#9773));
#9792 = SHAPE_DEFINITION_REPRESENTATION(#9793,#9799);
#9793 = PRODUCT_DEFINITION_SHAPE('','',#9794);
#9794 = PRODUCT_DEFINITION('design','',#9795,#9798);
#9795 = PRODUCT_DEFINITION_FORMATION('','',#9796);
#9796 = PRODUCT('TCJB106M035R0200','TCJB106M035R0200','',(#9797));
#9797 = PRODUCT_CONTEXT('',#2,'mechanical');
#9798 = PRODUCT_DEFINITION_CONTEXT('part definition',#2,'design');
#9799 = SHAPE_REPRESENTATION('',(#11,#9800,#10490,#11180,#11528),#11678
  );
#9800 = MANIFOLD_SOLID_BREP('',#9801);
#9801 = CLOSED_SHELL('',(#9802,#9844,#9875,#9906,#9937,#9970,#10010,
    #10043,#10097,#10130,#10161,#10192,#10223,#10256,#10310,#10343,
    #10374,#10396,#10416,#10436,#10457,#10478));
#9802 = ADVANCED_FACE('',(#9803),#9839,.F.);
#9803 = FACE_BOUND('',#9804,.F.);
#9804 = EDGE_LOOP('',(#9805,#9816,#9824,#9833));
#9805 = ORIENTED_EDGE('',*,*,#9806,.F.);
#9806 = EDGE_CURVE('',#9807,#9809,#9811,.T.);
#9807 = VERTEX_POINT('',#9808);
#9808 = CARTESIAN_POINT('',(-1.6,1.025,-1.1));
#9809 = VERTEX_POINT('',#9810);
#9810 = CARTESIAN_POINT('',(-1.525,1.1,-1.1));
#9811 = CIRCLE('',#9812,7.5E-02);
#9812 = AXIS2_PLACEMENT_3D('',#9813,#9814,#9815);
#9813 = CARTESIAN_POINT('',(-1.525,1.025,-1.1));
#9814 = DIRECTION('',(-0.,0.,-1.));
#9815 = DIRECTION('',(-1.,0.,0.));
#9816 = ORIENTED_EDGE('',*,*,#9817,.F.);
#9817 = EDGE_CURVE('',#9818,#9807,#9820,.T.);
#9818 = VERTEX_POINT('',#9819);
#9819 = CARTESIAN_POINT('',(-1.6,1.025,-0.5));
#9820 = LINE('',#9821,#9822);
#9821 = CARTESIAN_POINT('',(-1.6,1.025,1.1));
#9822 = VECTOR('',#9823,1.);
#9823 = DIRECTION('',(-0.,-0.,-1.));
#9824 = ORIENTED_EDGE('',*,*,#9825,.F.);
#9825 = EDGE_CURVE('',#9826,#9818,#9828,.T.);
#9826 = VERTEX_POINT('',#9827);
#9827 = CARTESIAN_POINT('',(-1.525,1.1,-0.5));
#9828 = CIRCLE('',#9829,7.5E-02);
#9829 = AXIS2_PLACEMENT_3D('',#9830,#9831,#9832);
#9830 = CARTESIAN_POINT('',(-1.525,1.025,-0.5));
#9831 = DIRECTION('',(0.,-0.,1.));
#9832 = DIRECTION('',(-1.,0.,0.));
#9833 = ORIENTED_EDGE('',*,*,#9834,.T.);
#9834 = EDGE_CURVE('',#9826,#9809,#9835,.T.);
#9835 = LINE('',#9836,#9837);
#9836 = CARTESIAN_POINT('',(-1.525,1.1,1.1));
#9837 = VECTOR('',#9838,1.);
#9838 = DIRECTION('',(-0.,-0.,-1.));
#9839 = CYLINDRICAL_SURFACE('',#9840,7.5E-02);
#9840 = AXIS2_PLACEMENT_3D('',#9841,#9842,#9843);
#9841 = CARTESIAN_POINT('',(-1.525,1.025,1.1));
#9842 = DIRECTION('',(-0.,-0.,-1.));
#9843 = DIRECTION('',(-1.,0.,0.));
#9844 = ADVANCED_FACE('',(#9845),#9870,.F.);
#9845 = FACE_BOUND('',#9846,.T.);
#9846 = EDGE_LOOP('',(#9847,#9857,#9863,#9864));
#9847 = ORIENTED_EDGE('',*,*,#9848,.F.);
#9848 = EDGE_CURVE('',#9849,#9851,#9853,.T.);
#9849 = VERTEX_POINT('',#9850);
#9850 = CARTESIAN_POINT('',(-1.5,1.1,-0.5));
#9851 = VERTEX_POINT('',#9852);
#9852 = CARTESIAN_POINT('',(-1.5,1.1,-1.1));
#9853 = LINE('',#9854,#9855);
#9854 = CARTESIAN_POINT('',(-1.5,1.1,1.1));
#9855 = VECTOR('',#9856,1.);
#9856 = DIRECTION('',(-0.,-0.,-1.));
#9857 = ORIENTED_EDGE('',*,*,#9858,.T.);
#9858 = EDGE_CURVE('',#9849,#9826,#9859,.T.);
#9859 = LINE('',#9860,#9861);
#9860 = CARTESIAN_POINT('',(-1.5,1.1,-0.5));
#9861 = VECTOR('',#9862,1.);
#9862 = DIRECTION('',(-1.,0.,0.));
#9863 = ORIENTED_EDGE('',*,*,#9834,.T.);
#9864 = ORIENTED_EDGE('',*,*,#9865,.T.);
#9865 = EDGE_CURVE('',#9809,#9851,#9866,.T.);
#9866 = LINE('',#9867,#9868);
#9867 = CARTESIAN_POINT('',(-1.5,1.1,-1.1));
#9868 = VECTOR('',#9869,1.);
#9869 = DIRECTION('',(1.,-0.,-0.));
#9870 = PLANE('',#9871);
#9871 = AXIS2_PLACEMENT_3D('',#9872,#9873,#9874);
#9872 = CARTESIAN_POINT('',(-1.5,1.1,1.1));
#9873 = DIRECTION('',(0.,1.,-0.));
#9874 = DIRECTION('',(0.,0.,1.));
#9875 = ADVANCED_FACE('',(#9876),#9901,.F.);
#9876 = FACE_BOUND('',#9877,.T.);
#9877 = EDGE_LOOP('',(#9878,#9888,#9894,#9895));
#9878 = ORIENTED_EDGE('',*,*,#9879,.F.);
#9879 = EDGE_CURVE('',#9880,#9882,#9884,.T.);
#9880 = VERTEX_POINT('',#9881);
#9881 = CARTESIAN_POINT('',(-1.5,1.25,-0.5));
#9882 = VERTEX_POINT('',#9883);
#9883 = CARTESIAN_POINT('',(-1.5,1.25,-1.1));
#9884 = LINE('',#9885,#9886);
#9885 = CARTESIAN_POINT('',(-1.5,1.25,1.1));
#9886 = VECTOR('',#9887,1.);
#9887 = DIRECTION('',(-0.,-0.,-1.));
#9888 = ORIENTED_EDGE('',*,*,#9889,.T.);
#9889 = EDGE_CURVE('',#9880,#9849,#9890,.T.);
#9890 = LINE('',#9891,#9892);
#9891 = CARTESIAN_POINT('',(-1.5,1.25,-0.5));
#9892 = VECTOR('',#9893,1.);
#9893 = DIRECTION('',(0.,-1.,0.));
#9894 = ORIENTED_EDGE('',*,*,#9848,.T.);
#9895 = ORIENTED_EDGE('',*,*,#9896,.T.);
#9896 = EDGE_CURVE('',#9851,#9882,#9897,.T.);
#9897 = LINE('',#9898,#9899);
#9898 = CARTESIAN_POINT('',(-1.5,1.25,-1.1));
#9899 = VECTOR('',#9900,1.);
#9900 = DIRECTION('',(-0.,1.,-0.));
#9901 = PLANE('',#9902);
#9902 = AXIS2_PLACEMENT_3D('',#9903,#9904,#9905);
#9903 = CARTESIAN_POINT('',(-1.5,1.25,1.1));
#9904 = DIRECTION('',(-1.,0.,0.));
#9905 = DIRECTION('',(0.,0.,1.));
#9906 = ADVANCED_FACE('',(#9907),#9932,.F.);
#9907 = FACE_BOUND('',#9908,.T.);
#9908 = EDGE_LOOP('',(#9909,#9919,#9925,#9926));
#9909 = ORIENTED_EDGE('',*,*,#9910,.F.);
#9910 = EDGE_CURVE('',#9911,#9913,#9915,.T.);
#9911 = VERTEX_POINT('',#9912);
#9912 = CARTESIAN_POINT('',(-1.525,1.25,-0.5));
#9913 = VERTEX_POINT('',#9914);
#9914 = CARTESIAN_POINT('',(-1.525,1.25,-1.1));
#9915 = LINE('',#9916,#9917);
#9916 = CARTESIAN_POINT('',(-1.525,1.25,1.1));
#9917 = VECTOR('',#9918,1.);
#9918 = DIRECTION('',(-0.,-0.,-1.));
#9919 = ORIENTED_EDGE('',*,*,#9920,.F.);
#9920 = EDGE_CURVE('',#9880,#9911,#9921,.T.);
#9921 = LINE('',#9922,#9923);
#9922 = CARTESIAN_POINT('',(-1.5,1.25,-0.5));
#9923 = VECTOR('',#9924,1.);
#9924 = DIRECTION('',(-1.,-0.,-0.));
#9925 = ORIENTED_EDGE('',*,*,#9879,.T.);
#9926 = ORIENTED_EDGE('',*,*,#9927,.T.);
#9927 = EDGE_CURVE('',#9882,#9913,#9928,.T.);
#9928 = LINE('',#9929,#9930);
#9929 = CARTESIAN_POINT('',(-1.525,1.25,-1.1));
#9930 = VECTOR('',#9931,1.);
#9931 = DIRECTION('',(-1.,-0.,-0.));
#9932 = PLANE('',#9933);
#9933 = AXIS2_PLACEMENT_3D('',#9934,#9935,#9936);
#9934 = CARTESIAN_POINT('',(-1.525,1.25,1.1));
#9935 = DIRECTION('',(0.,-1.,0.));
#9936 = DIRECTION('',(0.,-0.,-1.));
#9937 = ADVANCED_FACE('',(#9938),#9965,.T.);
#9938 = FACE_BOUND('',#9939,.T.);
#9939 = EDGE_LOOP('',(#9940,#9950,#9957,#9958));
#9940 = ORIENTED_EDGE('',*,*,#9941,.F.);
#9941 = EDGE_CURVE('',#9942,#9944,#9946,.T.);
#9942 = VERTEX_POINT('',#9943);
#9943 = CARTESIAN_POINT('',(-1.75,1.025,-0.5));
#9944 = VERTEX_POINT('',#9945);
#9945 = CARTESIAN_POINT('',(-1.75,1.025,-1.1));
#9946 = LINE('',#9947,#9948);
#9947 = CARTESIAN_POINT('',(-1.75,1.025,1.1));
#9948 = VECTOR('',#9949,1.);
#9949 = DIRECTION('',(-0.,-0.,-1.));
#9950 = ORIENTED_EDGE('',*,*,#9951,.T.);
#9951 = EDGE_CURVE('',#9942,#9911,#9952,.T.);
#9952 = CIRCLE('',#9953,0.225);
#9953 = AXIS2_PLACEMENT_3D('',#9954,#9955,#9956);
#9954 = CARTESIAN_POINT('',(-1.525,1.025,-0.5));
#9955 = DIRECTION('',(0.,0.,-1.));
#9956 = DIRECTION('',(-1.,0.,0.));
#9957 = ORIENTED_EDGE('',*,*,#9910,.T.);
#9958 = ORIENTED_EDGE('',*,*,#9959,.T.);
#9959 = EDGE_CURVE('',#9913,#9944,#9960,.T.);
#9960 = CIRCLE('',#9961,0.225);
#9961 = AXIS2_PLACEMENT_3D('',#9962,#9963,#9964);
#9962 = CARTESIAN_POINT('',(-1.525,1.025,-1.1));
#9963 = DIRECTION('',(0.,0.,1.));
#9964 = DIRECTION('',(-1.,0.,0.));
#9965 = CYLINDRICAL_SURFACE('',#9966,0.225);
#9966 = AXIS2_PLACEMENT_3D('',#9967,#9968,#9969);
#9967 = CARTESIAN_POINT('',(-1.525,1.025,1.1));
#9968 = DIRECTION('',(-0.,-0.,-1.));
#9969 = DIRECTION('',(-1.,0.,0.));
#9970 = ADVANCED_FACE('',(#9971),#10005,.F.);
#9971 = FACE_BOUND('',#9972,.T.);
#9972 = EDGE_LOOP('',(#9973,#9983,#9991,#9999));
#9973 = ORIENTED_EDGE('',*,*,#9974,.T.);
#9974 = EDGE_CURVE('',#9975,#9977,#9979,.T.);
#9975 = VERTEX_POINT('',#9976);
#9976 = CARTESIAN_POINT('',(-0.95,0.15,-1.1));
#9977 = VERTEX_POINT('',#9978);
#9978 = CARTESIAN_POINT('',(-1.525,0.15,-1.1));
#9979 = LINE('',#9980,#9981);
#9980 = CARTESIAN_POINT('',(-1.525,0.15,-1.1));
#9981 = VECTOR('',#9982,1.);
#9982 = DIRECTION('',(-1.,-0.,-0.));
#9983 = ORIENTED_EDGE('',*,*,#9984,.F.);
#9984 = EDGE_CURVE('',#9985,#9977,#9987,.T.);
#9985 = VERTEX_POINT('',#9986);
#9986 = CARTESIAN_POINT('',(-1.525,0.15,1.1));
#9987 = LINE('',#9988,#9989);
#9988 = CARTESIAN_POINT('',(-1.525,0.15,1.1));
#9989 = VECTOR('',#9990,1.);
#9990 = DIRECTION('',(-0.,-0.,-1.));
#9991 = ORIENTED_EDGE('',*,*,#9992,.F.);
#9992 = EDGE_CURVE('',#9993,#9985,#9995,.T.);
#9993 = VERTEX_POINT('',#9994);
#9994 = CARTESIAN_POINT('',(-0.95,0.15,1.1));
#9995 = LINE('',#9996,#9997);
#9996 = CARTESIAN_POINT('',(-1.525,0.15,1.1));
#9997 = VECTOR('',#9998,1.);
#9998 = DIRECTION('',(-1.,-0.,-0.));
#9999 = ORIENTED_EDGE('',*,*,#10000,.T.);
#10000 = EDGE_CURVE('',#9993,#9975,#10001,.T.);
#10001 = LINE('',#10002,#10003);
#10002 = CARTESIAN_POINT('',(-0.95,0.15,1.1));
#10003 = VECTOR('',#10004,1.);
#10004 = DIRECTION('',(-0.,-0.,-1.));
#10005 = PLANE('',#10006);
#10006 = AXIS2_PLACEMENT_3D('',#10007,#10008,#10009);
#10007 = CARTESIAN_POINT('',(-1.525,0.15,1.1));
#10008 = DIRECTION('',(0.,-1.,0.));
#10009 = DIRECTION('',(0.,-0.,-1.));
#10010 = ADVANCED_FACE('',(#10011),#10038,.F.);
#10011 = FACE_BOUND('',#10012,.F.);
#10012 = EDGE_LOOP('',(#10013,#10014,#10023,#10031));
#10013 = ORIENTED_EDGE('',*,*,#9984,.F.);
#10014 = ORIENTED_EDGE('',*,*,#10015,.T.);
#10015 = EDGE_CURVE('',#9985,#10016,#10018,.T.);
#10016 = VERTEX_POINT('',#10017);
#10017 = CARTESIAN_POINT('',(-1.6,0.225,1.1));
#10018 = CIRCLE('',#10019,7.5E-02);
#10019 = AXIS2_PLACEMENT_3D('',#10020,#10021,#10022);
#10020 = CARTESIAN_POINT('',(-1.525,0.225,1.1));
#10021 = DIRECTION('',(0.,0.,-1.));
#10022 = DIRECTION('',(1.,0.,0.));
#10023 = ORIENTED_EDGE('',*,*,#10024,.T.);
#10024 = EDGE_CURVE('',#10016,#10025,#10027,.T.);
#10025 = VERTEX_POINT('',#10026);
#10026 = CARTESIAN_POINT('',(-1.6,0.225,-1.1));
#10027 = LINE('',#10028,#10029);
#10028 = CARTESIAN_POINT('',(-1.6,0.225,1.1));
#10029 = VECTOR('',#10030,1.);
#10030 = DIRECTION('',(-0.,-0.,-1.));
#10031 = ORIENTED_EDGE('',*,*,#10032,.F.);
#10032 = EDGE_CURVE('',#9977,#10025,#10033,.T.);
#10033 = CIRCLE('',#10034,7.5E-02);
#10034 = AXIS2_PLACEMENT_3D('',#10035,#10036,#10037);
#10035 = CARTESIAN_POINT('',(-1.525,0.225,-1.1));
#10036 = DIRECTION('',(0.,0.,-1.));
#10037 = DIRECTION('',(1.,0.,0.));
#10038 = CYLINDRICAL_SURFACE('',#10039,7.5E-02);
#10039 = AXIS2_PLACEMENT_3D('',#10040,#10041,#10042);
#10040 = CARTESIAN_POINT('',(-1.525,0.225,1.1));
#10041 = DIRECTION('',(-0.,-0.,-1.));
#10042 = DIRECTION('',(-1.,0.,0.));
#10043 = ADVANCED_FACE('',(#10044),#10092,.F.);
#10044 = FACE_BOUND('',#10045,.T.);
#10045 = EDGE_LOOP('',(#10046,#10047,#10055,#10063,#10071,#10079,#10085,
    #10086));
#10046 = ORIENTED_EDGE('',*,*,#9817,.F.);
#10047 = ORIENTED_EDGE('',*,*,#10048,.T.);
#10048 = EDGE_CURVE('',#9818,#10049,#10051,.T.);
#10049 = VERTEX_POINT('',#10050);
#10050 = CARTESIAN_POINT('',(-1.6,0.95,-0.5));
#10051 = LINE('',#10052,#10053);
#10052 = CARTESIAN_POINT('',(-1.6,1.025,-0.5));
#10053 = VECTOR('',#10054,1.);
#10054 = DIRECTION('',(0.,-1.,0.));
#10055 = ORIENTED_EDGE('',*,*,#10056,.T.);
#10056 = EDGE_CURVE('',#10049,#10057,#10059,.T.);
#10057 = VERTEX_POINT('',#10058);
#10058 = CARTESIAN_POINT('',(-1.6,0.95,0.5));
#10059 = LINE('',#10060,#10061);
#10060 = CARTESIAN_POINT('',(-1.6,0.95,1.1));
#10061 = VECTOR('',#10062,1.);
#10062 = DIRECTION('',(0.,0.,1.));
#10063 = ORIENTED_EDGE('',*,*,#10064,.T.);
#10064 = EDGE_CURVE('',#10057,#10065,#10067,.T.);
#10065 = VERTEX_POINT('',#10066);
#10066 = CARTESIAN_POINT('',(-1.6,1.025,0.5));
#10067 = LINE('',#10068,#10069);
#10068 = CARTESIAN_POINT('',(-1.6,1.025,0.5));
#10069 = VECTOR('',#10070,1.);
#10070 = DIRECTION('',(0.,1.,0.));
#10071 = ORIENTED_EDGE('',*,*,#10072,.F.);
#10072 = EDGE_CURVE('',#10073,#10065,#10075,.T.);
#10073 = VERTEX_POINT('',#10074);
#10074 = CARTESIAN_POINT('',(-1.6,1.025,1.1));
#10075 = LINE('',#10076,#10077);
#10076 = CARTESIAN_POINT('',(-1.6,1.025,1.1));
#10077 = VECTOR('',#10078,1.);
#10078 = DIRECTION('',(-0.,-0.,-1.));
#10079 = ORIENTED_EDGE('',*,*,#10080,.F.);
#10080 = EDGE_CURVE('',#10016,#10073,#10081,.T.);
#10081 = LINE('',#10082,#10083);
#10082 = CARTESIAN_POINT('',(-1.6,1.025,1.1));
#10083 = VECTOR('',#10084,1.);
#10084 = DIRECTION('',(-0.,1.,-0.));
#10085 = ORIENTED_EDGE('',*,*,#10024,.T.);
#10086 = ORIENTED_EDGE('',*,*,#10087,.T.);
#10087 = EDGE_CURVE('',#10025,#9807,#10088,.T.);
#10088 = LINE('',#10089,#10090);
#10089 = CARTESIAN_POINT('',(-1.6,1.025,-1.1));
#10090 = VECTOR('',#10091,1.);
#10091 = DIRECTION('',(-0.,1.,-0.));
#10092 = PLANE('',#10093);
#10093 = AXIS2_PLACEMENT_3D('',#10094,#10095,#10096);
#10094 = CARTESIAN_POINT('',(-1.6,1.025,1.1));
#10095 = DIRECTION('',(-1.,0.,0.));
#10096 = DIRECTION('',(0.,0.,1.));
#10097 = ADVANCED_FACE('',(#10098),#10125,.F.);
#10098 = FACE_BOUND('',#10099,.F.);
#10099 = EDGE_LOOP('',(#10100,#10109,#10117,#10124));
#10100 = ORIENTED_EDGE('',*,*,#10101,.T.);
#10101 = EDGE_CURVE('',#10073,#10102,#10104,.T.);
#10102 = VERTEX_POINT('',#10103);
#10103 = CARTESIAN_POINT('',(-1.525,1.1,1.1));
#10104 = CIRCLE('',#10105,7.5E-02);
#10105 = AXIS2_PLACEMENT_3D('',#10106,#10107,#10108);
#10106 = CARTESIAN_POINT('',(-1.525,1.025,1.1));
#10107 = DIRECTION('',(-0.,0.,-1.));
#10108 = DIRECTION('',(-1.,0.,0.));
#10109 = ORIENTED_EDGE('',*,*,#10110,.T.);
#10110 = EDGE_CURVE('',#10102,#10111,#10113,.T.);
#10111 = VERTEX_POINT('',#10112);
#10112 = CARTESIAN_POINT('',(-1.525,1.1,0.5));
#10113 = LINE('',#10114,#10115);
#10114 = CARTESIAN_POINT('',(-1.525,1.1,1.1));
#10115 = VECTOR('',#10116,1.);
#10116 = DIRECTION('',(-0.,-0.,-1.));
#10117 = ORIENTED_EDGE('',*,*,#10118,.F.);
#10118 = EDGE_CURVE('',#10065,#10111,#10119,.T.);
#10119 = CIRCLE('',#10120,7.5E-02);
#10120 = AXIS2_PLACEMENT_3D('',#10121,#10122,#10123);
#10121 = CARTESIAN_POINT('',(-1.525,1.025,0.5));
#10122 = DIRECTION('',(0.,0.,-1.));
#10123 = DIRECTION('',(1.,0.,0.));
#10124 = ORIENTED_EDGE('',*,*,#10072,.F.);
#10125 = CYLINDRICAL_SURFACE('',#10126,7.5E-02);
#10126 = AXIS2_PLACEMENT_3D('',#10127,#10128,#10129);
#10127 = CARTESIAN_POINT('',(-1.525,1.025,1.1));
#10128 = DIRECTION('',(-0.,-0.,-1.));
#10129 = DIRECTION('',(-1.,0.,0.));
#10130 = ADVANCED_FACE('',(#10131),#10156,.F.);
#10131 = FACE_BOUND('',#10132,.T.);
#10132 = EDGE_LOOP('',(#10133,#10134,#10142,#10150));
#10133 = ORIENTED_EDGE('',*,*,#10110,.T.);
#10134 = ORIENTED_EDGE('',*,*,#10135,.T.);
#10135 = EDGE_CURVE('',#10111,#10136,#10138,.T.);
#10136 = VERTEX_POINT('',#10137);
#10137 = CARTESIAN_POINT('',(-1.5,1.1,0.5));
#10138 = LINE('',#10139,#10140);
#10139 = CARTESIAN_POINT('',(-1.5,1.1,0.5));
#10140 = VECTOR('',#10141,1.);
#10141 = DIRECTION('',(1.,0.,0.));
#10142 = ORIENTED_EDGE('',*,*,#10143,.F.);
#10143 = EDGE_CURVE('',#10144,#10136,#10146,.T.);
#10144 = VERTEX_POINT('',#10145);
#10145 = CARTESIAN_POINT('',(-1.5,1.1,1.1));
#10146 = LINE('',#10147,#10148);
#10147 = CARTESIAN_POINT('',(-1.5,1.1,1.1));
#10148 = VECTOR('',#10149,1.);
#10149 = DIRECTION('',(-0.,-0.,-1.));
#10150 = ORIENTED_EDGE('',*,*,#10151,.F.);
#10151 = EDGE_CURVE('',#10102,#10144,#10152,.T.);
#10152 = LINE('',#10153,#10154);
#10153 = CARTESIAN_POINT('',(-1.5,1.1,1.1));
#10154 = VECTOR('',#10155,1.);
#10155 = DIRECTION('',(1.,-0.,-0.));
#10156 = PLANE('',#10157);
#10157 = AXIS2_PLACEMENT_3D('',#10158,#10159,#10160);
#10158 = CARTESIAN_POINT('',(-1.5,1.1,1.1));
#10159 = DIRECTION('',(0.,1.,-0.));
#10160 = DIRECTION('',(0.,0.,1.));
#10161 = ADVANCED_FACE('',(#10162),#10187,.F.);
#10162 = FACE_BOUND('',#10163,.T.);
#10163 = EDGE_LOOP('',(#10164,#10165,#10173,#10181));
#10164 = ORIENTED_EDGE('',*,*,#10143,.T.);
#10165 = ORIENTED_EDGE('',*,*,#10166,.T.);
#10166 = EDGE_CURVE('',#10136,#10167,#10169,.T.);
#10167 = VERTEX_POINT('',#10168);
#10168 = CARTESIAN_POINT('',(-1.5,1.25,0.5));
#10169 = LINE('',#10170,#10171);
#10170 = CARTESIAN_POINT('',(-1.5,1.25,0.5));
#10171 = VECTOR('',#10172,1.);
#10172 = DIRECTION('',(-0.,1.,-0.));
#10173 = ORIENTED_EDGE('',*,*,#10174,.F.);
#10174 = EDGE_CURVE('',#10175,#10167,#10177,.T.);
#10175 = VERTEX_POINT('',#10176);
#10176 = CARTESIAN_POINT('',(-1.5,1.25,1.1));
#10177 = LINE('',#10178,#10179);
#10178 = CARTESIAN_POINT('',(-1.5,1.25,1.1));
#10179 = VECTOR('',#10180,1.);
#10180 = DIRECTION('',(-0.,-0.,-1.));
#10181 = ORIENTED_EDGE('',*,*,#10182,.F.);
#10182 = EDGE_CURVE('',#10144,#10175,#10183,.T.);
#10183 = LINE('',#10184,#10185);
#10184 = CARTESIAN_POINT('',(-1.5,1.25,1.1));
#10185 = VECTOR('',#10186,1.);
#10186 = DIRECTION('',(-0.,1.,-0.));
#10187 = PLANE('',#10188);
#10188 = AXIS2_PLACEMENT_3D('',#10189,#10190,#10191);
#10189 = CARTESIAN_POINT('',(-1.5,1.25,1.1));
#10190 = DIRECTION('',(-1.,0.,0.));
#10191 = DIRECTION('',(0.,0.,1.));
#10192 = ADVANCED_FACE('',(#10193),#10218,.F.);
#10193 = FACE_BOUND('',#10194,.T.);
#10194 = EDGE_LOOP('',(#10195,#10196,#10204,#10212));
#10195 = ORIENTED_EDGE('',*,*,#10174,.T.);
#10196 = ORIENTED_EDGE('',*,*,#10197,.T.);
#10197 = EDGE_CURVE('',#10167,#10198,#10200,.T.);
#10198 = VERTEX_POINT('',#10199);
#10199 = CARTESIAN_POINT('',(-1.525,1.25,0.5));
#10200 = LINE('',#10201,#10202);
#10201 = CARTESIAN_POINT('',(-1.5,1.25,0.5));
#10202 = VECTOR('',#10203,1.);
#10203 = DIRECTION('',(-1.,-0.,-0.));
#10204 = ORIENTED_EDGE('',*,*,#10205,.F.);
#10205 = EDGE_CURVE('',#10206,#10198,#10208,.T.);
#10206 = VERTEX_POINT('',#10207);
#10207 = CARTESIAN_POINT('',(-1.525,1.25,1.1));
#10208 = LINE('',#10209,#10210);
#10209 = CARTESIAN_POINT('',(-1.525,1.25,1.1));
#10210 = VECTOR('',#10211,1.);
#10211 = DIRECTION('',(-0.,-0.,-1.));
#10212 = ORIENTED_EDGE('',*,*,#10213,.F.);
#10213 = EDGE_CURVE('',#10175,#10206,#10214,.T.);
#10214 = LINE('',#10215,#10216);
#10215 = CARTESIAN_POINT('',(-1.525,1.25,1.1));
#10216 = VECTOR('',#10217,1.);
#10217 = DIRECTION('',(-1.,-0.,-0.));
#10218 = PLANE('',#10219);
#10219 = AXIS2_PLACEMENT_3D('',#10220,#10221,#10222);
#10220 = CARTESIAN_POINT('',(-1.525,1.25,1.1));
#10221 = DIRECTION('',(0.,-1.,0.));
#10222 = DIRECTION('',(0.,-0.,-1.));
#10223 = ADVANCED_FACE('',(#10224),#10251,.T.);
#10224 = FACE_BOUND('',#10225,.T.);
#10225 = EDGE_LOOP('',(#10226,#10227,#10236,#10244));
#10226 = ORIENTED_EDGE('',*,*,#10205,.T.);
#10227 = ORIENTED_EDGE('',*,*,#10228,.T.);
#10228 = EDGE_CURVE('',#10198,#10229,#10231,.T.);
#10229 = VERTEX_POINT('',#10230);
#10230 = CARTESIAN_POINT('',(-1.75,1.025,0.5));
#10231 = CIRCLE('',#10232,0.225);
#10232 = AXIS2_PLACEMENT_3D('',#10233,#10234,#10235);
#10233 = CARTESIAN_POINT('',(-1.525,1.025,0.5));
#10234 = DIRECTION('',(-0.,0.,1.));
#10235 = DIRECTION('',(1.,0.,0.));
#10236 = ORIENTED_EDGE('',*,*,#10237,.F.);
#10237 = EDGE_CURVE('',#10238,#10229,#10240,.T.);
#10238 = VERTEX_POINT('',#10239);
#10239 = CARTESIAN_POINT('',(-1.75,1.025,1.1));
#10240 = LINE('',#10241,#10242);
#10241 = CARTESIAN_POINT('',(-1.75,1.025,1.1));
#10242 = VECTOR('',#10243,1.);
#10243 = DIRECTION('',(-0.,-0.,-1.));
#10244 = ORIENTED_EDGE('',*,*,#10245,.F.);
#10245 = EDGE_CURVE('',#10206,#10238,#10246,.T.);
#10246 = CIRCLE('',#10247,0.225);
#10247 = AXIS2_PLACEMENT_3D('',#10248,#10249,#10250);
#10248 = CARTESIAN_POINT('',(-1.525,1.025,1.1));
#10249 = DIRECTION('',(0.,0.,1.));
#10250 = DIRECTION('',(-1.,0.,0.));
#10251 = CYLINDRICAL_SURFACE('',#10252,0.225);
#10252 = AXIS2_PLACEMENT_3D('',#10253,#10254,#10255);
#10253 = CARTESIAN_POINT('',(-1.525,1.025,1.1));
#10254 = DIRECTION('',(-0.,-0.,-1.));
#10255 = DIRECTION('',(-1.,0.,0.));
#10256 = ADVANCED_FACE('',(#10257),#10305,.F.);
#10257 = FACE_BOUND('',#10258,.T.);
#10258 = EDGE_LOOP('',(#10259,#10269,#10275,#10276,#10284,#10292,#10298,
    #10299));
#10259 = ORIENTED_EDGE('',*,*,#10260,.F.);
#10260 = EDGE_CURVE('',#10261,#10263,#10265,.T.);
#10261 = VERTEX_POINT('',#10262);
#10262 = CARTESIAN_POINT('',(-1.75,0.95,-0.5));
#10263 = VERTEX_POINT('',#10264);
#10264 = CARTESIAN_POINT('',(-1.75,0.95,0.5));
#10265 = LINE('',#10266,#10267);
#10266 = CARTESIAN_POINT('',(-1.75,0.95,-0.5));
#10267 = VECTOR('',#10268,1.);
#10268 = DIRECTION('',(0.,0.,1.));
#10269 = ORIENTED_EDGE('',*,*,#10270,.T.);
#10270 = EDGE_CURVE('',#10261,#9942,#10271,.T.);
#10271 = LINE('',#10272,#10273);
#10272 = CARTESIAN_POINT('',(-1.75,0.225,-0.5));
#10273 = VECTOR('',#10274,1.);
#10274 = DIRECTION('',(-0.,1.,0.));
#10275 = ORIENTED_EDGE('',*,*,#9941,.T.);
#10276 = ORIENTED_EDGE('',*,*,#10277,.T.);
#10277 = EDGE_CURVE('',#9944,#10278,#10280,.T.);
#10278 = VERTEX_POINT('',#10279);
#10279 = CARTESIAN_POINT('',(-1.75,0.225,-1.1));
#10280 = LINE('',#10281,#10282);
#10281 = CARTESIAN_POINT('',(-1.75,0.225,-1.1));
#10282 = VECTOR('',#10283,1.);
#10283 = DIRECTION('',(-0.,-1.,-0.));
#10284 = ORIENTED_EDGE('',*,*,#10285,.F.);
#10285 = EDGE_CURVE('',#10286,#10278,#10288,.T.);
#10286 = VERTEX_POINT('',#10287);
#10287 = CARTESIAN_POINT('',(-1.75,0.225,1.1));
#10288 = LINE('',#10289,#10290);
#10289 = CARTESIAN_POINT('',(-1.75,0.225,1.1));
#10290 = VECTOR('',#10291,1.);
#10291 = DIRECTION('',(-0.,-0.,-1.));
#10292 = ORIENTED_EDGE('',*,*,#10293,.F.);
#10293 = EDGE_CURVE('',#10238,#10286,#10294,.T.);
#10294 = LINE('',#10295,#10296);
#10295 = CARTESIAN_POINT('',(-1.75,0.225,1.1));
#10296 = VECTOR('',#10297,1.);
#10297 = DIRECTION('',(-0.,-1.,-0.));
#10298 = ORIENTED_EDGE('',*,*,#10237,.T.);
#10299 = ORIENTED_EDGE('',*,*,#10300,.F.);
#10300 = EDGE_CURVE('',#10263,#10229,#10301,.T.);
#10301 = LINE('',#10302,#10303);
#10302 = CARTESIAN_POINT('',(-1.75,1.25,0.5));
#10303 = VECTOR('',#10304,1.);
#10304 = DIRECTION('',(-0.,1.,-0.));
#10305 = PLANE('',#10306);
#10306 = AXIS2_PLACEMENT_3D('',#10307,#10308,#10309);
#10307 = CARTESIAN_POINT('',(-1.75,0.225,1.1));
#10308 = DIRECTION('',(1.,0.,0.));
#10309 = DIRECTION('',(0.,0.,-1.));
#10310 = ADVANCED_FACE('',(#10311),#10338,.T.);
#10311 = FACE_BOUND('',#10312,.T.);
#10312 = EDGE_LOOP('',(#10313,#10322,#10330,#10337));
#10313 = ORIENTED_EDGE('',*,*,#10314,.T.);
#10314 = EDGE_CURVE('',#10278,#10315,#10317,.T.);
#10315 = VERTEX_POINT('',#10316);
#10316 = CARTESIAN_POINT('',(-1.525,-7.79270311474E-17,-1.1));
#10317 = CIRCLE('',#10318,0.225);
#10318 = AXIS2_PLACEMENT_3D('',#10319,#10320,#10321);
#10319 = CARTESIAN_POINT('',(-1.525,0.225,-1.1));
#10320 = DIRECTION('',(0.,0.,1.));
#10321 = DIRECTION('',(-1.,0.,0.));
#10322 = ORIENTED_EDGE('',*,*,#10323,.F.);
#10323 = EDGE_CURVE('',#10324,#10315,#10326,.T.);
#10324 = VERTEX_POINT('',#10325);
#10325 = CARTESIAN_POINT('',(-1.525,-7.79270311474E-17,1.1));
#10326 = LINE('',#10327,#10328);
#10327 = CARTESIAN_POINT('',(-1.525,-7.79270311474E-17,1.1));
#10328 = VECTOR('',#10329,1.);
#10329 = DIRECTION('',(-0.,-0.,-1.));
#10330 = ORIENTED_EDGE('',*,*,#10331,.F.);
#10331 = EDGE_CURVE('',#10286,#10324,#10332,.T.);
#10332 = CIRCLE('',#10333,0.225);
#10333 = AXIS2_PLACEMENT_3D('',#10334,#10335,#10336);
#10334 = CARTESIAN_POINT('',(-1.525,0.225,1.1));
#10335 = DIRECTION('',(0.,0.,1.));
#10336 = DIRECTION('',(-1.,0.,0.));
#10337 = ORIENTED_EDGE('',*,*,#10285,.T.);
#10338 = CYLINDRICAL_SURFACE('',#10339,0.225);
#10339 = AXIS2_PLACEMENT_3D('',#10340,#10341,#10342);
#10340 = CARTESIAN_POINT('',(-1.525,0.225,1.1));
#10341 = DIRECTION('',(-0.,-0.,-1.));
#10342 = DIRECTION('',(-1.,0.,0.));
#10343 = ADVANCED_FACE('',(#10344),#10369,.F.);
#10344 = FACE_BOUND('',#10345,.T.);
#10345 = EDGE_LOOP('',(#10346,#10354,#10362,#10368));
#10346 = ORIENTED_EDGE('',*,*,#10347,.T.);
#10347 = EDGE_CURVE('',#10315,#10348,#10350,.T.);
#10348 = VERTEX_POINT('',#10349);
#10349 = CARTESIAN_POINT('',(-0.95,-1.203706215242E-32,-1.1));
#10350 = LINE('',#10351,#10352);
#10351 = CARTESIAN_POINT('',(-0.95,-1.203706215242E-32,-1.1));
#10352 = VECTOR('',#10353,1.);
#10353 = DIRECTION('',(1.,1.355252715607E-16,-0.));
#10354 = ORIENTED_EDGE('',*,*,#10355,.F.);
#10355 = EDGE_CURVE('',#10356,#10348,#10358,.T.);
#10356 = VERTEX_POINT('',#10357);
#10357 = CARTESIAN_POINT('',(-0.95,-1.203706215242E-32,1.1));
#10358 = LINE('',#10359,#10360);
#10359 = CARTESIAN_POINT('',(-0.95,-1.203706215242E-32,1.1));
#10360 = VECTOR('',#10361,1.);
#10361 = DIRECTION('',(-0.,-0.,-1.));
#10362 = ORIENTED_EDGE('',*,*,#10363,.F.);
#10363 = EDGE_CURVE('',#10324,#10356,#10364,.T.);
#10364 = LINE('',#10365,#10366);
#10365 = CARTESIAN_POINT('',(-0.95,-1.203706215242E-32,1.1));
#10366 = VECTOR('',#10367,1.);
#10367 = DIRECTION('',(1.,1.355252715607E-16,-0.));
#10368 = ORIENTED_EDGE('',*,*,#10323,.T.);
#10369 = PLANE('',#10370);
#10370 = AXIS2_PLACEMENT_3D('',#10371,#10372,#10373);
#10371 = CARTESIAN_POINT('',(-0.95,-1.203706215242E-32,1.1));
#10372 = DIRECTION('',(-1.355252715607E-16,1.,0.));
#10373 = DIRECTION('',(-1.,-1.355252715607E-16,0.));
#10374 = ADVANCED_FACE('',(#10375),#10391,.F.);
#10375 = FACE_BOUND('',#10376,.T.);
#10376 = EDGE_LOOP('',(#10377,#10383,#10384,#10390));
#10377 = ORIENTED_EDGE('',*,*,#10378,.T.);
#10378 = EDGE_CURVE('',#10348,#9975,#10379,.T.);
#10379 = LINE('',#10380,#10381);
#10380 = CARTESIAN_POINT('',(-0.95,0.15,-1.1));
#10381 = VECTOR('',#10382,1.);
#10382 = DIRECTION('',(7.228014483237E-16,1.,-0.));
#10383 = ORIENTED_EDGE('',*,*,#10000,.F.);
#10384 = ORIENTED_EDGE('',*,*,#10385,.F.);
#10385 = EDGE_CURVE('',#10356,#9993,#10386,.T.);
#10386 = LINE('',#10387,#10388);
#10387 = CARTESIAN_POINT('',(-0.95,0.15,1.1));
#10388 = VECTOR('',#10389,1.);
#10389 = DIRECTION('',(7.228014483237E-16,1.,-0.));
#10390 = ORIENTED_EDGE('',*,*,#10355,.T.);
#10391 = PLANE('',#10392);
#10392 = AXIS2_PLACEMENT_3D('',#10393,#10394,#10395);
#10393 = CARTESIAN_POINT('',(-0.95,0.15,1.1));
#10394 = DIRECTION('',(-1.,7.228014483237E-16,0.));
#10395 = DIRECTION('',(-7.228014483237E-16,-1.,0.));
#10396 = ADVANCED_FACE('',(#10397),#10411,.F.);
#10397 = FACE_BOUND('',#10398,.T.);
#10398 = EDGE_LOOP('',(#10399,#10400,#10401,#10402,#10403,#10404,#10405,
    #10406,#10407,#10408,#10409,#10410));
#10399 = ORIENTED_EDGE('',*,*,#9992,.T.);
#10400 = ORIENTED_EDGE('',*,*,#10015,.T.);
#10401 = ORIENTED_EDGE('',*,*,#10080,.T.);
#10402 = ORIENTED_EDGE('',*,*,#10101,.T.);
#10403 = ORIENTED_EDGE('',*,*,#10151,.T.);
#10404 = ORIENTED_EDGE('',*,*,#10182,.T.);
#10405 = ORIENTED_EDGE('',*,*,#10213,.T.);
#10406 = ORIENTED_EDGE('',*,*,#10245,.T.);
#10407 = ORIENTED_EDGE('',*,*,#10293,.T.);
#10408 = ORIENTED_EDGE('',*,*,#10331,.T.);
#10409 = ORIENTED_EDGE('',*,*,#10363,.T.);
#10410 = ORIENTED_EDGE('',*,*,#10385,.T.);
#10411 = PLANE('',#10412);
#10412 = AXIS2_PLACEMENT_3D('',#10413,#10414,#10415);
#10413 = CARTESIAN_POINT('',(-1.525,0.225,1.1));
#10414 = DIRECTION('',(-0.,0.,-1.));
#10415 = DIRECTION('',(-1.,0.,0.));
#10416 = ADVANCED_FACE('',(#10417),#10431,.T.);
#10417 = FACE_BOUND('',#10418,.T.);
#10418 = EDGE_LOOP('',(#10419,#10420,#10421,#10422,#10423,#10424,#10425,
    #10426,#10427,#10428,#10429,#10430));
#10419 = ORIENTED_EDGE('',*,*,#9974,.F.);
#10420 = ORIENTED_EDGE('',*,*,#10378,.F.);
#10421 = ORIENTED_EDGE('',*,*,#10347,.F.);
#10422 = ORIENTED_EDGE('',*,*,#10314,.F.);
#10423 = ORIENTED_EDGE('',*,*,#10277,.F.);
#10424 = ORIENTED_EDGE('',*,*,#9959,.F.);
#10425 = ORIENTED_EDGE('',*,*,#9927,.F.);
#10426 = ORIENTED_EDGE('',*,*,#9896,.F.);
#10427 = ORIENTED_EDGE('',*,*,#9865,.F.);
#10428 = ORIENTED_EDGE('',*,*,#9806,.F.);
#10429 = ORIENTED_EDGE('',*,*,#10087,.F.);
#10430 = ORIENTED_EDGE('',*,*,#10032,.F.);
#10431 = PLANE('',#10432);
#10432 = AXIS2_PLACEMENT_3D('',#10433,#10434,#10435);
#10433 = CARTESIAN_POINT('',(-1.525,0.225,-1.1));
#10434 = DIRECTION('',(-0.,0.,-1.));
#10435 = DIRECTION('',(-1.,0.,0.));
#10436 = ADVANCED_FACE('',(#10437),#10452,.F.);
#10437 = FACE_BOUND('',#10438,.T.);
#10438 = EDGE_LOOP('',(#10439,#10440,#10441,#10442,#10443,#10444,#10445,
    #10451));
#10439 = ORIENTED_EDGE('',*,*,#9825,.F.);
#10440 = ORIENTED_EDGE('',*,*,#9858,.F.);
#10441 = ORIENTED_EDGE('',*,*,#9889,.F.);
#10442 = ORIENTED_EDGE('',*,*,#9920,.T.);
#10443 = ORIENTED_EDGE('',*,*,#9951,.F.);
#10444 = ORIENTED_EDGE('',*,*,#10270,.F.);
#10445 = ORIENTED_EDGE('',*,*,#10446,.F.);
#10446 = EDGE_CURVE('',#10049,#10261,#10447,.T.);
#10447 = LINE('',#10448,#10449);
#10448 = CARTESIAN_POINT('',(-1.5,0.95,-0.5));
#10449 = VECTOR('',#10450,1.);
#10450 = DIRECTION('',(-1.,-0.,-0.));
#10451 = ORIENTED_EDGE('',*,*,#10048,.F.);
#10452 = PLANE('',#10453);
#10453 = AXIS2_PLACEMENT_3D('',#10454,#10455,#10456);
#10454 = CARTESIAN_POINT('',(-1.5,1.25,-0.5));
#10455 = DIRECTION('',(0.,0.,-1.));
#10456 = DIRECTION('',(-1.,0.,-0.));
#10457 = ADVANCED_FACE('',(#10458),#10473,.F.);
#10458 = FACE_BOUND('',#10459,.T.);
#10459 = EDGE_LOOP('',(#10460,#10466,#10467,#10468,#10469,#10470,#10471,
    #10472));
#10460 = ORIENTED_EDGE('',*,*,#10461,.T.);
#10461 = EDGE_CURVE('',#10057,#10263,#10462,.T.);
#10462 = LINE('',#10463,#10464);
#10463 = CARTESIAN_POINT('',(-1.5,0.95,0.5));
#10464 = VECTOR('',#10465,1.);
#10465 = DIRECTION('',(-1.,-0.,-0.));
#10466 = ORIENTED_EDGE('',*,*,#10300,.T.);
#10467 = ORIENTED_EDGE('',*,*,#10228,.F.);
#10468 = ORIENTED_EDGE('',*,*,#10197,.F.);
#10469 = ORIENTED_EDGE('',*,*,#10166,.F.);
#10470 = ORIENTED_EDGE('',*,*,#10135,.F.);
#10471 = ORIENTED_EDGE('',*,*,#10118,.F.);
#10472 = ORIENTED_EDGE('',*,*,#10064,.F.);
#10473 = PLANE('',#10474);
#10474 = AXIS2_PLACEMENT_3D('',#10475,#10476,#10477);
#10475 = CARTESIAN_POINT('',(-1.5,1.25,0.5));
#10476 = DIRECTION('',(-0.,0.,1.));
#10477 = DIRECTION('',(1.,0.,0.));
#10478 = ADVANCED_FACE('',(#10479),#10485,.F.);
#10479 = FACE_BOUND('',#10480,.T.);
#10480 = EDGE_LOOP('',(#10481,#10482,#10483,#10484));
#10481 = ORIENTED_EDGE('',*,*,#10446,.T.);
#10482 = ORIENTED_EDGE('',*,*,#10260,.T.);
#10483 = ORIENTED_EDGE('',*,*,#10461,.F.);
#10484 = ORIENTED_EDGE('',*,*,#10056,.F.);
#10485 = PLANE('',#10486);
#10486 = AXIS2_PLACEMENT_3D('',#10487,#10488,#10489);
#10487 = CARTESIAN_POINT('',(-1.5,0.95,-0.5));
#10488 = DIRECTION('',(0.,-1.,0.));
#10489 = DIRECTION('',(0.,-0.,-1.));
#10490 = MANIFOLD_SOLID_BREP('',#10491);
#10491 = CLOSED_SHELL('',(#10492,#10534,#10565,#10596,#10627,#10660,
    #10700,#10733,#10787,#10820,#10851,#10882,#10913,#10946,#11000,
    #11033,#11064,#11086,#11106,#11126,#11147,#11168));
#10492 = ADVANCED_FACE('',(#10493),#10529,.F.);
#10493 = FACE_BOUND('',#10494,.F.);
#10494 = EDGE_LOOP('',(#10495,#10506,#10514,#10523));
#10495 = ORIENTED_EDGE('',*,*,#10496,.T.);
#10496 = EDGE_CURVE('',#10497,#10499,#10501,.T.);
#10497 = VERTEX_POINT('',#10498);
#10498 = CARTESIAN_POINT('',(1.525,1.1,-0.5));
#10499 = VERTEX_POINT('',#10500);
#10500 = CARTESIAN_POINT('',(1.6,1.025,-0.5));
#10501 = CIRCLE('',#10502,7.5E-02);
#10502 = AXIS2_PLACEMENT_3D('',#10503,#10504,#10505);
#10503 = CARTESIAN_POINT('',(1.525,1.025,-0.5));
#10504 = DIRECTION('',(0.,0.,-1.));
#10505 = DIRECTION('',(1.,0.,0.));
#10506 = ORIENTED_EDGE('',*,*,#10507,.T.);
#10507 = EDGE_CURVE('',#10499,#10508,#10510,.T.);
#10508 = VERTEX_POINT('',#10509);
#10509 = CARTESIAN_POINT('',(1.6,1.025,-1.1));
#10510 = LINE('',#10511,#10512);
#10511 = CARTESIAN_POINT('',(1.6,1.025,1.1));
#10512 = VECTOR('',#10513,1.);
#10513 = DIRECTION('',(0.,-0.,-1.));
#10514 = ORIENTED_EDGE('',*,*,#10515,.T.);
#10515 = EDGE_CURVE('',#10508,#10516,#10518,.T.);
#10516 = VERTEX_POINT('',#10517);
#10517 = CARTESIAN_POINT('',(1.525,1.1,-1.1));
#10518 = CIRCLE('',#10519,7.5E-02);
#10519 = AXIS2_PLACEMENT_3D('',#10520,#10521,#10522);
#10520 = CARTESIAN_POINT('',(1.525,1.025,-1.1));
#10521 = DIRECTION('',(-0.,0.,1.));
#10522 = DIRECTION('',(1.,0.,0.));
#10523 = ORIENTED_EDGE('',*,*,#10524,.F.);
#10524 = EDGE_CURVE('',#10497,#10516,#10525,.T.);
#10525 = LINE('',#10526,#10527);
#10526 = CARTESIAN_POINT('',(1.525,1.1,1.1));
#10527 = VECTOR('',#10528,1.);
#10528 = DIRECTION('',(0.,-0.,-1.));
#10529 = CYLINDRICAL_SURFACE('',#10530,7.5E-02);
#10530 = AXIS2_PLACEMENT_3D('',#10531,#10532,#10533);
#10531 = CARTESIAN_POINT('',(1.525,1.025,1.1));
#10532 = DIRECTION('',(0.,-0.,-1.));
#10533 = DIRECTION('',(1.,0.,0.));
#10534 = ADVANCED_FACE('',(#10535),#10560,.F.);
#10535 = FACE_BOUND('',#10536,.T.);
#10536 = EDGE_LOOP('',(#10537,#10547,#10553,#10554));
#10537 = ORIENTED_EDGE('',*,*,#10538,.T.);
#10538 = EDGE_CURVE('',#10539,#10541,#10543,.T.);
#10539 = VERTEX_POINT('',#10540);
#10540 = CARTESIAN_POINT('',(1.5,1.1,-0.5));
#10541 = VERTEX_POINT('',#10542);
#10542 = CARTESIAN_POINT('',(1.5,1.1,-1.1));
#10543 = LINE('',#10544,#10545);
#10544 = CARTESIAN_POINT('',(1.5,1.1,1.1));
#10545 = VECTOR('',#10546,1.);
#10546 = DIRECTION('',(0.,-0.,-1.));
#10547 = ORIENTED_EDGE('',*,*,#10548,.F.);
#10548 = EDGE_CURVE('',#10516,#10541,#10549,.T.);
#10549 = LINE('',#10550,#10551);
#10550 = CARTESIAN_POINT('',(1.5,1.1,-1.1));
#10551 = VECTOR('',#10552,1.);
#10552 = DIRECTION('',(-1.,0.,0.));
#10553 = ORIENTED_EDGE('',*,*,#10524,.F.);
#10554 = ORIENTED_EDGE('',*,*,#10555,.F.);
#10555 = EDGE_CURVE('',#10539,#10497,#10556,.T.);
#10556 = LINE('',#10557,#10558);
#10557 = CARTESIAN_POINT('',(1.5,1.1,-0.5));
#10558 = VECTOR('',#10559,1.);
#10559 = DIRECTION('',(1.,0.,0.));
#10560 = PLANE('',#10561);
#10561 = AXIS2_PLACEMENT_3D('',#10562,#10563,#10564);
#10562 = CARTESIAN_POINT('',(1.5,1.1,1.1));
#10563 = DIRECTION('',(0.,1.,0.));
#10564 = DIRECTION('',(0.,-0.,1.));
#10565 = ADVANCED_FACE('',(#10566),#10591,.F.);
#10566 = FACE_BOUND('',#10567,.T.);
#10567 = EDGE_LOOP('',(#10568,#10578,#10584,#10585));
#10568 = ORIENTED_EDGE('',*,*,#10569,.T.);
#10569 = EDGE_CURVE('',#10570,#10572,#10574,.T.);
#10570 = VERTEX_POINT('',#10571);
#10571 = CARTESIAN_POINT('',(1.5,1.25,-0.5));
#10572 = VERTEX_POINT('',#10573);
#10573 = CARTESIAN_POINT('',(1.5,1.25,-1.1));
#10574 = LINE('',#10575,#10576);
#10575 = CARTESIAN_POINT('',(1.5,1.25,1.1));
#10576 = VECTOR('',#10577,1.);
#10577 = DIRECTION('',(0.,-0.,-1.));
#10578 = ORIENTED_EDGE('',*,*,#10579,.F.);
#10579 = EDGE_CURVE('',#10541,#10572,#10580,.T.);
#10580 = LINE('',#10581,#10582);
#10581 = CARTESIAN_POINT('',(1.5,1.25,-1.1));
#10582 = VECTOR('',#10583,1.);
#10583 = DIRECTION('',(0.,1.,0.));
#10584 = ORIENTED_EDGE('',*,*,#10538,.F.);
#10585 = ORIENTED_EDGE('',*,*,#10586,.F.);
#10586 = EDGE_CURVE('',#10570,#10539,#10587,.T.);
#10587 = LINE('',#10588,#10589);
#10588 = CARTESIAN_POINT('',(1.5,1.25,-0.5));
#10589 = VECTOR('',#10590,1.);
#10590 = DIRECTION('',(0.,-1.,0.));
#10591 = PLANE('',#10592);
#10592 = AXIS2_PLACEMENT_3D('',#10593,#10594,#10595);
#10593 = CARTESIAN_POINT('',(1.5,1.25,1.1));
#10594 = DIRECTION('',(1.,0.,-0.));
#10595 = DIRECTION('',(0.,0.,1.));
#10596 = ADVANCED_FACE('',(#10597),#10622,.F.);
#10597 = FACE_BOUND('',#10598,.T.);
#10598 = EDGE_LOOP('',(#10599,#10609,#10615,#10616));
#10599 = ORIENTED_EDGE('',*,*,#10600,.T.);
#10600 = EDGE_CURVE('',#10601,#10603,#10605,.T.);
#10601 = VERTEX_POINT('',#10602);
#10602 = CARTESIAN_POINT('',(1.525,1.25,-0.5));
#10603 = VERTEX_POINT('',#10604);
#10604 = CARTESIAN_POINT('',(1.525,1.25,-1.1));
#10605 = LINE('',#10606,#10607);
#10606 = CARTESIAN_POINT('',(1.525,1.25,1.1));
#10607 = VECTOR('',#10608,1.);
#10608 = DIRECTION('',(0.,-0.,-1.));
#10609 = ORIENTED_EDGE('',*,*,#10610,.F.);
#10610 = EDGE_CURVE('',#10572,#10603,#10611,.T.);
#10611 = LINE('',#10612,#10613);
#10612 = CARTESIAN_POINT('',(1.525,1.25,-1.1));
#10613 = VECTOR('',#10614,1.);
#10614 = DIRECTION('',(1.,-0.,-0.));
#10615 = ORIENTED_EDGE('',*,*,#10569,.F.);
#10616 = ORIENTED_EDGE('',*,*,#10617,.T.);
#10617 = EDGE_CURVE('',#10570,#10601,#10618,.T.);
#10618 = LINE('',#10619,#10620);
#10619 = CARTESIAN_POINT('',(1.5,1.25,-0.5));
#10620 = VECTOR('',#10621,1.);
#10621 = DIRECTION('',(1.,-0.,-0.));
#10622 = PLANE('',#10623);
#10623 = AXIS2_PLACEMENT_3D('',#10624,#10625,#10626);
#10624 = CARTESIAN_POINT('',(1.525,1.25,1.1));
#10625 = DIRECTION('',(0.,-1.,-0.));
#10626 = DIRECTION('',(-0.,0.,-1.));
#10627 = ADVANCED_FACE('',(#10628),#10655,.T.);
#10628 = FACE_BOUND('',#10629,.T.);
#10629 = EDGE_LOOP('',(#10630,#10640,#10647,#10648));
#10630 = ORIENTED_EDGE('',*,*,#10631,.T.);
#10631 = EDGE_CURVE('',#10632,#10634,#10636,.T.);
#10632 = VERTEX_POINT('',#10633);
#10633 = CARTESIAN_POINT('',(1.75,1.025,-0.5));
#10634 = VERTEX_POINT('',#10635);
#10635 = CARTESIAN_POINT('',(1.75,1.025,-1.1));
#10636 = LINE('',#10637,#10638);
#10637 = CARTESIAN_POINT('',(1.75,1.025,1.1));
#10638 = VECTOR('',#10639,1.);
#10639 = DIRECTION('',(0.,-0.,-1.));
#10640 = ORIENTED_EDGE('',*,*,#10641,.F.);
#10641 = EDGE_CURVE('',#10603,#10634,#10642,.T.);
#10642 = CIRCLE('',#10643,0.225);
#10643 = AXIS2_PLACEMENT_3D('',#10644,#10645,#10646);
#10644 = CARTESIAN_POINT('',(1.525,1.025,-1.1));
#10645 = DIRECTION('',(0.,0.,-1.));
#10646 = DIRECTION('',(1.,0.,0.));
#10647 = ORIENTED_EDGE('',*,*,#10600,.F.);
#10648 = ORIENTED_EDGE('',*,*,#10649,.F.);
#10649 = EDGE_CURVE('',#10632,#10601,#10650,.T.);
#10650 = CIRCLE('',#10651,0.225);
#10651 = AXIS2_PLACEMENT_3D('',#10652,#10653,#10654);
#10652 = CARTESIAN_POINT('',(1.525,1.025,-0.5));
#10653 = DIRECTION('',(0.,-0.,1.));
#10654 = DIRECTION('',(1.,0.,0.));
#10655 = CYLINDRICAL_SURFACE('',#10656,0.225);
#10656 = AXIS2_PLACEMENT_3D('',#10657,#10658,#10659);
#10657 = CARTESIAN_POINT('',(1.525,1.025,1.1));
#10658 = DIRECTION('',(0.,-0.,-1.));
#10659 = DIRECTION('',(1.,0.,0.));
#10660 = ADVANCED_FACE('',(#10661),#10695,.F.);
#10661 = FACE_BOUND('',#10662,.T.);
#10662 = EDGE_LOOP('',(#10663,#10673,#10681,#10689));
#10663 = ORIENTED_EDGE('',*,*,#10664,.F.);
#10664 = EDGE_CURVE('',#10665,#10667,#10669,.T.);
#10665 = VERTEX_POINT('',#10666);
#10666 = CARTESIAN_POINT('',(0.95,0.15,-1.1));
#10667 = VERTEX_POINT('',#10668);
#10668 = CARTESIAN_POINT('',(1.525,0.15,-1.1));
#10669 = LINE('',#10670,#10671);
#10670 = CARTESIAN_POINT('',(1.525,0.15,-1.1));
#10671 = VECTOR('',#10672,1.);
#10672 = DIRECTION('',(1.,-0.,-0.));
#10673 = ORIENTED_EDGE('',*,*,#10674,.F.);
#10674 = EDGE_CURVE('',#10675,#10665,#10677,.T.);
#10675 = VERTEX_POINT('',#10676);
#10676 = CARTESIAN_POINT('',(0.95,0.15,1.1));
#10677 = LINE('',#10678,#10679);
#10678 = CARTESIAN_POINT('',(0.95,0.15,1.1));
#10679 = VECTOR('',#10680,1.);
#10680 = DIRECTION('',(0.,-0.,-1.));
#10681 = ORIENTED_EDGE('',*,*,#10682,.T.);
#10682 = EDGE_CURVE('',#10675,#10683,#10685,.T.);
#10683 = VERTEX_POINT('',#10684);
#10684 = CARTESIAN_POINT('',(1.525,0.15,1.1));
#10685 = LINE('',#10686,#10687);
#10686 = CARTESIAN_POINT('',(1.525,0.15,1.1));
#10687 = VECTOR('',#10688,1.);
#10688 = DIRECTION('',(1.,-0.,-0.));
#10689 = ORIENTED_EDGE('',*,*,#10690,.T.);
#10690 = EDGE_CURVE('',#10683,#10667,#10691,.T.);
#10691 = LINE('',#10692,#10693);
#10692 = CARTESIAN_POINT('',(1.525,0.15,1.1));
#10693 = VECTOR('',#10694,1.);
#10694 = DIRECTION('',(0.,-0.,-1.));
#10695 = PLANE('',#10696);
#10696 = AXIS2_PLACEMENT_3D('',#10697,#10698,#10699);
#10697 = CARTESIAN_POINT('',(1.525,0.15,1.1));
#10698 = DIRECTION('',(0.,-1.,-0.));
#10699 = DIRECTION('',(-0.,0.,-1.));
#10700 = ADVANCED_FACE('',(#10701),#10728,.F.);
#10701 = FACE_BOUND('',#10702,.F.);
#10702 = EDGE_LOOP('',(#10703,#10713,#10720,#10721));
#10703 = ORIENTED_EDGE('',*,*,#10704,.F.);
#10704 = EDGE_CURVE('',#10705,#10707,#10709,.T.);
#10705 = VERTEX_POINT('',#10706);
#10706 = CARTESIAN_POINT('',(1.6,0.225,1.1));
#10707 = VERTEX_POINT('',#10708);
#10708 = CARTESIAN_POINT('',(1.6,0.225,-1.1));
#10709 = LINE('',#10710,#10711);
#10710 = CARTESIAN_POINT('',(1.6,0.225,1.1));
#10711 = VECTOR('',#10712,1.);
#10712 = DIRECTION('',(0.,-0.,-1.));
#10713 = ORIENTED_EDGE('',*,*,#10714,.F.);
#10714 = EDGE_CURVE('',#10683,#10705,#10715,.T.);
#10715 = CIRCLE('',#10716,7.5E-02);
#10716 = AXIS2_PLACEMENT_3D('',#10717,#10718,#10719);
#10717 = CARTESIAN_POINT('',(1.525,0.225,1.1));
#10718 = DIRECTION('',(0.,0.,1.));
#10719 = DIRECTION('',(-1.,0.,-0.));
#10720 = ORIENTED_EDGE('',*,*,#10690,.T.);
#10721 = ORIENTED_EDGE('',*,*,#10722,.T.);
#10722 = EDGE_CURVE('',#10667,#10707,#10723,.T.);
#10723 = CIRCLE('',#10724,7.5E-02);
#10724 = AXIS2_PLACEMENT_3D('',#10725,#10726,#10727);
#10725 = CARTESIAN_POINT('',(1.525,0.225,-1.1));
#10726 = DIRECTION('',(0.,0.,1.));
#10727 = DIRECTION('',(-1.,0.,-0.));
#10728 = CYLINDRICAL_SURFACE('',#10729,7.5E-02);
#10729 = AXIS2_PLACEMENT_3D('',#10730,#10731,#10732);
#10730 = CARTESIAN_POINT('',(1.525,0.225,1.1));
#10731 = DIRECTION('',(0.,-0.,-1.));
#10732 = DIRECTION('',(1.,0.,0.));
#10733 = ADVANCED_FACE('',(#10734),#10782,.F.);
#10734 = FACE_BOUND('',#10735,.T.);
#10735 = EDGE_LOOP('',(#10736,#10737,#10743,#10744,#10752,#10760,#10768,
    #10776));
#10736 = ORIENTED_EDGE('',*,*,#10507,.T.);
#10737 = ORIENTED_EDGE('',*,*,#10738,.F.);
#10738 = EDGE_CURVE('',#10707,#10508,#10739,.T.);
#10739 = LINE('',#10740,#10741);
#10740 = CARTESIAN_POINT('',(1.6,1.025,-1.1));
#10741 = VECTOR('',#10742,1.);
#10742 = DIRECTION('',(0.,1.,0.));
#10743 = ORIENTED_EDGE('',*,*,#10704,.F.);
#10744 = ORIENTED_EDGE('',*,*,#10745,.T.);
#10745 = EDGE_CURVE('',#10705,#10746,#10748,.T.);
#10746 = VERTEX_POINT('',#10747);
#10747 = CARTESIAN_POINT('',(1.6,1.025,1.1));
#10748 = LINE('',#10749,#10750);
#10749 = CARTESIAN_POINT('',(1.6,1.025,1.1));
#10750 = VECTOR('',#10751,1.);
#10751 = DIRECTION('',(0.,1.,0.));
#10752 = ORIENTED_EDGE('',*,*,#10753,.T.);
#10753 = EDGE_CURVE('',#10746,#10754,#10756,.T.);
#10754 = VERTEX_POINT('',#10755);
#10755 = CARTESIAN_POINT('',(1.6,1.025,0.5));
#10756 = LINE('',#10757,#10758);
#10757 = CARTESIAN_POINT('',(1.6,1.025,1.1));
#10758 = VECTOR('',#10759,1.);
#10759 = DIRECTION('',(0.,-0.,-1.));
#10760 = ORIENTED_EDGE('',*,*,#10761,.F.);
#10761 = EDGE_CURVE('',#10762,#10754,#10764,.T.);
#10762 = VERTEX_POINT('',#10763);
#10763 = CARTESIAN_POINT('',(1.6,0.95,0.5));
#10764 = LINE('',#10765,#10766);
#10765 = CARTESIAN_POINT('',(1.6,1.025,0.5));
#10766 = VECTOR('',#10767,1.);
#10767 = DIRECTION('',(0.,1.,0.));
#10768 = ORIENTED_EDGE('',*,*,#10769,.F.);
#10769 = EDGE_CURVE('',#10770,#10762,#10772,.T.);
#10770 = VERTEX_POINT('',#10771);
#10771 = CARTESIAN_POINT('',(1.6,0.95,-0.5));
#10772 = LINE('',#10773,#10774);
#10773 = CARTESIAN_POINT('',(1.6,0.95,1.1));
#10774 = VECTOR('',#10775,1.);
#10775 = DIRECTION('',(0.,0.,1.));
#10776 = ORIENTED_EDGE('',*,*,#10777,.F.);
#10777 = EDGE_CURVE('',#10499,#10770,#10778,.T.);
#10778 = LINE('',#10779,#10780);
#10779 = CARTESIAN_POINT('',(1.6,1.025,-0.5));
#10780 = VECTOR('',#10781,1.);
#10781 = DIRECTION('',(0.,-1.,0.));
#10782 = PLANE('',#10783);
#10783 = AXIS2_PLACEMENT_3D('',#10784,#10785,#10786);
#10784 = CARTESIAN_POINT('',(1.6,1.025,1.1));
#10785 = DIRECTION('',(1.,0.,-0.));
#10786 = DIRECTION('',(0.,0.,1.));
#10787 = ADVANCED_FACE('',(#10788),#10815,.F.);
#10788 = FACE_BOUND('',#10789,.F.);
#10789 = EDGE_LOOP('',(#10790,#10799,#10807,#10814));
#10790 = ORIENTED_EDGE('',*,*,#10791,.T.);
#10791 = EDGE_CURVE('',#10754,#10792,#10794,.T.);
#10792 = VERTEX_POINT('',#10793);
#10793 = CARTESIAN_POINT('',(1.525,1.1,0.5));
#10794 = CIRCLE('',#10795,7.5E-02);
#10795 = AXIS2_PLACEMENT_3D('',#10796,#10797,#10798);
#10796 = CARTESIAN_POINT('',(1.525,1.025,0.5));
#10797 = DIRECTION('',(0.,0.,1.));
#10798 = DIRECTION('',(-1.,0.,0.));
#10799 = ORIENTED_EDGE('',*,*,#10800,.F.);
#10800 = EDGE_CURVE('',#10801,#10792,#10803,.T.);
#10801 = VERTEX_POINT('',#10802);
#10802 = CARTESIAN_POINT('',(1.525,1.1,1.1));
#10803 = LINE('',#10804,#10805);
#10804 = CARTESIAN_POINT('',(1.525,1.1,1.1));
#10805 = VECTOR('',#10806,1.);
#10806 = DIRECTION('',(0.,-0.,-1.));
#10807 = ORIENTED_EDGE('',*,*,#10808,.F.);
#10808 = EDGE_CURVE('',#10746,#10801,#10809,.T.);
#10809 = CIRCLE('',#10810,7.5E-02);
#10810 = AXIS2_PLACEMENT_3D('',#10811,#10812,#10813);
#10811 = CARTESIAN_POINT('',(1.525,1.025,1.1));
#10812 = DIRECTION('',(-0.,0.,1.));
#10813 = DIRECTION('',(1.,0.,0.));
#10814 = ORIENTED_EDGE('',*,*,#10753,.T.);
#10815 = CYLINDRICAL_SURFACE('',#10816,7.5E-02);
#10816 = AXIS2_PLACEMENT_3D('',#10817,#10818,#10819);
#10817 = CARTESIAN_POINT('',(1.525,1.025,1.1));
#10818 = DIRECTION('',(0.,-0.,-1.));
#10819 = DIRECTION('',(1.,0.,0.));
#10820 = ADVANCED_FACE('',(#10821),#10846,.F.);
#10821 = FACE_BOUND('',#10822,.T.);
#10822 = EDGE_LOOP('',(#10823,#10824,#10832,#10840));
#10823 = ORIENTED_EDGE('',*,*,#10800,.F.);
#10824 = ORIENTED_EDGE('',*,*,#10825,.T.);
#10825 = EDGE_CURVE('',#10801,#10826,#10828,.T.);
#10826 = VERTEX_POINT('',#10827);
#10827 = CARTESIAN_POINT('',(1.5,1.1,1.1));
#10828 = LINE('',#10829,#10830);
#10829 = CARTESIAN_POINT('',(1.5,1.1,1.1));
#10830 = VECTOR('',#10831,1.);
#10831 = DIRECTION('',(-1.,0.,0.));
#10832 = ORIENTED_EDGE('',*,*,#10833,.T.);
#10833 = EDGE_CURVE('',#10826,#10834,#10836,.T.);
#10834 = VERTEX_POINT('',#10835);
#10835 = CARTESIAN_POINT('',(1.5,1.1,0.5));
#10836 = LINE('',#10837,#10838);
#10837 = CARTESIAN_POINT('',(1.5,1.1,1.1));
#10838 = VECTOR('',#10839,1.);
#10839 = DIRECTION('',(0.,-0.,-1.));
#10840 = ORIENTED_EDGE('',*,*,#10841,.F.);
#10841 = EDGE_CURVE('',#10792,#10834,#10842,.T.);
#10842 = LINE('',#10843,#10844);
#10843 = CARTESIAN_POINT('',(1.5,1.1,0.5));
#10844 = VECTOR('',#10845,1.);
#10845 = DIRECTION('',(-1.,0.,0.));
#10846 = PLANE('',#10847);
#10847 = AXIS2_PLACEMENT_3D('',#10848,#10849,#10850);
#10848 = CARTESIAN_POINT('',(1.5,1.1,1.1));
#10849 = DIRECTION('',(0.,1.,0.));
#10850 = DIRECTION('',(0.,-0.,1.));
#10851 = ADVANCED_FACE('',(#10852),#10877,.F.);
#10852 = FACE_BOUND('',#10853,.T.);
#10853 = EDGE_LOOP('',(#10854,#10855,#10863,#10871));
#10854 = ORIENTED_EDGE('',*,*,#10833,.F.);
#10855 = ORIENTED_EDGE('',*,*,#10856,.T.);
#10856 = EDGE_CURVE('',#10826,#10857,#10859,.T.);
#10857 = VERTEX_POINT('',#10858);
#10858 = CARTESIAN_POINT('',(1.5,1.25,1.1));
#10859 = LINE('',#10860,#10861);
#10860 = CARTESIAN_POINT('',(1.5,1.25,1.1));
#10861 = VECTOR('',#10862,1.);
#10862 = DIRECTION('',(0.,1.,0.));
#10863 = ORIENTED_EDGE('',*,*,#10864,.T.);
#10864 = EDGE_CURVE('',#10857,#10865,#10867,.T.);
#10865 = VERTEX_POINT('',#10866);
#10866 = CARTESIAN_POINT('',(1.5,1.25,0.5));
#10867 = LINE('',#10868,#10869);
#10868 = CARTESIAN_POINT('',(1.5,1.25,1.1));
#10869 = VECTOR('',#10870,1.);
#10870 = DIRECTION('',(0.,-0.,-1.));
#10871 = ORIENTED_EDGE('',*,*,#10872,.F.);
#10872 = EDGE_CURVE('',#10834,#10865,#10873,.T.);
#10873 = LINE('',#10874,#10875);
#10874 = CARTESIAN_POINT('',(1.5,1.25,0.5));
#10875 = VECTOR('',#10876,1.);
#10876 = DIRECTION('',(0.,1.,0.));
#10877 = PLANE('',#10878);
#10878 = AXIS2_PLACEMENT_3D('',#10879,#10880,#10881);
#10879 = CARTESIAN_POINT('',(1.5,1.25,1.1));
#10880 = DIRECTION('',(1.,0.,-0.));
#10881 = DIRECTION('',(0.,0.,1.));
#10882 = ADVANCED_FACE('',(#10883),#10908,.F.);
#10883 = FACE_BOUND('',#10884,.T.);
#10884 = EDGE_LOOP('',(#10885,#10886,#10894,#10902));
#10885 = ORIENTED_EDGE('',*,*,#10864,.F.);
#10886 = ORIENTED_EDGE('',*,*,#10887,.T.);
#10887 = EDGE_CURVE('',#10857,#10888,#10890,.T.);
#10888 = VERTEX_POINT('',#10889);
#10889 = CARTESIAN_POINT('',(1.525,1.25,1.1));
#10890 = LINE('',#10891,#10892);
#10891 = CARTESIAN_POINT('',(1.525,1.25,1.1));
#10892 = VECTOR('',#10893,1.);
#10893 = DIRECTION('',(1.,-0.,-0.));
#10894 = ORIENTED_EDGE('',*,*,#10895,.T.);
#10895 = EDGE_CURVE('',#10888,#10896,#10898,.T.);
#10896 = VERTEX_POINT('',#10897);
#10897 = CARTESIAN_POINT('',(1.525,1.25,0.5));
#10898 = LINE('',#10899,#10900);
#10899 = CARTESIAN_POINT('',(1.525,1.25,1.1));
#10900 = VECTOR('',#10901,1.);
#10901 = DIRECTION('',(0.,-0.,-1.));
#10902 = ORIENTED_EDGE('',*,*,#10903,.F.);
#10903 = EDGE_CURVE('',#10865,#10896,#10904,.T.);
#10904 = LINE('',#10905,#10906);
#10905 = CARTESIAN_POINT('',(1.5,1.25,0.5));
#10906 = VECTOR('',#10907,1.);
#10907 = DIRECTION('',(1.,-0.,-0.));
#10908 = PLANE('',#10909);
#10909 = AXIS2_PLACEMENT_3D('',#10910,#10911,#10912);
#10910 = CARTESIAN_POINT('',(1.525,1.25,1.1));
#10911 = DIRECTION('',(0.,-1.,-0.));
#10912 = DIRECTION('',(-0.,0.,-1.));
#10913 = ADVANCED_FACE('',(#10914),#10941,.T.);
#10914 = FACE_BOUND('',#10915,.T.);
#10915 = EDGE_LOOP('',(#10916,#10917,#10926,#10934));
#10916 = ORIENTED_EDGE('',*,*,#10895,.F.);
#10917 = ORIENTED_EDGE('',*,*,#10918,.T.);
#10918 = EDGE_CURVE('',#10888,#10919,#10921,.T.);
#10919 = VERTEX_POINT('',#10920);
#10920 = CARTESIAN_POINT('',(1.75,1.025,1.1));
#10921 = CIRCLE('',#10922,0.225);
#10922 = AXIS2_PLACEMENT_3D('',#10923,#10924,#10925);
#10923 = CARTESIAN_POINT('',(1.525,1.025,1.1));
#10924 = DIRECTION('',(0.,0.,-1.));
#10925 = DIRECTION('',(1.,0.,0.));
#10926 = ORIENTED_EDGE('',*,*,#10927,.T.);
#10927 = EDGE_CURVE('',#10919,#10928,#10930,.T.);
#10928 = VERTEX_POINT('',#10929);
#10929 = CARTESIAN_POINT('',(1.75,1.025,0.5));
#10930 = LINE('',#10931,#10932);
#10931 = CARTESIAN_POINT('',(1.75,1.025,1.1));
#10932 = VECTOR('',#10933,1.);
#10933 = DIRECTION('',(0.,-0.,-1.));
#10934 = ORIENTED_EDGE('',*,*,#10935,.F.);
#10935 = EDGE_CURVE('',#10896,#10928,#10936,.T.);
#10936 = CIRCLE('',#10937,0.225);
#10937 = AXIS2_PLACEMENT_3D('',#10938,#10939,#10940);
#10938 = CARTESIAN_POINT('',(1.525,1.025,0.5));
#10939 = DIRECTION('',(-0.,0.,-1.));
#10940 = DIRECTION('',(-1.,0.,0.));
#10941 = CYLINDRICAL_SURFACE('',#10942,0.225);
#10942 = AXIS2_PLACEMENT_3D('',#10943,#10944,#10945);
#10943 = CARTESIAN_POINT('',(1.525,1.025,1.1));
#10944 = DIRECTION('',(0.,-0.,-1.));
#10945 = DIRECTION('',(1.,0.,0.));
#10946 = ADVANCED_FACE('',(#10947),#10995,.F.);
#10947 = FACE_BOUND('',#10948,.T.);
#10948 = EDGE_LOOP('',(#10949,#10959,#10965,#10966,#10974,#10982,#10988,
    #10989));
#10949 = ORIENTED_EDGE('',*,*,#10950,.T.);
#10950 = EDGE_CURVE('',#10951,#10953,#10955,.T.);
#10951 = VERTEX_POINT('',#10952);
#10952 = CARTESIAN_POINT('',(1.75,0.95,-0.5));
#10953 = VERTEX_POINT('',#10954);
#10954 = CARTESIAN_POINT('',(1.75,0.95,0.5));
#10955 = LINE('',#10956,#10957);
#10956 = CARTESIAN_POINT('',(1.75,0.95,-0.5));
#10957 = VECTOR('',#10958,1.);
#10958 = DIRECTION('',(0.,0.,1.));
#10959 = ORIENTED_EDGE('',*,*,#10960,.T.);
#10960 = EDGE_CURVE('',#10953,#10928,#10961,.T.);
#10961 = LINE('',#10962,#10963);
#10962 = CARTESIAN_POINT('',(1.75,1.25,0.5));
#10963 = VECTOR('',#10964,1.);
#10964 = DIRECTION('',(0.,1.,0.));
#10965 = ORIENTED_EDGE('',*,*,#10927,.F.);
#10966 = ORIENTED_EDGE('',*,*,#10967,.T.);
#10967 = EDGE_CURVE('',#10919,#10968,#10970,.T.);
#10968 = VERTEX_POINT('',#10969);
#10969 = CARTESIAN_POINT('',(1.75,0.225,1.1));
#10970 = LINE('',#10971,#10972);
#10971 = CARTESIAN_POINT('',(1.75,0.225,1.1));
#10972 = VECTOR('',#10973,1.);
#10973 = DIRECTION('',(0.,-1.,-0.));
#10974 = ORIENTED_EDGE('',*,*,#10975,.T.);
#10975 = EDGE_CURVE('',#10968,#10976,#10978,.T.);
#10976 = VERTEX_POINT('',#10977);
#10977 = CARTESIAN_POINT('',(1.75,0.225,-1.1));
#10978 = LINE('',#10979,#10980);
#10979 = CARTESIAN_POINT('',(1.75,0.225,1.1));
#10980 = VECTOR('',#10981,1.);
#10981 = DIRECTION('',(0.,-0.,-1.));
#10982 = ORIENTED_EDGE('',*,*,#10983,.F.);
#10983 = EDGE_CURVE('',#10634,#10976,#10984,.T.);
#10984 = LINE('',#10985,#10986);
#10985 = CARTESIAN_POINT('',(1.75,0.225,-1.1));
#10986 = VECTOR('',#10987,1.);
#10987 = DIRECTION('',(0.,-1.,-0.));
#10988 = ORIENTED_EDGE('',*,*,#10631,.F.);
#10989 = ORIENTED_EDGE('',*,*,#10990,.F.);
#10990 = EDGE_CURVE('',#10951,#10632,#10991,.T.);
#10991 = LINE('',#10992,#10993);
#10992 = CARTESIAN_POINT('',(1.75,0.225,-0.5));
#10993 = VECTOR('',#10994,1.);
#10994 = DIRECTION('',(0.,1.,0.));
#10995 = PLANE('',#10996);
#10996 = AXIS2_PLACEMENT_3D('',#10997,#10998,#10999);
#10997 = CARTESIAN_POINT('',(1.75,0.225,1.1));
#10998 = DIRECTION('',(-1.,0.,0.));
#10999 = DIRECTION('',(0.,0.,-1.));
#11000 = ADVANCED_FACE('',(#11001),#11028,.T.);
#11001 = FACE_BOUND('',#11002,.T.);
#11002 = EDGE_LOOP('',(#11003,#11012,#11013,#11022));
#11003 = ORIENTED_EDGE('',*,*,#11004,.F.);
#11004 = EDGE_CURVE('',#10976,#11005,#11007,.T.);
#11005 = VERTEX_POINT('',#11006);
#11006 = CARTESIAN_POINT('',(1.525,-7.79270311474E-17,-1.1));
#11007 = CIRCLE('',#11008,0.225);
#11008 = AXIS2_PLACEMENT_3D('',#11009,#11010,#11011);
#11009 = CARTESIAN_POINT('',(1.525,0.225,-1.1));
#11010 = DIRECTION('',(0.,0.,-1.));
#11011 = DIRECTION('',(1.,0.,0.));
#11012 = ORIENTED_EDGE('',*,*,#10975,.F.);
#11013 = ORIENTED_EDGE('',*,*,#11014,.T.);
#11014 = EDGE_CURVE('',#10968,#11015,#11017,.T.);
#11015 = VERTEX_POINT('',#11016);
#11016 = CARTESIAN_POINT('',(1.525,-7.79270311474E-17,1.1));
#11017 = CIRCLE('',#11018,0.225);
#11018 = AXIS2_PLACEMENT_3D('',#11019,#11020,#11021);
#11019 = CARTESIAN_POINT('',(1.525,0.225,1.1));
#11020 = DIRECTION('',(0.,0.,-1.));
#11021 = DIRECTION('',(1.,0.,0.));
#11022 = ORIENTED_EDGE('',*,*,#11023,.T.);
#11023 = EDGE_CURVE('',#11015,#11005,#11024,.T.);
#11024 = LINE('',#11025,#11026);
#11025 = CARTESIAN_POINT('',(1.525,-7.79270311474E-17,1.1));
#11026 = VECTOR('',#11027,1.);
#11027 = DIRECTION('',(0.,-0.,-1.));
#11028 = CYLINDRICAL_SURFACE('',#11029,0.225);
#11029 = AXIS2_PLACEMENT_3D('',#11030,#11031,#11032);
#11030 = CARTESIAN_POINT('',(1.525,0.225,1.1));
#11031 = DIRECTION('',(0.,-0.,-1.));
#11032 = DIRECTION('',(1.,0.,0.));
#11033 = ADVANCED_FACE('',(#11034),#11059,.F.);
#11034 = FACE_BOUND('',#11035,.T.);
#11035 = EDGE_LOOP('',(#11036,#11044,#11045,#11053));
#11036 = ORIENTED_EDGE('',*,*,#11037,.F.);
#11037 = EDGE_CURVE('',#11005,#11038,#11040,.T.);
#11038 = VERTEX_POINT('',#11039);
#11039 = CARTESIAN_POINT('',(0.95,-1.203706215242E-32,-1.1));
#11040 = LINE('',#11041,#11042);
#11041 = CARTESIAN_POINT('',(0.95,-1.203706215242E-32,-1.1));
#11042 = VECTOR('',#11043,1.);
#11043 = DIRECTION('',(-1.,1.355252715607E-16,0.));
#11044 = ORIENTED_EDGE('',*,*,#11023,.F.);
#11045 = ORIENTED_EDGE('',*,*,#11046,.T.);
#11046 = EDGE_CURVE('',#11015,#11047,#11049,.T.);
#11047 = VERTEX_POINT('',#11048);
#11048 = CARTESIAN_POINT('',(0.95,-1.203706215242E-32,1.1));
#11049 = LINE('',#11050,#11051);
#11050 = CARTESIAN_POINT('',(0.95,-1.203706215242E-32,1.1));
#11051 = VECTOR('',#11052,1.);
#11052 = DIRECTION('',(-1.,1.355252715607E-16,0.));
#11053 = ORIENTED_EDGE('',*,*,#11054,.T.);
#11054 = EDGE_CURVE('',#11047,#11038,#11055,.T.);
#11055 = LINE('',#11056,#11057);
#11056 = CARTESIAN_POINT('',(0.95,-1.203706215242E-32,1.1));
#11057 = VECTOR('',#11058,1.);
#11058 = DIRECTION('',(0.,-0.,-1.));
#11059 = PLANE('',#11060);
#11060 = AXIS2_PLACEMENT_3D('',#11061,#11062,#11063);
#11061 = CARTESIAN_POINT('',(0.95,-1.203706215242E-32,1.1));
#11062 = DIRECTION('',(1.355252715607E-16,1.,0.));
#11063 = DIRECTION('',(1.,-1.355252715607E-16,0.));
#11064 = ADVANCED_FACE('',(#11065),#11081,.F.);
#11065 = FACE_BOUND('',#11066,.T.);
#11066 = EDGE_LOOP('',(#11067,#11073,#11074,#11080));
#11067 = ORIENTED_EDGE('',*,*,#11068,.F.);
#11068 = EDGE_CURVE('',#11038,#10665,#11069,.T.);
#11069 = LINE('',#11070,#11071);
#11070 = CARTESIAN_POINT('',(0.95,0.15,-1.1));
#11071 = VECTOR('',#11072,1.);
#11072 = DIRECTION('',(-7.228014483237E-16,1.,0.));
#11073 = ORIENTED_EDGE('',*,*,#11054,.F.);
#11074 = ORIENTED_EDGE('',*,*,#11075,.T.);
#11075 = EDGE_CURVE('',#11047,#10675,#11076,.T.);
#11076 = LINE('',#11077,#11078);
#11077 = CARTESIAN_POINT('',(0.95,0.15,1.1));
#11078 = VECTOR('',#11079,1.);
#11079 = DIRECTION('',(-7.228014483237E-16,1.,0.));
#11080 = ORIENTED_EDGE('',*,*,#10674,.T.);
#11081 = PLANE('',#11082);
#11082 = AXIS2_PLACEMENT_3D('',#11083,#11084,#11085);
#11083 = CARTESIAN_POINT('',(0.95,0.15,1.1));
#11084 = DIRECTION('',(1.,7.228014483237E-16,0.));
#11085 = DIRECTION('',(7.228014483237E-16,-1.,0.));
#11086 = ADVANCED_FACE('',(#11087),#11101,.F.);
#11087 = FACE_BOUND('',#11088,.T.);
#11088 = EDGE_LOOP('',(#11089,#11090,#11091,#11092,#11093,#11094,#11095,
    #11096,#11097,#11098,#11099,#11100));
#11089 = ORIENTED_EDGE('',*,*,#10682,.F.);
#11090 = ORIENTED_EDGE('',*,*,#11075,.F.);
#11091 = ORIENTED_EDGE('',*,*,#11046,.F.);
#11092 = ORIENTED_EDGE('',*,*,#11014,.F.);
#11093 = ORIENTED_EDGE('',*,*,#10967,.F.);
#11094 = ORIENTED_EDGE('',*,*,#10918,.F.);
#11095 = ORIENTED_EDGE('',*,*,#10887,.F.);
#11096 = ORIENTED_EDGE('',*,*,#10856,.F.);
#11097 = ORIENTED_EDGE('',*,*,#10825,.F.);
#11098 = ORIENTED_EDGE('',*,*,#10808,.F.);
#11099 = ORIENTED_EDGE('',*,*,#10745,.F.);
#11100 = ORIENTED_EDGE('',*,*,#10714,.F.);
#11101 = PLANE('',#11102);
#11102 = AXIS2_PLACEMENT_3D('',#11103,#11104,#11105);
#11103 = CARTESIAN_POINT('',(1.525,0.225,1.1));
#11104 = DIRECTION('',(0.,0.,-1.));
#11105 = DIRECTION('',(1.,0.,0.));
#11106 = ADVANCED_FACE('',(#11107),#11121,.T.);
#11107 = FACE_BOUND('',#11108,.T.);
#11108 = EDGE_LOOP('',(#11109,#11110,#11111,#11112,#11113,#11114,#11115,
    #11116,#11117,#11118,#11119,#11120));
#11109 = ORIENTED_EDGE('',*,*,#10664,.T.);
#11110 = ORIENTED_EDGE('',*,*,#10722,.T.);
#11111 = ORIENTED_EDGE('',*,*,#10738,.T.);
#11112 = ORIENTED_EDGE('',*,*,#10515,.T.);
#11113 = ORIENTED_EDGE('',*,*,#10548,.T.);
#11114 = ORIENTED_EDGE('',*,*,#10579,.T.);
#11115 = ORIENTED_EDGE('',*,*,#10610,.T.);
#11116 = ORIENTED_EDGE('',*,*,#10641,.T.);
#11117 = ORIENTED_EDGE('',*,*,#10983,.T.);
#11118 = ORIENTED_EDGE('',*,*,#11004,.T.);
#11119 = ORIENTED_EDGE('',*,*,#11037,.T.);
#11120 = ORIENTED_EDGE('',*,*,#11068,.T.);
#11121 = PLANE('',#11122);
#11122 = AXIS2_PLACEMENT_3D('',#11123,#11124,#11125);
#11123 = CARTESIAN_POINT('',(1.525,0.225,-1.1));
#11124 = DIRECTION('',(0.,0.,-1.));
#11125 = DIRECTION('',(1.,0.,0.));
#11126 = ADVANCED_FACE('',(#11127),#11142,.F.);
#11127 = FACE_BOUND('',#11128,.T.);
#11128 = EDGE_LOOP('',(#11129,#11130,#11131,#11137,#11138,#11139,#11140,
    #11141));
#11129 = ORIENTED_EDGE('',*,*,#10496,.T.);
#11130 = ORIENTED_EDGE('',*,*,#10777,.T.);
#11131 = ORIENTED_EDGE('',*,*,#11132,.T.);
#11132 = EDGE_CURVE('',#10770,#10951,#11133,.T.);
#11133 = LINE('',#11134,#11135);
#11134 = CARTESIAN_POINT('',(1.5,0.95,-0.5));
#11135 = VECTOR('',#11136,1.);
#11136 = DIRECTION('',(1.,-0.,-0.));
#11137 = ORIENTED_EDGE('',*,*,#10990,.T.);
#11138 = ORIENTED_EDGE('',*,*,#10649,.T.);
#11139 = ORIENTED_EDGE('',*,*,#10617,.F.);
#11140 = ORIENTED_EDGE('',*,*,#10586,.T.);
#11141 = ORIENTED_EDGE('',*,*,#10555,.T.);
#11142 = PLANE('',#11143);
#11143 = AXIS2_PLACEMENT_3D('',#11144,#11145,#11146);
#11144 = CARTESIAN_POINT('',(1.5,1.25,-0.5));
#11145 = DIRECTION('',(0.,0.,-1.));
#11146 = DIRECTION('',(1.,0.,0.));
#11147 = ADVANCED_FACE('',(#11148),#11163,.F.);
#11148 = FACE_BOUND('',#11149,.T.);
#11149 = EDGE_LOOP('',(#11150,#11156,#11157,#11158,#11159,#11160,#11161,
    #11162));
#11150 = ORIENTED_EDGE('',*,*,#11151,.F.);
#11151 = EDGE_CURVE('',#10762,#10953,#11152,.T.);
#11152 = LINE('',#11153,#11154);
#11153 = CARTESIAN_POINT('',(1.5,0.95,0.5));
#11154 = VECTOR('',#11155,1.);
#11155 = DIRECTION('',(1.,-0.,-0.));
#11156 = ORIENTED_EDGE('',*,*,#10761,.T.);
#11157 = ORIENTED_EDGE('',*,*,#10791,.T.);
#11158 = ORIENTED_EDGE('',*,*,#10841,.T.);
#11159 = ORIENTED_EDGE('',*,*,#10872,.T.);
#11160 = ORIENTED_EDGE('',*,*,#10903,.T.);
#11161 = ORIENTED_EDGE('',*,*,#10935,.T.);
#11162 = ORIENTED_EDGE('',*,*,#10960,.F.);
#11163 = PLANE('',#11164);
#11164 = AXIS2_PLACEMENT_3D('',#11165,#11166,#11167);
#11165 = CARTESIAN_POINT('',(1.5,1.25,0.5));
#11166 = DIRECTION('',(0.,0.,1.));
#11167 = DIRECTION('',(-1.,0.,0.));
#11168 = ADVANCED_FACE('',(#11169),#11175,.F.);
#11169 = FACE_BOUND('',#11170,.T.);
#11170 = EDGE_LOOP('',(#11171,#11172,#11173,#11174));
#11171 = ORIENTED_EDGE('',*,*,#11132,.F.);
#11172 = ORIENTED_EDGE('',*,*,#10769,.T.);
#11173 = ORIENTED_EDGE('',*,*,#11151,.T.);
#11174 = ORIENTED_EDGE('',*,*,#10950,.F.);
#11175 = PLANE('',#11176);
#11176 = AXIS2_PLACEMENT_3D('',#11177,#11178,#11179);
#11177 = CARTESIAN_POINT('',(1.5,0.95,-0.5));
#11178 = DIRECTION('',(0.,-1.,-0.));
#11179 = DIRECTION('',(-0.,0.,-1.));
#11180 = MANIFOLD_SOLID_BREP('',#11181);
#11181 = CLOSED_SHELL('',(#11182,#11222,#11262,#11293,#11324,#11355,
    #11386,#11417,#11439,#11469,#11499,#11516));
#11182 = ADVANCED_FACE('',(#11183),#11217,.F.);
#11183 = FACE_BOUND('',#11184,.T.);
#11184 = EDGE_LOOP('',(#11185,#11195,#11203,#11211));
#11185 = ORIENTED_EDGE('',*,*,#11186,.F.);
#11186 = EDGE_CURVE('',#11187,#11189,#11191,.T.);
#11187 = VERTEX_POINT('',#11188);
#11188 = CARTESIAN_POINT('',(-1.5,2.08,-1.4));
#11189 = VERTEX_POINT('',#11190);
#11190 = CARTESIAN_POINT('',(-1.5,2.08,1.4));
#11191 = LINE('',#11192,#11193);
#11192 = CARTESIAN_POINT('',(-1.5,2.08,-1.4));
#11193 = VECTOR('',#11194,1.);
#11194 = DIRECTION('',(0.,0.,1.));
#11195 = ORIENTED_EDGE('',*,*,#11196,.T.);
#11196 = EDGE_CURVE('',#11187,#11197,#11199,.T.);
#11197 = VERTEX_POINT('',#11198);
#11198 = CARTESIAN_POINT('',(-1.5,0.25,-1.4));
#11199 = LINE('',#11200,#11201);
#11200 = CARTESIAN_POINT('',(-1.5,1.548860246408E-16,-1.4));
#11201 = VECTOR('',#11202,1.);
#11202 = DIRECTION('',(-1.032573497605E-16,-1.,0.));
#11203 = ORIENTED_EDGE('',*,*,#11204,.F.);
#11204 = EDGE_CURVE('',#11205,#11197,#11207,.T.);
#11205 = VERTEX_POINT('',#11206);
#11206 = CARTESIAN_POINT('',(-1.5,0.25,1.4));
#11207 = LINE('',#11208,#11209);
#11208 = CARTESIAN_POINT('',(-1.5,0.25,1.4));
#11209 = VECTOR('',#11210,1.);
#11210 = DIRECTION('',(-0.,-0.,-1.));
#11211 = ORIENTED_EDGE('',*,*,#11212,.F.);
#11212 = EDGE_CURVE('',#11189,#11205,#11213,.T.);
#11213 = LINE('',#11214,#11215);
#11214 = CARTESIAN_POINT('',(-1.5,1.548860246408E-16,1.4));
#11215 = VECTOR('',#11216,1.);
#11216 = DIRECTION('',(-1.032573497605E-16,-1.,0.));
#11217 = PLANE('',#11218);
#11218 = AXIS2_PLACEMENT_3D('',#11219,#11220,#11221);
#11219 = CARTESIAN_POINT('',(-1.5,1.548860246408E-16,1.4));
#11220 = DIRECTION('',(1.,-1.032573497605E-16,0.));
#11221 = DIRECTION('',(1.032573497605E-16,1.,0.));
#11222 = ADVANCED_FACE('',(#11223),#11257,.T.);
#11223 = FACE_BOUND('',#11224,.T.);
#11224 = EDGE_LOOP('',(#11225,#11235,#11243,#11251));
#11225 = ORIENTED_EDGE('',*,*,#11226,.F.);
#11226 = EDGE_CURVE('',#11227,#11229,#11231,.T.);
#11227 = VERTEX_POINT('',#11228);
#11228 = CARTESIAN_POINT('',(0.8,0.25,-1.4));
#11229 = VERTEX_POINT('',#11230);
#11230 = CARTESIAN_POINT('',(0.8,-2.407412430484E-32,-1.4));
#11231 = LINE('',#11232,#11233);
#11232 = CARTESIAN_POINT('',(0.8,3.469446951954E-16,-1.4));
#11233 = VECTOR('',#11234,1.);
#11234 = DIRECTION('',(4.336808689942E-16,-1.,0.));
#11235 = ORIENTED_EDGE('',*,*,#11236,.F.);
#11236 = EDGE_CURVE('',#11237,#11227,#11239,.T.);
#11237 = VERTEX_POINT('',#11238);
#11238 = CARTESIAN_POINT('',(0.8,0.25,1.4));
#11239 = LINE('',#11240,#11241);
#11240 = CARTESIAN_POINT('',(0.8,0.25,1.4));
#11241 = VECTOR('',#11242,1.);
#11242 = DIRECTION('',(-0.,-0.,-1.));
#11243 = ORIENTED_EDGE('',*,*,#11244,.T.);
#11244 = EDGE_CURVE('',#11237,#11245,#11247,.T.);
#11245 = VERTEX_POINT('',#11246);
#11246 = CARTESIAN_POINT('',(0.8,-2.407412430484E-32,1.4));
#11247 = LINE('',#11248,#11249);
#11248 = CARTESIAN_POINT('',(0.8,3.469446951954E-16,1.4));
#11249 = VECTOR('',#11250,1.);
#11250 = DIRECTION('',(4.336808689942E-16,-1.,0.));
#11251 = ORIENTED_EDGE('',*,*,#11252,.T.);
#11252 = EDGE_CURVE('',#11245,#11229,#11253,.T.);
#11253 = LINE('',#11254,#11255);
#11254 = CARTESIAN_POINT('',(0.8,-2.407412430484E-32,1.4));
#11255 = VECTOR('',#11256,1.);
#11256 = DIRECTION('',(-0.,-0.,-1.));
#11257 = PLANE('',#11258);
#11258 = AXIS2_PLACEMENT_3D('',#11259,#11260,#11261);
#11259 = CARTESIAN_POINT('',(0.8,3.469446951954E-16,1.4));
#11260 = DIRECTION('',(1.,4.336808689942E-16,-0.));
#11261 = DIRECTION('',(-4.336808689942E-16,1.,0.));
#11262 = ADVANCED_FACE('',(#11263),#11288,.T.);
#11263 = FACE_BOUND('',#11264,.T.);
#11264 = EDGE_LOOP('',(#11265,#11273,#11281,#11287));
#11265 = ORIENTED_EDGE('',*,*,#11266,.F.);
#11266 = EDGE_CURVE('',#11267,#11227,#11269,.T.);
#11267 = VERTEX_POINT('',#11268);
#11268 = CARTESIAN_POINT('',(1.5,0.25,-1.4));
#11269 = LINE('',#11270,#11271);
#11270 = CARTESIAN_POINT('',(-9.680376540049E-17,0.25,-1.4));
#11271 = VECTOR('',#11272,1.);
#11272 = DIRECTION('',(-1.,-3.87215061602E-16,0.));
#11273 = ORIENTED_EDGE('',*,*,#11274,.F.);
#11274 = EDGE_CURVE('',#11275,#11267,#11277,.T.);
#11275 = VERTEX_POINT('',#11276);
#11276 = CARTESIAN_POINT('',(1.5,0.25,1.4));
#11277 = LINE('',#11278,#11279);
#11278 = CARTESIAN_POINT('',(1.5,0.25,1.4));
#11279 = VECTOR('',#11280,1.);
#11280 = DIRECTION('',(-0.,-0.,-1.));
#11281 = ORIENTED_EDGE('',*,*,#11282,.T.);
#11282 = EDGE_CURVE('',#11275,#11237,#11283,.T.);
#11283 = LINE('',#11284,#11285);
#11284 = CARTESIAN_POINT('',(-9.680376540049E-17,0.25,1.4));
#11285 = VECTOR('',#11286,1.);
#11286 = DIRECTION('',(-1.,-3.87215061602E-16,0.));
#11287 = ORIENTED_EDGE('',*,*,#11236,.T.);
#11288 = PLANE('',#11289);
#11289 = AXIS2_PLACEMENT_3D('',#11290,#11291,#11292);
#11290 = CARTESIAN_POINT('',(-9.680376540049E-17,0.25,1.4));
#11291 = DIRECTION('',(3.87215061602E-16,-1.,0.));
#11292 = DIRECTION('',(1.,3.87215061602E-16,0.));
#11293 = ADVANCED_FACE('',(#11294),#11319,.T.);
#11294 = FACE_BOUND('',#11295,.T.);
#11295 = EDGE_LOOP('',(#11296,#11304,#11312,#11318));
#11296 = ORIENTED_EDGE('',*,*,#11297,.F.);
#11297 = EDGE_CURVE('',#11298,#11267,#11300,.T.);
#11298 = VERTEX_POINT('',#11299);
#11299 = CARTESIAN_POINT('',(1.5,2.1,-1.4));
#11300 = LINE('',#11301,#11302);
#11301 = CARTESIAN_POINT('',(1.5,1.548860246408E-16,-1.4));
#11302 = VECTOR('',#11303,1.);
#11303 = DIRECTION('',(1.032573497605E-16,-1.,0.));
#11304 = ORIENTED_EDGE('',*,*,#11305,.F.);
#11305 = EDGE_CURVE('',#11306,#11298,#11308,.T.);
#11306 = VERTEX_POINT('',#11307);
#11307 = CARTESIAN_POINT('',(1.5,2.1,1.4));
#11308 = LINE('',#11309,#11310);
#11309 = CARTESIAN_POINT('',(1.5,2.1,1.4));
#11310 = VECTOR('',#11311,1.);
#11311 = DIRECTION('',(-0.,-0.,-1.));
#11312 = ORIENTED_EDGE('',*,*,#11313,.T.);
#11313 = EDGE_CURVE('',#11306,#11275,#11314,.T.);
#11314 = LINE('',#11315,#11316);
#11315 = CARTESIAN_POINT('',(1.5,1.548860246408E-16,1.4));
#11316 = VECTOR('',#11317,1.);
#11317 = DIRECTION('',(1.032573497605E-16,-1.,0.));
#11318 = ORIENTED_EDGE('',*,*,#11274,.T.);
#11319 = PLANE('',#11320);
#11320 = AXIS2_PLACEMENT_3D('',#11321,#11322,#11323);
#11321 = CARTESIAN_POINT('',(1.5,1.548860246408E-16,1.4));
#11322 = DIRECTION('',(1.,1.032573497605E-16,-0.));
#11323 = DIRECTION('',(-1.032573497605E-16,1.,0.));
#11324 = ADVANCED_FACE('',(#11325),#11350,.T.);
#11325 = FACE_BOUND('',#11326,.T.);
#11326 = EDGE_LOOP('',(#11327,#11337,#11343,#11344));
#11327 = ORIENTED_EDGE('',*,*,#11328,.F.);
#11328 = EDGE_CURVE('',#11329,#11331,#11333,.T.);
#11329 = VERTEX_POINT('',#11330);
#11330 = CARTESIAN_POINT('',(-1.,2.1,1.4));
#11331 = VERTEX_POINT('',#11332);
#11332 = CARTESIAN_POINT('',(-1.,2.1,-1.4));
#11333 = LINE('',#11334,#11335);
#11334 = CARTESIAN_POINT('',(-1.,2.1,-1.4));
#11335 = VECTOR('',#11336,1.);
#11336 = DIRECTION('',(-1.548860246408E-16,-0.,-1.));
#11337 = ORIENTED_EDGE('',*,*,#11338,.T.);
#11338 = EDGE_CURVE('',#11329,#11306,#11339,.T.);
#11339 = LINE('',#11340,#11341);
#11340 = CARTESIAN_POINT('',(0.,2.1,1.4));
#11341 = VECTOR('',#11342,1.);
#11342 = DIRECTION('',(1.,0.,0.));
#11343 = ORIENTED_EDGE('',*,*,#11305,.T.);
#11344 = ORIENTED_EDGE('',*,*,#11345,.F.);
#11345 = EDGE_CURVE('',#11331,#11298,#11346,.T.);
#11346 = LINE('',#11347,#11348);
#11347 = CARTESIAN_POINT('',(-0.,2.1,-1.4));
#11348 = VECTOR('',#11349,1.);
#11349 = DIRECTION('',(1.,0.,0.));
#11350 = PLANE('',#11351);
#11351 = AXIS2_PLACEMENT_3D('',#11352,#11353,#11354);
#11352 = CARTESIAN_POINT('',(0.,2.1,1.4));
#11353 = DIRECTION('',(0.,1.,0.));
#11354 = DIRECTION('',(0.,-0.,1.));
#11355 = ADVANCED_FACE('',(#11356),#11381,.F.);
#11356 = FACE_BOUND('',#11357,.T.);
#11357 = EDGE_LOOP('',(#11358,#11366,#11374,#11380));
#11358 = ORIENTED_EDGE('',*,*,#11359,.T.);
#11359 = EDGE_CURVE('',#11197,#11360,#11362,.T.);
#11360 = VERTEX_POINT('',#11361);
#11361 = CARTESIAN_POINT('',(-0.8,0.25,-1.4));
#11362 = LINE('',#11363,#11364);
#11363 = CARTESIAN_POINT('',(9.680376540049E-17,0.25,-1.4));
#11364 = VECTOR('',#11365,1.);
#11365 = DIRECTION('',(1.,-3.87215061602E-16,0.));
#11366 = ORIENTED_EDGE('',*,*,#11367,.F.);
#11367 = EDGE_CURVE('',#11368,#11360,#11370,.T.);
#11368 = VERTEX_POINT('',#11369);
#11369 = CARTESIAN_POINT('',(-0.8,0.25,1.4));
#11370 = LINE('',#11371,#11372);
#11371 = CARTESIAN_POINT('',(-0.8,0.25,1.4));
#11372 = VECTOR('',#11373,1.);
#11373 = DIRECTION('',(-0.,-0.,-1.));
#11374 = ORIENTED_EDGE('',*,*,#11375,.F.);
#11375 = EDGE_CURVE('',#11205,#11368,#11376,.T.);
#11376 = LINE('',#11377,#11378);
#11377 = CARTESIAN_POINT('',(9.680376540049E-17,0.25,1.4));
#11378 = VECTOR('',#11379,1.);
#11379 = DIRECTION('',(1.,-3.87215061602E-16,0.));
#11380 = ORIENTED_EDGE('',*,*,#11204,.T.);
#11381 = PLANE('',#11382);
#11382 = AXIS2_PLACEMENT_3D('',#11383,#11384,#11385);
#11383 = CARTESIAN_POINT('',(9.680376540049E-17,0.25,1.4));
#11384 = DIRECTION('',(3.87215061602E-16,1.,-0.));
#11385 = DIRECTION('',(-1.,3.87215061602E-16,0.));
#11386 = ADVANCED_FACE('',(#11387),#11412,.F.);
#11387 = FACE_BOUND('',#11388,.T.);
#11388 = EDGE_LOOP('',(#11389,#11397,#11405,#11411));
#11389 = ORIENTED_EDGE('',*,*,#11390,.T.);
#11390 = EDGE_CURVE('',#11360,#11391,#11393,.T.);
#11391 = VERTEX_POINT('',#11392);
#11392 = CARTESIAN_POINT('',(-0.8,-2.407412430484E-32,-1.4));
#11393 = LINE('',#11394,#11395);
#11394 = CARTESIAN_POINT('',(-0.8,3.469446951954E-16,-1.4));
#11395 = VECTOR('',#11396,1.);
#11396 = DIRECTION('',(-4.336808689942E-16,-1.,0.));
#11397 = ORIENTED_EDGE('',*,*,#11398,.F.);
#11398 = EDGE_CURVE('',#11399,#11391,#11401,.T.);
#11399 = VERTEX_POINT('',#11400);
#11400 = CARTESIAN_POINT('',(-0.8,-2.407412430484E-32,1.4));
#11401 = LINE('',#11402,#11403);
#11402 = CARTESIAN_POINT('',(-0.8,-2.407412430484E-32,1.4));
#11403 = VECTOR('',#11404,1.);
#11404 = DIRECTION('',(-0.,-0.,-1.));
#11405 = ORIENTED_EDGE('',*,*,#11406,.F.);
#11406 = EDGE_CURVE('',#11368,#11399,#11407,.T.);
#11407 = LINE('',#11408,#11409);
#11408 = CARTESIAN_POINT('',(-0.8,3.469446951954E-16,1.4));
#11409 = VECTOR('',#11410,1.);
#11410 = DIRECTION('',(-4.336808689942E-16,-1.,0.));
#11411 = ORIENTED_EDGE('',*,*,#11367,.T.);
#11412 = PLANE('',#11413);
#11413 = AXIS2_PLACEMENT_3D('',#11414,#11415,#11416);
#11414 = CARTESIAN_POINT('',(-0.8,3.469446951954E-16,1.4));
#11415 = DIRECTION('',(1.,-4.336808689942E-16,0.));
#11416 = DIRECTION('',(4.336808689942E-16,1.,0.));
#11417 = ADVANCED_FACE('',(#11418),#11434,.F.);
#11418 = FACE_BOUND('',#11419,.T.);
#11419 = EDGE_LOOP('',(#11420,#11426,#11427,#11433));
#11420 = ORIENTED_EDGE('',*,*,#11421,.T.);
#11421 = EDGE_CURVE('',#11391,#11229,#11422,.T.);
#11422 = LINE('',#11423,#11424);
#11423 = CARTESIAN_POINT('',(0.,-2.407412430484E-32,-1.4));
#11424 = VECTOR('',#11425,1.);
#11425 = DIRECTION('',(1.,0.,0.));
#11426 = ORIENTED_EDGE('',*,*,#11252,.F.);
#11427 = ORIENTED_EDGE('',*,*,#11428,.F.);
#11428 = EDGE_CURVE('',#11399,#11245,#11429,.T.);
#11429 = LINE('',#11430,#11431);
#11430 = CARTESIAN_POINT('',(0.,-2.407412430484E-32,1.4));
#11431 = VECTOR('',#11432,1.);
#11432 = DIRECTION('',(1.,0.,0.));
#11433 = ORIENTED_EDGE('',*,*,#11398,.T.);
#11434 = PLANE('',#11435);
#11435 = AXIS2_PLACEMENT_3D('',#11436,#11437,#11438);
#11436 = CARTESIAN_POINT('',(0.,-2.407412430484E-32,1.4));
#11437 = DIRECTION('',(0.,1.,0.));
#11438 = DIRECTION('',(0.,-0.,1.));
#11439 = ADVANCED_FACE('',(#11440),#11464,.T.);
#11440 = FACE_BOUND('',#11441,.T.);
#11441 = EDGE_LOOP('',(#11442,#11450,#11456,#11457,#11458,#11459,#11460,
    #11461,#11462,#11463));
#11442 = ORIENTED_EDGE('',*,*,#11443,.F.);
#11443 = EDGE_CURVE('',#11444,#11329,#11446,.T.);
#11444 = VERTEX_POINT('',#11445);
#11445 = CARTESIAN_POINT('',(-1.,2.08,1.4));
#11446 = LINE('',#11447,#11448);
#11447 = CARTESIAN_POINT('',(-1.,2.08,1.4));
#11448 = VECTOR('',#11449,1.);
#11449 = DIRECTION('',(-0.,1.,-0.));
#11450 = ORIENTED_EDGE('',*,*,#11451,.F.);
#11451 = EDGE_CURVE('',#11189,#11444,#11452,.T.);
#11452 = LINE('',#11453,#11454);
#11453 = CARTESIAN_POINT('',(-1.5,2.08,1.4));
#11454 = VECTOR('',#11455,1.);
#11455 = DIRECTION('',(1.,0.,0.));
#11456 = ORIENTED_EDGE('',*,*,#11212,.T.);
#11457 = ORIENTED_EDGE('',*,*,#11375,.T.);
#11458 = ORIENTED_EDGE('',*,*,#11406,.T.);
#11459 = ORIENTED_EDGE('',*,*,#11428,.T.);
#11460 = ORIENTED_EDGE('',*,*,#11244,.F.);
#11461 = ORIENTED_EDGE('',*,*,#11282,.F.);
#11462 = ORIENTED_EDGE('',*,*,#11313,.F.);
#11463 = ORIENTED_EDGE('',*,*,#11338,.F.);
#11464 = PLANE('',#11465);
#11465 = AXIS2_PLACEMENT_3D('',#11466,#11467,#11468);
#11466 = CARTESIAN_POINT('',(0.,0.,1.4));
#11467 = DIRECTION('',(-0.,0.,1.));
#11468 = DIRECTION('',(1.,0.,0.));
#11469 = ADVANCED_FACE('',(#11470),#11494,.F.);
#11470 = FACE_BOUND('',#11471,.T.);
#11471 = EDGE_LOOP('',(#11472,#11480,#11486,#11487,#11488,#11489,#11490,
    #11491,#11492,#11493));
#11472 = ORIENTED_EDGE('',*,*,#11473,.F.);
#11473 = EDGE_CURVE('',#11474,#11187,#11476,.T.);
#11474 = VERTEX_POINT('',#11475);
#11475 = CARTESIAN_POINT('',(-1.,2.08,-1.4));
#11476 = LINE('',#11477,#11478);
#11477 = CARTESIAN_POINT('',(-1.5,2.08,-1.4));
#11478 = VECTOR('',#11479,1.);
#11479 = DIRECTION('',(-1.,-0.,-0.));
#11480 = ORIENTED_EDGE('',*,*,#11481,.T.);
#11481 = EDGE_CURVE('',#11474,#11331,#11482,.T.);
#11482 = LINE('',#11483,#11484);
#11483 = CARTESIAN_POINT('',(-1.,2.08,-1.4));
#11484 = VECTOR('',#11485,1.);
#11485 = DIRECTION('',(-0.,1.,-0.));
#11486 = ORIENTED_EDGE('',*,*,#11345,.T.);
#11487 = ORIENTED_EDGE('',*,*,#11297,.T.);
#11488 = ORIENTED_EDGE('',*,*,#11266,.T.);
#11489 = ORIENTED_EDGE('',*,*,#11226,.T.);
#11490 = ORIENTED_EDGE('',*,*,#11421,.F.);
#11491 = ORIENTED_EDGE('',*,*,#11390,.F.);
#11492 = ORIENTED_EDGE('',*,*,#11359,.F.);
#11493 = ORIENTED_EDGE('',*,*,#11196,.F.);
#11494 = PLANE('',#11495);
#11495 = AXIS2_PLACEMENT_3D('',#11496,#11497,#11498);
#11496 = CARTESIAN_POINT('',(0.,0.,-1.4));
#11497 = DIRECTION('',(-0.,0.,1.));
#11498 = DIRECTION('',(1.,0.,0.));
#11499 = ADVANCED_FACE('',(#11500),#11511,.F.);
#11500 = FACE_BOUND('',#11501,.T.);
#11501 = EDGE_LOOP('',(#11502,#11503,#11504,#11510));
#11502 = ORIENTED_EDGE('',*,*,#11328,.T.);
#11503 = ORIENTED_EDGE('',*,*,#11481,.F.);
#11504 = ORIENTED_EDGE('',*,*,#11505,.F.);
#11505 = EDGE_CURVE('',#11444,#11474,#11506,.T.);
#11506 = LINE('',#11507,#11508);
#11507 = CARTESIAN_POINT('',(-1.,2.08,-1.4));
#11508 = VECTOR('',#11509,1.);
#11509 = DIRECTION('',(-1.548860246408E-16,-0.,-1.));
#11510 = ORIENTED_EDGE('',*,*,#11443,.T.);
#11511 = PLANE('',#11512);
#11512 = AXIS2_PLACEMENT_3D('',#11513,#11514,#11515);
#11513 = CARTESIAN_POINT('',(-1.,2.08,-1.4));
#11514 = DIRECTION('',(1.,0.,-1.548860246408E-16));
#11515 = DIRECTION('',(-1.548860246408E-16,0.,-1.));
#11516 = ADVANCED_FACE('',(#11517),#11523,.T.);
#11517 = FACE_BOUND('',#11518,.T.);
#11518 = EDGE_LOOP('',(#11519,#11520,#11521,#11522));
#11519 = ORIENTED_EDGE('',*,*,#11186,.T.);
#11520 = ORIENTED_EDGE('',*,*,#11451,.T.);
#11521 = ORIENTED_EDGE('',*,*,#11505,.T.);
#11522 = ORIENTED_EDGE('',*,*,#11473,.T.);
#11523 = PLANE('',#11524);
#11524 = AXIS2_PLACEMENT_3D('',#11525,#11526,#11527);
#11525 = CARTESIAN_POINT('',(0.,2.08,0.));
#11526 = DIRECTION('',(0.,1.,0.));
#11527 = DIRECTION('',(0.,-0.,1.));
#11528 = MANIFOLD_SOLID_BREP('',#11529);
#11529 = CLOSED_SHELL('',(#11530,#11570,#11601,#11632,#11654,#11666));
#11530 = ADVANCED_FACE('',(#11531),#11565,.T.);
#11531 = FACE_BOUND('',#11532,.T.);
#11532 = EDGE_LOOP('',(#11533,#11543,#11551,#11559));
#11533 = ORIENTED_EDGE('',*,*,#11534,.F.);
#11534 = EDGE_CURVE('',#11535,#11537,#11539,.T.);
#11535 = VERTEX_POINT('',#11536);
#11536 = CARTESIAN_POINT('',(-1.5,2.1,-1.4));
#11537 = VERTEX_POINT('',#11538);
#11538 = CARTESIAN_POINT('',(-1.5,2.1,1.4));
#11539 = LINE('',#11540,#11541);
#11540 = CARTESIAN_POINT('',(-1.5,2.1,-1.4));
#11541 = VECTOR('',#11542,1.);
#11542 = DIRECTION('',(0.,0.,1.));
#11543 = ORIENTED_EDGE('',*,*,#11544,.F.);
#11544 = EDGE_CURVE('',#11545,#11535,#11547,.T.);
#11545 = VERTEX_POINT('',#11546);
#11546 = CARTESIAN_POINT('',(-1.5,2.08,-1.4));
#11547 = LINE('',#11548,#11549);
#11548 = CARTESIAN_POINT('',(-1.5,2.08,-1.4));
#11549 = VECTOR('',#11550,1.);
#11550 = DIRECTION('',(0.,1.,0.));
#11551 = ORIENTED_EDGE('',*,*,#11552,.T.);
#11552 = EDGE_CURVE('',#11545,#11553,#11555,.T.);
#11553 = VERTEX_POINT('',#11554);
#11554 = CARTESIAN_POINT('',(-1.5,2.08,1.4));
#11555 = LINE('',#11556,#11557);
#11556 = CARTESIAN_POINT('',(-1.5,2.08,-1.4));
#11557 = VECTOR('',#11558,1.);
#11558 = DIRECTION('',(0.,0.,1.));
#11559 = ORIENTED_EDGE('',*,*,#11560,.T.);
#11560 = EDGE_CURVE('',#11553,#11537,#11561,.T.);
#11561 = LINE('',#11562,#11563);
#11562 = CARTESIAN_POINT('',(-1.5,2.08,1.4));
#11563 = VECTOR('',#11564,1.);
#11564 = DIRECTION('',(0.,1.,0.));
#11565 = PLANE('',#11566);
#11566 = AXIS2_PLACEMENT_3D('',#11567,#11568,#11569);
#11567 = CARTESIAN_POINT('',(-1.5,2.08,-1.4));
#11568 = DIRECTION('',(-1.,0.,0.));
#11569 = DIRECTION('',(0.,0.,1.));
#11570 = ADVANCED_FACE('',(#11571),#11596,.T.);
#11571 = FACE_BOUND('',#11572,.T.);
#11572 = EDGE_LOOP('',(#11573,#11581,#11589,#11595));
#11573 = ORIENTED_EDGE('',*,*,#11574,.F.);
#11574 = EDGE_CURVE('',#11575,#11535,#11577,.T.);
#11575 = VERTEX_POINT('',#11576);
#11576 = CARTESIAN_POINT('',(-1.,2.1,-1.4));
#11577 = LINE('',#11578,#11579);
#11578 = CARTESIAN_POINT('',(-1.5,2.1,-1.4));
#11579 = VECTOR('',#11580,1.);
#11580 = DIRECTION('',(-1.,-0.,-0.));
#11581 = ORIENTED_EDGE('',*,*,#11582,.F.);
#11582 = EDGE_CURVE('',#11583,#11575,#11585,.T.);
#11583 = VERTEX_POINT('',#11584);
#11584 = CARTESIAN_POINT('',(-1.,2.08,-1.4));
#11585 = LINE('',#11586,#11587);
#11586 = CARTESIAN_POINT('',(-1.,2.08,-1.4));
#11587 = VECTOR('',#11588,1.);
#11588 = DIRECTION('',(0.,1.,0.));
#11589 = ORIENTED_EDGE('',*,*,#11590,.T.);
#11590 = EDGE_CURVE('',#11583,#11545,#11591,.T.);
#11591 = LINE('',#11592,#11593);
#11592 = CARTESIAN_POINT('',(-1.5,2.08,-1.4));
#11593 = VECTOR('',#11594,1.);
#11594 = DIRECTION('',(-1.,-0.,-0.));
#11595 = ORIENTED_EDGE('',*,*,#11544,.T.);
#11596 = PLANE('',#11597);
#11597 = AXIS2_PLACEMENT_3D('',#11598,#11599,#11600);
#11598 = CARTESIAN_POINT('',(-1.5,2.08,-1.4));
#11599 = DIRECTION('',(0.,0.,-1.));
#11600 = DIRECTION('',(-1.,0.,-0.));
#11601 = ADVANCED_FACE('',(#11602),#11627,.T.);
#11602 = FACE_BOUND('',#11603,.T.);
#11603 = EDGE_LOOP('',(#11604,#11612,#11620,#11626));
#11604 = ORIENTED_EDGE('',*,*,#11605,.F.);
#11605 = EDGE_CURVE('',#11606,#11575,#11608,.T.);
#11606 = VERTEX_POINT('',#11607);
#11607 = CARTESIAN_POINT('',(-1.,2.1,1.4));
#11608 = LINE('',#11609,#11610);
#11609 = CARTESIAN_POINT('',(-1.,2.1,-1.4));
#11610 = VECTOR('',#11611,1.);
#11611 = DIRECTION('',(-1.548860246408E-16,-0.,-1.));
#11612 = ORIENTED_EDGE('',*,*,#11613,.F.);
#11613 = EDGE_CURVE('',#11614,#11606,#11616,.T.);
#11614 = VERTEX_POINT('',#11615);
#11615 = CARTESIAN_POINT('',(-1.,2.08,1.4));
#11616 = LINE('',#11617,#11618);
#11617 = CARTESIAN_POINT('',(-1.,2.08,1.4));
#11618 = VECTOR('',#11619,1.);
#11619 = DIRECTION('',(0.,1.,0.));
#11620 = ORIENTED_EDGE('',*,*,#11621,.T.);
#11621 = EDGE_CURVE('',#11614,#11583,#11622,.T.);
#11622 = LINE('',#11623,#11624);
#11623 = CARTESIAN_POINT('',(-1.,2.08,-1.4));
#11624 = VECTOR('',#11625,1.);
#11625 = DIRECTION('',(-1.548860246408E-16,-0.,-1.));
#11626 = ORIENTED_EDGE('',*,*,#11582,.T.);
#11627 = PLANE('',#11628);
#11628 = AXIS2_PLACEMENT_3D('',#11629,#11630,#11631);
#11629 = CARTESIAN_POINT('',(-1.,2.08,-1.4));
#11630 = DIRECTION('',(1.,0.,-1.548860246408E-16));
#11631 = DIRECTION('',(-1.548860246408E-16,0.,-1.));
#11632 = ADVANCED_FACE('',(#11633),#11649,.T.);
#11633 = FACE_BOUND('',#11634,.T.);
#11634 = EDGE_LOOP('',(#11635,#11641,#11642,#11648));
#11635 = ORIENTED_EDGE('',*,*,#11636,.F.);
#11636 = EDGE_CURVE('',#11537,#11606,#11637,.T.);
#11637 = LINE('',#11638,#11639);
#11638 = CARTESIAN_POINT('',(-1.5,2.1,1.4));
#11639 = VECTOR('',#11640,1.);
#11640 = DIRECTION('',(1.,0.,0.));
#11641 = ORIENTED_EDGE('',*,*,#11560,.F.);
#11642 = ORIENTED_EDGE('',*,*,#11643,.T.);
#11643 = EDGE_CURVE('',#11553,#11614,#11644,.T.);
#11644 = LINE('',#11645,#11646);
#11645 = CARTESIAN_POINT('',(-1.5,2.08,1.4));
#11646 = VECTOR('',#11647,1.);
#11647 = DIRECTION('',(1.,0.,0.));
#11648 = ORIENTED_EDGE('',*,*,#11613,.T.);
#11649 = PLANE('',#11650);
#11650 = AXIS2_PLACEMENT_3D('',#11651,#11652,#11653);
#11651 = CARTESIAN_POINT('',(-1.5,2.08,1.4));
#11652 = DIRECTION('',(0.,0.,1.));
#11653 = DIRECTION('',(1.,0.,-0.));
#11654 = ADVANCED_FACE('',(#11655),#11661,.F.);
#11655 = FACE_BOUND('',#11656,.T.);
#11656 = EDGE_LOOP('',(#11657,#11658,#11659,#11660));
#11657 = ORIENTED_EDGE('',*,*,#11552,.F.);
#11658 = ORIENTED_EDGE('',*,*,#11590,.F.);
#11659 = ORIENTED_EDGE('',*,*,#11621,.F.);
#11660 = ORIENTED_EDGE('',*,*,#11643,.F.);
#11661 = PLANE('',#11662);
#11662 = AXIS2_PLACEMENT_3D('',#11663,#11664,#11665);
#11663 = CARTESIAN_POINT('',(0.,2.08,0.));
#11664 = DIRECTION('',(0.,1.,0.));
#11665 = DIRECTION('',(0.,-0.,1.));
#11666 = ADVANCED_FACE('',(#11667),#11673,.T.);
#11667 = FACE_BOUND('',#11668,.T.);
#11668 = EDGE_LOOP('',(#11669,#11670,#11671,#11672));
#11669 = ORIENTED_EDGE('',*,*,#11534,.T.);
#11670 = ORIENTED_EDGE('',*,*,#11636,.T.);
#11671 = ORIENTED_EDGE('',*,*,#11605,.T.);
#11672 = ORIENTED_EDGE('',*,*,#11574,.T.);
#11673 = PLANE('',#11674);
#11674 = AXIS2_PLACEMENT_3D('',#11675,#11676,#11677);
#11675 = CARTESIAN_POINT('',(0.,2.1,0.));
#11676 = DIRECTION('',(0.,1.,0.));
#11677 = DIRECTION('',(0.,-0.,1.));
#11678 = ( GEOMETRIC_REPRESENTATION_CONTEXT(3) 
GLOBAL_UNCERTAINTY_ASSIGNED_CONTEXT((#11682)) 
GLOBAL_UNIT_ASSIGNED_CONTEXT((#11679,#11680,#11681)) 
REPRESENTATION_CONTEXT('Context #1',
  '3D Context with UNIT and UNCERTAINTY') );
#11679 = ( LENGTH_UNIT() NAMED_UNIT(*) SI_UNIT(.MILLI.,.METRE.) );
#11680 = ( NAMED_UNIT(*) PLANE_ANGLE_UNIT() SI_UNIT($,.RADIAN.) );
#11681 = ( NAMED_UNIT(*) SI_UNIT($,.STERADIAN.) SOLID_ANGLE_UNIT() );
#11682 = UNCERTAINTY_MEASURE_WITH_UNIT(LENGTH_MEASURE(1.E-07),#11679,
  'distance_accuracy_value','confusion accuracy');
#11683 = CONTEXT_DEPENDENT_SHAPE_REPRESENTATION(#11684,#11686);
#11684 = ( REPRESENTATION_RELATIONSHIP('','',#9799,#9776) 
REPRESENTATION_RELATIONSHIP_WITH_TRANSFORMATION(#11685) 
SHAPE_REPRESENTATION_RELATIONSHIP() );
#11685 = ITEM_DEFINED_TRANSFORMATION('','',#11,#9777);
#11686 = PRODUCT_DEFINITION_SHAPE('Placement','Placement of an item',
  #11687);
#11687 = NEXT_ASSEMBLY_USAGE_OCCURRENCE('13','=>[0:1:1:11]','',#9771,
  #9794,$);
#11688 = PRODUCT_RELATED_PRODUCT_CATEGORY('part',$,(#9796));
#11689 = SHAPE_DEFINITION_REPRESENTATION(#11690,#11696);
#11690 = PRODUCT_DEFINITION_SHAPE('','',#11691);
#11691 = PRODUCT_DEFINITION('design','',#11692,#11695);
#11692 = PRODUCT_DEFINITION_FORMATION('','',#11693);
#11693 = PRODUCT('APDS-9960','APDS-9960','',(#11694));
#11694 = PRODUCT_CONTEXT('',#2,'mechanical');
#11695 = PRODUCT_DEFINITION_CONTEXT('part definition',#2,'design');
#11696 = SHAPE_REPRESENTATION('',(#11,#11697),#11701);
#11697 = AXIS2_PLACEMENT_3D('',#11698,#11699,#11700);
#11698 = CARTESIAN_POINT('',(0.,0.,0.));
#11699 = DIRECTION('',(0.,0.,1.));
#11700 = DIRECTION('',(1.,0.,-0.));
#11701 = ( GEOMETRIC_REPRESENTATION_CONTEXT(3) 
GLOBAL_UNCERTAINTY_ASSIGNED_CONTEXT((#11705)) 
GLOBAL_UNIT_ASSIGNED_CONTEXT((#11702,#11703,#11704)) 
REPRESENTATION_CONTEXT('Context #1',
  '3D Context with UNIT and UNCERTAINTY') );
#11702 = ( LENGTH_UNIT() NAMED_UNIT(*) SI_UNIT(.MILLI.,.METRE.) );
#11703 = ( NAMED_UNIT(*) PLANE_ANGLE_UNIT() SI_UNIT($,.RADIAN.) );
#11704 = ( NAMED_UNIT(*) SI_UNIT($,.STERADIAN.) SOLID_ANGLE_UNIT() );
#11705 = UNCERTAINTY_MEASURE_WITH_UNIT(LENGTH_MEASURE(1.E-05),#11702,
  'distance_accuracy_value','confusion accuracy');
#11706 = CONTEXT_DEPENDENT_SHAPE_REPRESENTATION(#11707,#11709);
#11707 = ( REPRESENTATION_RELATIONSHIP('','',#11696,#10) 
REPRESENTATION_RELATIONSHIP_WITH_TRANSFORMATION(#11708) 
SHAPE_REPRESENTATION_RELATIONSHIP() );
#11708 = ITEM_DEFINED_TRANSFORMATION('','',#11,#51);
#11709 = PRODUCT_DEFINITION_SHAPE('Placement','Placement of an item',
  #11710);
#11710 = NEXT_ASSEMBLY_USAGE_OCCURRENCE('16','U1','',#5,#11691,$);
#11711 = PRODUCT_RELATED_PRODUCT_CATEGORY('part',$,(#11693));
#11712 = SHAPE_DEFINITION_REPRESENTATION(#11713,#11719);
#11713 = PRODUCT_DEFINITION_SHAPE('','',#11714);
#11714 = PRODUCT_DEFINITION('design','',#11715,#11718);
#11715 = PRODUCT_DEFINITION_FORMATION('','',#11716);
#11716 = PRODUCT('APDS-9960','APDS-9960','',(#11717));
#11717 = PRODUCT_CONTEXT('',#2,'mechanical');
#11718 = PRODUCT_DEFINITION_CONTEXT('part definition',#2,'design');
#11719 = SHAPE_REPRESENTATION('',(#11,#11720,#12829,#13837,#13987,#14137
    ,#14287,#14437,#14587,#14737,#14887),#15037);
#11720 = MANIFOLD_SOLID_BREP('',#11721);
#11721 = CLOSED_SHELL('',(#11722,#11764,#11806,#11848,#11890,#11934,
    #11976,#12010,#12044,#12093,#12129,#12159,#12181,#12231,#12262,
    #12273,#12291,#12307,#12338,#12361,#12378,#12401,#12413,#12425,
    #12443,#12461,#12486,#12510,#12528,#12552,#12570,#12640,#12657,
    #12676,#12688,#12728,#12758,#12782,#12805,#12817));
#11722 = ADVANCED_FACE('',(#11723),#11759,.T.);
#11723 = FACE_BOUND('',#11724,.T.);
#11724 = EDGE_LOOP('',(#11725,#11736,#11744,#11753));
#11725 = ORIENTED_EDGE('',*,*,#11726,.T.);
#11726 = EDGE_CURVE('',#11727,#11729,#11731,.T.);
#11727 = VERTEX_POINT('',#11728);
#11728 = CARTESIAN_POINT('',(-3.E-02,1.045,0.2));
#11729 = VERTEX_POINT('',#11730);
#11730 = CARTESIAN_POINT('',(-0.100710678119,1.015710678119,0.2));
#11731 = CIRCLE('',#11732,1.E-01);
#11732 = AXIS2_PLACEMENT_3D('',#11733,#11734,#11735);
#11733 = CARTESIAN_POINT('',(-3.E-02,0.945,0.2));
#11734 = DIRECTION('',(0.,0.,1.));
#11735 = DIRECTION('',(-0.707106781187,0.707106781187,0.));
#11736 = ORIENTED_EDGE('',*,*,#11737,.T.);
#11737 = EDGE_CURVE('',#11729,#11738,#11740,.T.);
#11738 = VERTEX_POINT('',#11739);
#11739 = CARTESIAN_POINT('',(-0.100710678119,1.015710678119,1.25));
#11740 = LINE('',#11741,#11742);
#11741 = CARTESIAN_POINT('',(-0.100710678119,1.015710678119,0.2));
#11742 = VECTOR('',#11743,1.);
#11743 = DIRECTION('',(0.,0.,1.));
#11744 = ORIENTED_EDGE('',*,*,#11745,.F.);
#11745 = EDGE_CURVE('',#11746,#11738,#11748,.T.);
#11746 = VERTEX_POINT('',#11747);
#11747 = CARTESIAN_POINT('',(-3.E-02,1.045,1.25));
#11748 = CIRCLE('',#11749,1.E-01);
#11749 = AXIS2_PLACEMENT_3D('',#11750,#11751,#11752);
#11750 = CARTESIAN_POINT('',(-3.E-02,0.945,1.25));
#11751 = DIRECTION('',(0.,0.,1.));
#11752 = DIRECTION('',(-0.707106781187,0.707106781187,0.));
#11753 = ORIENTED_EDGE('',*,*,#11754,.T.);
#11754 = EDGE_CURVE('',#11746,#11727,#11755,.T.);
#11755 = LINE('',#11756,#11757);
#11756 = CARTESIAN_POINT('',(-3.E-02,1.045,0.2));
#11757 = VECTOR('',#11758,1.);
#11758 = DIRECTION('',(0.,0.,-1.));
#11759 = CYLINDRICAL_SURFACE('',#11760,1.E-01);
#11760 = AXIS2_PLACEMENT_3D('',#11761,#11762,#11763);
#11761 = CARTESIAN_POINT('',(-3.E-02,0.945,0.2));
#11762 = DIRECTION('',(0.,0.,1.));
#11763 = DIRECTION('',(-0.707106781187,0.707106781187,0.));
#11764 = ADVANCED_FACE('',(#11765),#11801,.T.);
#11765 = FACE_BOUND('',#11766,.T.);
#11766 = EDGE_LOOP('',(#11767,#11778,#11786,#11795));
#11767 = ORIENTED_EDGE('',*,*,#11768,.T.);
#11768 = EDGE_CURVE('',#11769,#11771,#11773,.T.);
#11769 = VERTEX_POINT('',#11770);
#11770 = CARTESIAN_POINT('',(-0.13,-4.999999999999E-03,0.2));
#11771 = VERTEX_POINT('',#11772);
#11772 = CARTESIAN_POINT('',(-0.100710678119,-7.571067811865E-02,0.2));
#11773 = CIRCLE('',#11774,0.1);
#11774 = AXIS2_PLACEMENT_3D('',#11775,#11776,#11777);
#11775 = CARTESIAN_POINT('',(-3.E-02,-4.999999999999E-03,0.2));
#11776 = DIRECTION('',(0.,0.,1.));
#11777 = DIRECTION('',(-0.707106781187,-0.707106781187,0.));
#11778 = ORIENTED_EDGE('',*,*,#11779,.T.);
#11779 = EDGE_CURVE('',#11771,#11780,#11782,.T.);
#11780 = VERTEX_POINT('',#11781);
#11781 = CARTESIAN_POINT('',(-0.100710678119,-7.571067811865E-02,1.25));
#11782 = LINE('',#11783,#11784);
#11783 = CARTESIAN_POINT('',(-0.100710678119,-7.571067811865E-02,0.2));
#11784 = VECTOR('',#11785,1.);
#11785 = DIRECTION('',(0.,0.,1.));
#11786 = ORIENTED_EDGE('',*,*,#11787,.F.);
#11787 = EDGE_CURVE('',#11788,#11780,#11790,.T.);
#11788 = VERTEX_POINT('',#11789);
#11789 = CARTESIAN_POINT('',(-0.13,-4.999999999999E-03,1.25));
#11790 = CIRCLE('',#11791,0.1);
#11791 = AXIS2_PLACEMENT_3D('',#11792,#11793,#11794);
#11792 = CARTESIAN_POINT('',(-3.E-02,-4.999999999999E-03,1.25));
#11793 = DIRECTION('',(0.,0.,1.));
#11794 = DIRECTION('',(-0.707106781187,-0.707106781187,0.));
#11795 = ORIENTED_EDGE('',*,*,#11796,.T.);
#11796 = EDGE_CURVE('',#11788,#11769,#11797,.T.);
#11797 = LINE('',#11798,#11799);
#11798 = CARTESIAN_POINT('',(-0.13,-4.999999999999E-03,0.2));
#11799 = VECTOR('',#11800,1.);
#11800 = DIRECTION('',(0.,0.,-1.));
#11801 = CYLINDRICAL_SURFACE('',#11802,0.1);
#11802 = AXIS2_PLACEMENT_3D('',#11803,#11804,#11805);
#11803 = CARTESIAN_POINT('',(-3.E-02,-4.999999999999E-03,0.2));
#11804 = DIRECTION('',(0.,0.,1.));
#11805 = DIRECTION('',(-0.707106781187,-0.707106781187,0.));
#11806 = ADVANCED_FACE('',(#11807),#11843,.T.);
#11807 = FACE_BOUND('',#11808,.T.);
#11808 = EDGE_LOOP('',(#11809,#11820,#11828,#11837));
#11809 = ORIENTED_EDGE('',*,*,#11810,.T.);
#11810 = EDGE_CURVE('',#11811,#11813,#11815,.T.);
#11811 = VERTEX_POINT('',#11812);
#11812 = CARTESIAN_POINT('',(2.13,-0.105,0.2));
#11813 = VERTEX_POINT('',#11814);
#11814 = CARTESIAN_POINT('',(2.200710678119,-7.571067811865E-02,0.2));
#11815 = CIRCLE('',#11816,0.1);
#11816 = AXIS2_PLACEMENT_3D('',#11817,#11818,#11819);
#11817 = CARTESIAN_POINT('',(2.13,-4.999999999999E-03,0.2));
#11818 = DIRECTION('',(0.,0.,1.));
#11819 = DIRECTION('',(0.707106781187,-0.707106781187,0.));
#11820 = ORIENTED_EDGE('',*,*,#11821,.T.);
#11821 = EDGE_CURVE('',#11813,#11822,#11824,.T.);
#11822 = VERTEX_POINT('',#11823);
#11823 = CARTESIAN_POINT('',(2.200710678119,-7.571067811865E-02,1.25));
#11824 = LINE('',#11825,#11826);
#11825 = CARTESIAN_POINT('',(2.200710678119,-7.571067811865E-02,0.2));
#11826 = VECTOR('',#11827,1.);
#11827 = DIRECTION('',(0.,0.,1.));
#11828 = ORIENTED_EDGE('',*,*,#11829,.F.);
#11829 = EDGE_CURVE('',#11830,#11822,#11832,.T.);
#11830 = VERTEX_POINT('',#11831);
#11831 = CARTESIAN_POINT('',(2.13,-0.105,1.25));
#11832 = CIRCLE('',#11833,0.1);
#11833 = AXIS2_PLACEMENT_3D('',#11834,#11835,#11836);
#11834 = CARTESIAN_POINT('',(2.13,-4.999999999999E-03,1.25));
#11835 = DIRECTION('',(0.,0.,1.));
#11836 = DIRECTION('',(0.707106781187,-0.707106781187,0.));
#11837 = ORIENTED_EDGE('',*,*,#11838,.T.);
#11838 = EDGE_CURVE('',#11830,#11811,#11839,.T.);
#11839 = LINE('',#11840,#11841);
#11840 = CARTESIAN_POINT('',(2.13,-0.105,0.2));
#11841 = VECTOR('',#11842,1.);
#11842 = DIRECTION('',(0.,0.,-1.));
#11843 = CYLINDRICAL_SURFACE('',#11844,0.1);
#11844 = AXIS2_PLACEMENT_3D('',#11845,#11846,#11847);
#11845 = CARTESIAN_POINT('',(2.13,-4.999999999999E-03,0.2));
#11846 = DIRECTION('',(0.,0.,1.));
#11847 = DIRECTION('',(0.707106781187,-0.707106781187,0.));
#11848 = ADVANCED_FACE('',(#11849),#11885,.T.);
#11849 = FACE_BOUND('',#11850,.T.);
#11850 = EDGE_LOOP('',(#11851,#11862,#11870,#11879));
#11851 = ORIENTED_EDGE('',*,*,#11852,.T.);
#11852 = EDGE_CURVE('',#11853,#11855,#11857,.T.);
#11853 = VERTEX_POINT('',#11854);
#11854 = CARTESIAN_POINT('',(2.23,0.945,0.2));
#11855 = VERTEX_POINT('',#11856);
#11856 = CARTESIAN_POINT('',(2.200710678119,1.015710678119,0.2));
#11857 = CIRCLE('',#11858,0.1);
#11858 = AXIS2_PLACEMENT_3D('',#11859,#11860,#11861);
#11859 = CARTESIAN_POINT('',(2.13,0.945,0.2));
#11860 = DIRECTION('',(0.,0.,1.));
#11861 = DIRECTION('',(0.707106781187,0.707106781187,-0.));
#11862 = ORIENTED_EDGE('',*,*,#11863,.T.);
#11863 = EDGE_CURVE('',#11855,#11864,#11866,.T.);
#11864 = VERTEX_POINT('',#11865);
#11865 = CARTESIAN_POINT('',(2.200710678119,1.015710678119,1.25));
#11866 = LINE('',#11867,#11868);
#11867 = CARTESIAN_POINT('',(2.200710678119,1.015710678119,0.2));
#11868 = VECTOR('',#11869,1.);
#11869 = DIRECTION('',(0.,0.,1.));
#11870 = ORIENTED_EDGE('',*,*,#11871,.F.);
#11871 = EDGE_CURVE('',#11872,#11864,#11874,.T.);
#11872 = VERTEX_POINT('',#11873);
#11873 = CARTESIAN_POINT('',(2.23,0.945,1.25));
#11874 = CIRCLE('',#11875,0.1);
#11875 = AXIS2_PLACEMENT_3D('',#11876,#11877,#11878);
#11876 = CARTESIAN_POINT('',(2.13,0.945,1.25));
#11877 = DIRECTION('',(0.,0.,1.));
#11878 = DIRECTION('',(0.707106781187,0.707106781187,-0.));
#11879 = ORIENTED_EDGE('',*,*,#11880,.T.);
#11880 = EDGE_CURVE('',#11872,#11853,#11881,.T.);
#11881 = LINE('',#11882,#11883);
#11882 = CARTESIAN_POINT('',(2.23,0.945,0.2));
#11883 = VECTOR('',#11884,1.);
#11884 = DIRECTION('',(0.,0.,-1.));
#11885 = CYLINDRICAL_SURFACE('',#11886,0.1);
#11886 = AXIS2_PLACEMENT_3D('',#11887,#11888,#11889);
#11887 = CARTESIAN_POINT('',(2.13,0.945,0.2));
#11888 = DIRECTION('',(0.,0.,1.));
#11889 = DIRECTION('',(0.707106781187,0.707106781187,-0.));
#11890 = ADVANCED_FACE('',(#11891),#11929,.T.);
#11891 = FACE_BOUND('',#11892,.T.);
#11892 = EDGE_LOOP('',(#11893,#11904,#11913,#11922));
#11893 = ORIENTED_EDGE('',*,*,#11894,.F.);
#11894 = EDGE_CURVE('',#11895,#11897,#11899,.T.);
#11895 = VERTEX_POINT('',#11896);
#11896 = CARTESIAN_POINT('',(-0.100710678119,-4.999999999999E-03,
    1.320710678119));
#11897 = VERTEX_POINT('',#11898);
#11898 = CARTESIAN_POINT('',(-3.E-02,-4.999999999999E-03,1.35));
#11899 = CIRCLE('',#11900,0.1);
#11900 = AXIS2_PLACEMENT_3D('',#11901,#11902,#11903);
#11901 = CARTESIAN_POINT('',(-3.E-02,-4.999999999999E-03,1.25));
#11902 = DIRECTION('',(-6.938893903907E-16,1.,0.));
#11903 = DIRECTION('',(-1.,-6.938893903907E-16,0.));
#11904 = ORIENTED_EDGE('',*,*,#11905,.T.);
#11905 = EDGE_CURVE('',#11895,#11906,#11908,.T.);
#11906 = VERTEX_POINT('',#11907);
#11907 = CARTESIAN_POINT('',(-3.E-02,-0.105,1.25));
#11908 = CIRCLE('',#11909,1.E-01);
#11909 = AXIS2_PLACEMENT_3D('',#11910,#11911,#11912);
#11910 = CARTESIAN_POINT('',(-3.E-02,-4.999999999999E-03,1.25));
#11911 = DIRECTION('',(0.707106781187,2.498001805407E-16,0.707106781187)
  );
#11912 = DIRECTION('',(0.707106781187,-2.465190328816E-32,
    -0.707106781187));
#11913 = ORIENTED_EDGE('',*,*,#11914,.F.);
#11914 = EDGE_CURVE('',#11915,#11906,#11917,.T.);
#11915 = VERTEX_POINT('',#11916);
#11916 = CARTESIAN_POINT('',(-3.E-02,-7.571067811865E-02,1.320710678119)
  );
#11917 = CIRCLE('',#11918,0.1);
#11918 = AXIS2_PLACEMENT_3D('',#11919,#11920,#11921);
#11919 = CARTESIAN_POINT('',(-3.E-02,-4.999999999999E-03,1.25));
#11920 = DIRECTION('',(1.,0.,-0.));
#11921 = DIRECTION('',(0.,0.,1.));
#11922 = ORIENTED_EDGE('',*,*,#11923,.F.);
#11923 = EDGE_CURVE('',#11897,#11915,#11924,.T.);
#11924 = CIRCLE('',#11925,0.1);
#11925 = AXIS2_PLACEMENT_3D('',#11926,#11927,#11928);
#11926 = CARTESIAN_POINT('',(-3.E-02,-4.999999999999E-03,1.25));
#11927 = DIRECTION('',(1.,0.,-0.));
#11928 = DIRECTION('',(0.,0.,1.));
#11929 = SPHERICAL_SURFACE('',#11930,0.1);
#11930 = AXIS2_PLACEMENT_3D('',#11931,#11932,#11933);
#11931 = CARTESIAN_POINT('',(-3.E-02,-4.999999999999E-03,1.25));
#11932 = DIRECTION('',(-0.707106781187,-3.388131789017E-17,
    -0.707106781187));
#11933 = DIRECTION('',(-0.57735026919,-0.57735026919,0.57735026919));
#11934 = ADVANCED_FACE('',(#11935),#11971,.T.);
#11935 = FACE_BOUND('',#11936,.T.);
#11936 = EDGE_LOOP('',(#11937,#11946,#11955,#11964));
#11937 = ORIENTED_EDGE('',*,*,#11938,.F.);
#11938 = EDGE_CURVE('',#11746,#11939,#11941,.T.);
#11939 = VERTEX_POINT('',#11940);
#11940 = CARTESIAN_POINT('',(-3.E-02,1.015710678119,1.320710678119));
#11941 = CIRCLE('',#11942,1.E-01);
#11942 = AXIS2_PLACEMENT_3D('',#11943,#11944,#11945);
#11943 = CARTESIAN_POINT('',(-3.E-02,0.945,1.25));
#11944 = DIRECTION('',(1.,1.387778780781E-15,0.));
#11945 = DIRECTION('',(-1.387778780781E-15,1.,0.));
#11946 = ORIENTED_EDGE('',*,*,#11947,.T.);
#11947 = EDGE_CURVE('',#11746,#11948,#11950,.T.);
#11948 = VERTEX_POINT('',#11949);
#11949 = CARTESIAN_POINT('',(-0.100710678119,0.945,1.320710678119));
#11950 = CIRCLE('',#11951,0.1);
#11951 = AXIS2_PLACEMENT_3D('',#11952,#11953,#11954);
#11952 = CARTESIAN_POINT('',(-3.E-02,0.945,1.25));
#11953 = DIRECTION('',(0.707106781187,1.665334536938E-16,0.707106781187)
  );
#11954 = DIRECTION('',(0.707106781187,0.,-0.707106781187));
#11955 = ORIENTED_EDGE('',*,*,#11956,.F.);
#11956 = EDGE_CURVE('',#11957,#11948,#11959,.T.);
#11957 = VERTEX_POINT('',#11958);
#11958 = CARTESIAN_POINT('',(-3.E-02,0.945,1.35));
#11959 = CIRCLE('',#11960,0.1);
#11960 = AXIS2_PLACEMENT_3D('',#11961,#11962,#11963);
#11961 = CARTESIAN_POINT('',(-3.E-02,0.945,1.25));
#11962 = DIRECTION('',(0.,-1.,0.));
#11963 = DIRECTION('',(0.,0.,1.));
#11964 = ORIENTED_EDGE('',*,*,#11965,.F.);
#11965 = EDGE_CURVE('',#11939,#11957,#11966,.T.);
#11966 = CIRCLE('',#11967,1.E-01);
#11967 = AXIS2_PLACEMENT_3D('',#11968,#11969,#11970);
#11968 = CARTESIAN_POINT('',(-3.E-02,0.945,1.25));
#11969 = DIRECTION('',(1.,1.387778780781E-15,0.));
#11970 = DIRECTION('',(-1.387778780781E-15,1.,0.));
#11971 = SPHERICAL_SURFACE('',#11972,0.1);
#11972 = AXIS2_PLACEMENT_3D('',#11973,#11974,#11975);
#11973 = CARTESIAN_POINT('',(-3.E-02,0.945,1.25));
#11974 = DIRECTION('',(-0.707106781187,-3.049318610115E-16,
    -0.707106781187));
#11975 = DIRECTION('',(-0.57735026919,0.57735026919,0.57735026919));
#11976 = ADVANCED_FACE('',(#11977),#12005,.T.);
#11977 = FACE_BOUND('',#11978,.T.);
#11978 = EDGE_LOOP('',(#11979,#11980,#11989,#11998));
#11979 = ORIENTED_EDGE('',*,*,#11871,.T.);
#11980 = ORIENTED_EDGE('',*,*,#11981,.T.);
#11981 = EDGE_CURVE('',#11864,#11982,#11984,.T.);
#11982 = VERTEX_POINT('',#11983);
#11983 = CARTESIAN_POINT('',(2.13,1.045,1.25));
#11984 = CIRCLE('',#11985,0.1);
#11985 = AXIS2_PLACEMENT_3D('',#11986,#11987,#11988);
#11986 = CARTESIAN_POINT('',(2.13,0.945,1.25));
#11987 = DIRECTION('',(0.,0.,1.));
#11988 = DIRECTION('',(0.707106781187,0.707106781187,-0.));
#11989 = ORIENTED_EDGE('',*,*,#11990,.T.);
#11990 = EDGE_CURVE('',#11982,#11991,#11993,.T.);
#11991 = VERTEX_POINT('',#11992);
#11992 = CARTESIAN_POINT('',(2.200710678119,0.945,1.320710678119));
#11993 = CIRCLE('',#11994,1.E-01);
#11994 = AXIS2_PLACEMENT_3D('',#11995,#11996,#11997);
#11995 = CARTESIAN_POINT('',(2.13,0.945,1.25));
#11996 = DIRECTION('',(0.707106781187,1.137978600241E-15,-0.707106781187
    ));
#11997 = DIRECTION('',(-0.707106781187,9.860761315263E-31,
    -0.707106781187));
#11998 = ORIENTED_EDGE('',*,*,#11999,.F.);
#11999 = EDGE_CURVE('',#11872,#11991,#12000,.T.);
#12000 = CIRCLE('',#12001,1.E-01);
#12001 = AXIS2_PLACEMENT_3D('',#12002,#12003,#12004);
#12002 = CARTESIAN_POINT('',(2.13,0.945,1.25));
#12003 = DIRECTION('',(0.,-1.,0.));
#12004 = DIRECTION('',(1.,0.,0.));
#12005 = SPHERICAL_SURFACE('',#12006,0.1);
#12006 = AXIS2_PLACEMENT_3D('',#12007,#12008,#12009);
#12007 = CARTESIAN_POINT('',(2.13,0.945,1.25));
#12008 = DIRECTION('',(-0.707106781187,-3.388131789017E-16,
    0.707106781187));
#12009 = DIRECTION('',(0.57735026919,0.57735026919,0.57735026919));
#12010 = ADVANCED_FACE('',(#12011),#12039,.T.);
#12011 = FACE_BOUND('',#12012,.T.);
#12012 = EDGE_LOOP('',(#12013,#12024,#12031,#12032));
#12013 = ORIENTED_EDGE('',*,*,#12014,.F.);
#12014 = EDGE_CURVE('',#12015,#12017,#12019,.T.);
#12015 = VERTEX_POINT('',#12016);
#12016 = CARTESIAN_POINT('',(2.200710678119,-4.999999999999E-03,
    1.320710678119));
#12017 = VERTEX_POINT('',#12018);
#12018 = CARTESIAN_POINT('',(2.23,-4.999999999999E-03,1.25));
#12019 = CIRCLE('',#12020,0.1);
#12020 = AXIS2_PLACEMENT_3D('',#12021,#12022,#12023);
#12021 = CARTESIAN_POINT('',(2.13,-4.999999999999E-03,1.25));
#12022 = DIRECTION('',(-1.084202172485E-17,1.,0.));
#12023 = DIRECTION('',(0.,0.,1.));
#12024 = ORIENTED_EDGE('',*,*,#12025,.T.);
#12025 = EDGE_CURVE('',#12015,#11830,#12026,.T.);
#12026 = CIRCLE('',#12027,1.E-01);
#12027 = AXIS2_PLACEMENT_3D('',#12028,#12029,#12030);
#12028 = CARTESIAN_POINT('',(2.13,-4.999999999999E-03,1.25));
#12029 = DIRECTION('',(0.707106781187,-1.165734175856E-15,
    -0.707106781187));
#12030 = DIRECTION('',(-0.707106781187,-8.874685183736E-31,
    -0.707106781187));
#12031 = ORIENTED_EDGE('',*,*,#11829,.T.);
#12032 = ORIENTED_EDGE('',*,*,#12033,.T.);
#12033 = EDGE_CURVE('',#11822,#12017,#12034,.T.);
#12034 = CIRCLE('',#12035,0.1);
#12035 = AXIS2_PLACEMENT_3D('',#12036,#12037,#12038);
#12036 = CARTESIAN_POINT('',(2.13,-4.999999999999E-03,1.25));
#12037 = DIRECTION('',(0.,0.,1.));
#12038 = DIRECTION('',(0.707106781187,-0.707106781187,0.));
#12039 = SPHERICAL_SURFACE('',#12040,0.1);
#12040 = AXIS2_PLACEMENT_3D('',#12041,#12042,#12043);
#12041 = CARTESIAN_POINT('',(2.13,-4.999999999999E-03,1.25));
#12042 = DIRECTION('',(-0.707106781187,2.0667603913E-15,0.707106781187)
  );
#12043 = DIRECTION('',(0.57735026919,-0.57735026919,0.57735026919));
#12044 = ADVANCED_FACE('',(#12045),#12088,.T.);
#12045 = FACE_BOUND('',#12046,.T.);
#12046 = EDGE_LOOP('',(#12047,#12048,#12056,#12065,#12073,#12082));
#12047 = ORIENTED_EDGE('',*,*,#11923,.T.);
#12048 = ORIENTED_EDGE('',*,*,#12049,.T.);
#12049 = EDGE_CURVE('',#11915,#12050,#12052,.T.);
#12050 = VERTEX_POINT('',#12051);
#12051 = CARTESIAN_POINT('',(2.13,-7.571067811865E-02,1.320710678119));
#12052 = LINE('',#12053,#12054);
#12053 = CARTESIAN_POINT('',(0.46,-7.571067811865E-02,1.320710678119));
#12054 = VECTOR('',#12055,1.);
#12055 = DIRECTION('',(1.,-7.350523203292E-18,-7.350523203292E-18));
#12056 = ORIENTED_EDGE('',*,*,#12057,.T.);
#12057 = EDGE_CURVE('',#12050,#12058,#12060,.T.);
#12058 = VERTEX_POINT('',#12059);
#12059 = CARTESIAN_POINT('',(2.13,-4.999999999999E-03,1.35));
#12060 = CIRCLE('',#12061,1.E-01);
#12061 = AXIS2_PLACEMENT_3D('',#12062,#12063,#12064);
#12062 = CARTESIAN_POINT('',(2.13,-4.999999999999E-03,1.25));
#12063 = DIRECTION('',(-1.,0.,0.));
#12064 = DIRECTION('',(0.,-1.,0.));
#12065 = ORIENTED_EDGE('',*,*,#12066,.T.);
#12066 = EDGE_CURVE('',#12058,#12067,#12069,.T.);
#12067 = VERTEX_POINT('',#12068);
#12068 = CARTESIAN_POINT('',(1.144339811321,-4.999999999999E-03,1.35));
#12069 = LINE('',#12070,#12071);
#12070 = CARTESIAN_POINT('',(0.46,-4.999999999999E-03,1.35));
#12071 = VECTOR('',#12072,1.);
#12072 = DIRECTION('',(-1.,1.470104640658E-17,0.));
#12073 = ORIENTED_EDGE('',*,*,#12074,.T.);
#12074 = EDGE_CURVE('',#12067,#12075,#12077,.T.);
#12075 = VERTEX_POINT('',#12076);
#12076 = CARTESIAN_POINT('',(0.955660188679,-4.999999999999E-03,1.35));
#12077 = B_SPLINE_CURVE_WITH_KNOTS('',3,(#12078,#12079,#12080,#12081),
  .UNSPECIFIED.,.F.,.F.,(4,4),(0.,1.),.PIECEWISE_BEZIER_KNOTS.);
#12078 = CARTESIAN_POINT('',(1.144339811321,-4.999999999999E-03,1.35));
#12079 = CARTESIAN_POINT('',(1.081446603774,-1.848484848485E-02,1.35));
#12080 = CARTESIAN_POINT('',(1.018553396226,-1.848484848485E-02,1.35));
#12081 = CARTESIAN_POINT('',(0.955660188679,-4.999999999999E-03,1.35));
#12082 = ORIENTED_EDGE('',*,*,#12083,.T.);
#12083 = EDGE_CURVE('',#12075,#11897,#12084,.T.);
#12084 = LINE('',#12085,#12086);
#12085 = CARTESIAN_POINT('',(0.46,-4.999999999999E-03,1.35));
#12086 = VECTOR('',#12087,1.);
#12087 = DIRECTION('',(-1.,1.470104640658E-17,0.));
#12088 = CYLINDRICAL_SURFACE('',#12089,0.1);
#12089 = AXIS2_PLACEMENT_3D('',#12090,#12091,#12092);
#12090 = CARTESIAN_POINT('',(0.46,-4.999999999999E-03,1.25));
#12091 = DIRECTION('',(1.,-7.350523203292E-18,-7.350523203292E-18));
#12092 = DIRECTION('',(3.851859888774E-33,-0.707106781187,0.707106781187
    ));
#12093 = ADVANCED_FACE('',(#12094),#12124,.T.);
#12094 = FACE_BOUND('',#12095,.T.);
#12095 = EDGE_LOOP('',(#12096,#12103,#12109,#12118));
#12096 = ORIENTED_EDGE('',*,*,#12097,.T.);
#12097 = EDGE_CURVE('',#12058,#12015,#12098,.T.);
#12098 = CIRCLE('',#12099,0.1);
#12099 = AXIS2_PLACEMENT_3D('',#12100,#12101,#12102);
#12100 = CARTESIAN_POINT('',(2.13,-4.999999999999E-03,1.25));
#12101 = DIRECTION('',(-1.084202172485E-17,1.,0.));
#12102 = DIRECTION('',(0.,0.,1.));
#12103 = ORIENTED_EDGE('',*,*,#12104,.T.);
#12104 = EDGE_CURVE('',#12015,#11991,#12105,.T.);
#12105 = LINE('',#12106,#12107);
#12106 = CARTESIAN_POINT('',(2.200710678119,0.1825,1.320710678119));
#12107 = VECTOR('',#12108,1.);
#12108 = DIRECTION('',(0.,1.,0.));
#12109 = ORIENTED_EDGE('',*,*,#12110,.T.);
#12110 = EDGE_CURVE('',#11991,#12111,#12113,.T.);
#12111 = VERTEX_POINT('',#12112);
#12112 = CARTESIAN_POINT('',(2.13,0.945,1.35));
#12113 = CIRCLE('',#12114,1.E-01);
#12114 = AXIS2_PLACEMENT_3D('',#12115,#12116,#12117);
#12115 = CARTESIAN_POINT('',(2.13,0.945,1.25));
#12116 = DIRECTION('',(0.,-1.,0.));
#12117 = DIRECTION('',(1.,0.,0.));
#12118 = ORIENTED_EDGE('',*,*,#12119,.T.);
#12119 = EDGE_CURVE('',#12111,#12058,#12120,.T.);
#12120 = LINE('',#12121,#12122);
#12121 = CARTESIAN_POINT('',(2.13,0.1825,1.35));
#12122 = VECTOR('',#12123,1.);
#12123 = DIRECTION('',(0.,-1.,0.));
#12124 = CYLINDRICAL_SURFACE('',#12125,0.1);
#12125 = AXIS2_PLACEMENT_3D('',#12126,#12127,#12128);
#12126 = CARTESIAN_POINT('',(2.13,0.1825,1.25));
#12127 = DIRECTION('',(0.,1.,0.));
#12128 = DIRECTION('',(0.707106781187,-0.,0.707106781187));
#12129 = ADVANCED_FACE('',(#12130),#12154,.T.);
#12130 = FACE_BOUND('',#12131,.T.);
#12131 = EDGE_LOOP('',(#12132,#12141,#12147,#12148));
#12132 = ORIENTED_EDGE('',*,*,#12133,.T.);
#12133 = EDGE_CURVE('',#12111,#12134,#12136,.T.);
#12134 = VERTEX_POINT('',#12135);
#12135 = CARTESIAN_POINT('',(2.13,1.015710678119,1.320710678119));
#12136 = CIRCLE('',#12137,0.1);
#12137 = AXIS2_PLACEMENT_3D('',#12138,#12139,#12140);
#12138 = CARTESIAN_POINT('',(2.13,0.945,1.25));
#12139 = DIRECTION('',(-1.,0.,0.));
#12140 = DIRECTION('',(0.,0.,1.));
#12141 = ORIENTED_EDGE('',*,*,#12142,.T.);
#12142 = EDGE_CURVE('',#12134,#11939,#12143,.T.);
#12143 = LINE('',#12144,#12145);
#12144 = CARTESIAN_POINT('',(1.64,1.015710678119,1.320710678119));
#12145 = VECTOR('',#12146,1.);
#12146 = DIRECTION('',(-1.,0.,0.));
#12147 = ORIENTED_EDGE('',*,*,#11965,.T.);
#12148 = ORIENTED_EDGE('',*,*,#12149,.T.);
#12149 = EDGE_CURVE('',#11957,#12111,#12150,.T.);
#12150 = LINE('',#12151,#12152);
#12151 = CARTESIAN_POINT('',(1.64,0.945,1.35));
#12152 = VECTOR('',#12153,1.);
#12153 = DIRECTION('',(1.,0.,0.));
#12154 = CYLINDRICAL_SURFACE('',#12155,0.1);
#12155 = AXIS2_PLACEMENT_3D('',#12156,#12157,#12158);
#12156 = CARTESIAN_POINT('',(1.64,0.945,1.25));
#12157 = DIRECTION('',(-1.,0.,0.));
#12158 = DIRECTION('',(0.,0.707106781187,0.707106781187));
#12159 = ADVANCED_FACE('',(#12160),#12176,.T.);
#12160 = FACE_BOUND('',#12161,.T.);
#12161 = EDGE_LOOP('',(#12162,#12163,#12169,#12170));
#12162 = ORIENTED_EDGE('',*,*,#11956,.T.);
#12163 = ORIENTED_EDGE('',*,*,#12164,.T.);
#12164 = EDGE_CURVE('',#11948,#11895,#12165,.T.);
#12165 = LINE('',#12166,#12167);
#12166 = CARTESIAN_POINT('',(-0.100710678119,0.7575,1.320710678119));
#12167 = VECTOR('',#12168,1.);
#12168 = DIRECTION('',(0.,-1.,0.));
#12169 = ORIENTED_EDGE('',*,*,#11894,.T.);
#12170 = ORIENTED_EDGE('',*,*,#12171,.T.);
#12171 = EDGE_CURVE('',#11897,#11957,#12172,.T.);
#12172 = LINE('',#12173,#12174);
#12173 = CARTESIAN_POINT('',(-3.E-02,0.7575,1.35));
#12174 = VECTOR('',#12175,1.);
#12175 = DIRECTION('',(0.,1.,0.));
#12176 = CYLINDRICAL_SURFACE('',#12177,0.1);
#12177 = AXIS2_PLACEMENT_3D('',#12178,#12179,#12180);
#12178 = CARTESIAN_POINT('',(-3.E-02,0.7575,1.25));
#12179 = DIRECTION('',(0.,-1.,0.));
#12180 = DIRECTION('',(-0.707106781187,0.,0.707106781187));
#12181 = ADVANCED_FACE('',(#12182),#12226,.F.);
#12182 = FACE_BOUND('',#12183,.F.);
#12183 = EDGE_LOOP('',(#12184,#12185,#12194,#12202,#12211,#12219));
#12184 = ORIENTED_EDGE('',*,*,#12074,.T.);
#12185 = ORIENTED_EDGE('',*,*,#12186,.T.);
#12186 = EDGE_CURVE('',#12075,#12187,#12189,.T.);
#12187 = VERTEX_POINT('',#12188);
#12188 = CARTESIAN_POINT('',(0.6,0.435,1.35));
#12189 = CIRCLE('',#12190,0.45);
#12190 = AXIS2_PLACEMENT_3D('',#12191,#12192,#12193);
#12191 = CARTESIAN_POINT('',(1.05,0.435,1.35));
#12192 = DIRECTION('',(0.,0.,-1.));
#12193 = DIRECTION('',(-1.,0.,0.));
#12194 = ORIENTED_EDGE('',*,*,#12195,.T.);
#12195 = EDGE_CURVE('',#12187,#12196,#12198,.T.);
#12196 = VERTEX_POINT('',#12197);
#12197 = CARTESIAN_POINT('',(0.6,0.435,1.05));
#12198 = LINE('',#12199,#12200);
#12199 = CARTESIAN_POINT('',(0.6,0.435,1.35));
#12200 = VECTOR('',#12201,1.);
#12201 = DIRECTION('',(0.,0.,-1.));
#12202 = ORIENTED_EDGE('',*,*,#12203,.F.);
#12203 = EDGE_CURVE('',#12204,#12196,#12206,.T.);
#12204 = VERTEX_POINT('',#12205);
#12205 = CARTESIAN_POINT('',(1.5,0.435,1.05));
#12206 = CIRCLE('',#12207,0.45);
#12207 = AXIS2_PLACEMENT_3D('',#12208,#12209,#12210);
#12208 = CARTESIAN_POINT('',(1.05,0.435,1.05));
#12209 = DIRECTION('',(0.,0.,-1.));
#12210 = DIRECTION('',(-1.,0.,0.));
#12211 = ORIENTED_EDGE('',*,*,#12212,.F.);
#12212 = EDGE_CURVE('',#12213,#12204,#12215,.T.);
#12213 = VERTEX_POINT('',#12214);
#12214 = CARTESIAN_POINT('',(1.5,0.435,1.35));
#12215 = LINE('',#12216,#12217);
#12216 = CARTESIAN_POINT('',(1.5,0.435,1.35));
#12217 = VECTOR('',#12218,1.);
#12218 = DIRECTION('',(0.,0.,-1.));
#12219 = ORIENTED_EDGE('',*,*,#12220,.T.);
#12220 = EDGE_CURVE('',#12213,#12067,#12221,.T.);
#12221 = CIRCLE('',#12222,0.45);
#12222 = AXIS2_PLACEMENT_3D('',#12223,#12224,#12225);
#12223 = CARTESIAN_POINT('',(1.05,0.435,1.35));
#12224 = DIRECTION('',(0.,0.,-1.));
#12225 = DIRECTION('',(-1.,0.,0.));
#12226 = CYLINDRICAL_SURFACE('',#12227,0.45);
#12227 = AXIS2_PLACEMENT_3D('',#12228,#12229,#12230);
#12228 = CARTESIAN_POINT('',(1.05,0.435,1.35));
#12229 = DIRECTION('',(0.,0.,-1.));
#12230 = DIRECTION('',(-1.,0.,0.));
#12231 = ADVANCED_FACE('',(#12232),#12257,.T.);
#12232 = FACE_BOUND('',#12233,.T.);
#12233 = EDGE_LOOP('',(#12234,#12241,#12250));
#12234 = ORIENTED_EDGE('',*,*,#12235,.F.);
#12235 = EDGE_CURVE('',#12196,#12204,#12236,.T.);
#12236 = CIRCLE('',#12237,0.45);
#12237 = AXIS2_PLACEMENT_3D('',#12238,#12239,#12240);
#12238 = CARTESIAN_POINT('',(1.05,0.435,1.05));
#12239 = DIRECTION('',(0.,0.,-1.));
#12240 = DIRECTION('',(-1.,0.,0.));
#12241 = ORIENTED_EDGE('',*,*,#12242,.T.);
#12242 = EDGE_CURVE('',#12196,#12243,#12245,.T.);
#12243 = VERTEX_POINT('',#12244);
#12244 = CARTESIAN_POINT('',(1.05,0.435,1.280090082779));
#12245 = CIRCLE('',#12246,0.555090082779);
#12246 = AXIS2_PLACEMENT_3D('',#12247,#12248,#12249);
#12247 = CARTESIAN_POINT('',(1.05,0.435,0.725));
#12248 = DIRECTION('',(1.224646799147E-16,1.,-0.));
#12249 = DIRECTION('',(-1.,1.224646799147E-16,0.));
#12250 = ORIENTED_EDGE('',*,*,#12251,.F.);
#12251 = EDGE_CURVE('',#12204,#12243,#12252,.T.);
#12252 = CIRCLE('',#12253,0.555090082779);
#12253 = AXIS2_PLACEMENT_3D('',#12254,#12255,#12256);
#12254 = CARTESIAN_POINT('',(1.05,0.435,0.725));
#12255 = DIRECTION('',(0.,-1.,0.));
#12256 = DIRECTION('',(0.,0.,-1.));
#12257 = SPHERICAL_SURFACE('',#12258,0.555090082779);
#12258 = AXIS2_PLACEMENT_3D('',#12259,#12260,#12261);
#12259 = CARTESIAN_POINT('',(1.05,0.435,0.725));
#12260 = DIRECTION('',(0.,1.,0.));
#12261 = DIRECTION('',(1.,0.,0.));
#12262 = ADVANCED_FACE('',(#12263),#12268,.T.);
#12263 = FACE_BOUND('',#12264,.T.);
#12264 = EDGE_LOOP('',(#12265,#12266,#12267));
#12265 = ORIENTED_EDGE('',*,*,#12242,.F.);
#12266 = ORIENTED_EDGE('',*,*,#12203,.F.);
#12267 = ORIENTED_EDGE('',*,*,#12251,.T.);
#12268 = SPHERICAL_SURFACE('',#12269,0.555090082779);
#12269 = AXIS2_PLACEMENT_3D('',#12270,#12271,#12272);
#12270 = CARTESIAN_POINT('',(1.05,0.435,0.725));
#12271 = DIRECTION('',(0.,1.,0.));
#12272 = DIRECTION('',(1.,0.,0.));
#12273 = ADVANCED_FACE('',(#12274),#12286,.F.);
#12274 = FACE_BOUND('',#12275,.F.);
#12275 = EDGE_LOOP('',(#12276,#12277,#12278,#12285));
#12276 = ORIENTED_EDGE('',*,*,#12235,.F.);
#12277 = ORIENTED_EDGE('',*,*,#12195,.F.);
#12278 = ORIENTED_EDGE('',*,*,#12279,.T.);
#12279 = EDGE_CURVE('',#12187,#12213,#12280,.T.);
#12280 = CIRCLE('',#12281,0.45);
#12281 = AXIS2_PLACEMENT_3D('',#12282,#12283,#12284);
#12282 = CARTESIAN_POINT('',(1.05,0.435,1.35));
#12283 = DIRECTION('',(0.,0.,-1.));
#12284 = DIRECTION('',(-1.,0.,0.));
#12285 = ORIENTED_EDGE('',*,*,#12212,.T.);
#12286 = CYLINDRICAL_SURFACE('',#12287,0.45);
#12287 = AXIS2_PLACEMENT_3D('',#12288,#12289,#12290);
#12288 = CARTESIAN_POINT('',(1.05,0.435,1.35));
#12289 = DIRECTION('',(0.,0.,-1.));
#12290 = DIRECTION('',(-1.,0.,0.));
#12291 = ADVANCED_FACE('',(#12292),#12302,.T.);
#12292 = FACE_BOUND('',#12293,.T.);
#12293 = EDGE_LOOP('',(#12294,#12295,#12296,#12297,#12298,#12299,#12300,
    #12301));
#12294 = ORIENTED_EDGE('',*,*,#12083,.F.);
#12295 = ORIENTED_EDGE('',*,*,#12186,.T.);
#12296 = ORIENTED_EDGE('',*,*,#12279,.T.);
#12297 = ORIENTED_EDGE('',*,*,#12220,.T.);
#12298 = ORIENTED_EDGE('',*,*,#12066,.F.);
#12299 = ORIENTED_EDGE('',*,*,#12119,.F.);
#12300 = ORIENTED_EDGE('',*,*,#12149,.F.);
#12301 = ORIENTED_EDGE('',*,*,#12171,.F.);
#12302 = PLANE('',#12303);
#12303 = AXIS2_PLACEMENT_3D('',#12304,#12305,#12306);
#12304 = CARTESIAN_POINT('',(1.05,0.47,1.35));
#12305 = DIRECTION('',(0.,0.,1.));
#12306 = DIRECTION('',(1.,0.,-0.));
#12307 = ADVANCED_FACE('',(#12308),#12333,.T.);
#12308 = FACE_BOUND('',#12309,.T.);
#12309 = EDGE_LOOP('',(#12310,#12311,#12320,#12326));
#12310 = ORIENTED_EDGE('',*,*,#12164,.F.);
#12311 = ORIENTED_EDGE('',*,*,#12312,.T.);
#12312 = EDGE_CURVE('',#11948,#12313,#12315,.T.);
#12313 = VERTEX_POINT('',#12314);
#12314 = CARTESIAN_POINT('',(-0.13,0.945,1.25));
#12315 = CIRCLE('',#12316,0.1);
#12316 = AXIS2_PLACEMENT_3D('',#12317,#12318,#12319);
#12317 = CARTESIAN_POINT('',(-3.E-02,0.945,1.25));
#12318 = DIRECTION('',(0.,-1.,0.));
#12319 = DIRECTION('',(0.,0.,1.));
#12320 = ORIENTED_EDGE('',*,*,#12321,.T.);
#12321 = EDGE_CURVE('',#12313,#11788,#12322,.T.);
#12322 = LINE('',#12323,#12324);
#12323 = CARTESIAN_POINT('',(-0.13,0.7575,1.25));
#12324 = VECTOR('',#12325,1.);
#12325 = DIRECTION('',(0.,-1.,0.));
#12326 = ORIENTED_EDGE('',*,*,#12327,.T.);
#12327 = EDGE_CURVE('',#11788,#11895,#12328,.T.);
#12328 = CIRCLE('',#12329,0.1);
#12329 = AXIS2_PLACEMENT_3D('',#12330,#12331,#12332);
#12330 = CARTESIAN_POINT('',(-3.E-02,-4.999999999999E-03,1.25));
#12331 = DIRECTION('',(-6.938893903907E-16,1.,0.));
#12332 = DIRECTION('',(-1.,-6.938893903907E-16,0.));
#12333 = CYLINDRICAL_SURFACE('',#12334,0.1);
#12334 = AXIS2_PLACEMENT_3D('',#12335,#12336,#12337);
#12335 = CARTESIAN_POINT('',(-3.E-02,0.7575,1.25));
#12336 = DIRECTION('',(0.,-1.,0.));
#12337 = DIRECTION('',(-0.707106781187,0.,0.707106781187));
#12338 = ADVANCED_FACE('',(#12339),#12356,.T.);
#12339 = FACE_BOUND('',#12340,.T.);
#12340 = EDGE_LOOP('',(#12341,#12342,#12349,#12355));
#12341 = ORIENTED_EDGE('',*,*,#12142,.F.);
#12342 = ORIENTED_EDGE('',*,*,#12343,.T.);
#12343 = EDGE_CURVE('',#12134,#11982,#12344,.T.);
#12344 = CIRCLE('',#12345,0.1);
#12345 = AXIS2_PLACEMENT_3D('',#12346,#12347,#12348);
#12346 = CARTESIAN_POINT('',(2.13,0.945,1.25));
#12347 = DIRECTION('',(-1.,0.,0.));
#12348 = DIRECTION('',(0.,0.,1.));
#12349 = ORIENTED_EDGE('',*,*,#12350,.T.);
#12350 = EDGE_CURVE('',#11982,#11746,#12351,.T.);
#12351 = LINE('',#12352,#12353);
#12352 = CARTESIAN_POINT('',(1.64,1.045,1.25));
#12353 = VECTOR('',#12354,1.);
#12354 = DIRECTION('',(-1.,0.,0.));
#12355 = ORIENTED_EDGE('',*,*,#11938,.T.);
#12356 = CYLINDRICAL_SURFACE('',#12357,0.1);
#12357 = AXIS2_PLACEMENT_3D('',#12358,#12359,#12360);
#12358 = CARTESIAN_POINT('',(1.64,0.945,1.25));
#12359 = DIRECTION('',(-1.,0.,0.));
#12360 = DIRECTION('',(0.,0.707106781187,0.707106781187));
#12361 = ADVANCED_FACE('',(#12362),#12373,.T.);
#12362 = FACE_BOUND('',#12363,.T.);
#12363 = EDGE_LOOP('',(#12364,#12365,#12366,#12372));
#12364 = ORIENTED_EDGE('',*,*,#12104,.F.);
#12365 = ORIENTED_EDGE('',*,*,#12014,.T.);
#12366 = ORIENTED_EDGE('',*,*,#12367,.T.);
#12367 = EDGE_CURVE('',#12017,#11872,#12368,.T.);
#12368 = LINE('',#12369,#12370);
#12369 = CARTESIAN_POINT('',(2.23,0.1825,1.25));
#12370 = VECTOR('',#12371,1.);
#12371 = DIRECTION('',(0.,1.,0.));
#12372 = ORIENTED_EDGE('',*,*,#11999,.T.);
#12373 = CYLINDRICAL_SURFACE('',#12374,0.1);
#12374 = AXIS2_PLACEMENT_3D('',#12375,#12376,#12377);
#12375 = CARTESIAN_POINT('',(2.13,0.1825,1.25));
#12376 = DIRECTION('',(0.,1.,0.));
#12377 = DIRECTION('',(0.707106781187,-0.,0.707106781187));
#12378 = ADVANCED_FACE('',(#12379),#12396,.T.);
#12379 = FACE_BOUND('',#12380,.T.);
#12380 = EDGE_LOOP('',(#12381,#12382,#12383,#12389));
#12381 = ORIENTED_EDGE('',*,*,#12049,.F.);
#12382 = ORIENTED_EDGE('',*,*,#11914,.T.);
#12383 = ORIENTED_EDGE('',*,*,#12384,.T.);
#12384 = EDGE_CURVE('',#11906,#11830,#12385,.T.);
#12385 = LINE('',#12386,#12387);
#12386 = CARTESIAN_POINT('',(0.46,-0.105,1.25));
#12387 = VECTOR('',#12388,1.);
#12388 = DIRECTION('',(1.,-1.470104640658E-17,0.));
#12389 = ORIENTED_EDGE('',*,*,#12390,.T.);
#12390 = EDGE_CURVE('',#11830,#12050,#12391,.T.);
#12391 = CIRCLE('',#12392,1.E-01);
#12392 = AXIS2_PLACEMENT_3D('',#12393,#12394,#12395);
#12393 = CARTESIAN_POINT('',(2.13,-4.999999999999E-03,1.25));
#12394 = DIRECTION('',(-1.,0.,0.));
#12395 = DIRECTION('',(0.,-1.,0.));
#12396 = CYLINDRICAL_SURFACE('',#12397,0.1);
#12397 = AXIS2_PLACEMENT_3D('',#12398,#12399,#12400);
#12398 = CARTESIAN_POINT('',(0.46,-4.999999999999E-03,1.25));
#12399 = DIRECTION('',(1.,-7.350523203292E-18,-7.350523203292E-18));
#12400 = DIRECTION('',(3.851859888774E-33,-0.707106781187,0.707106781187
    ));
#12401 = ADVANCED_FACE('',(#12402),#12408,.T.);
#12402 = FACE_BOUND('',#12403,.T.);
#12403 = EDGE_LOOP('',(#12404,#12405,#12406,#12407));
#12404 = ORIENTED_EDGE('',*,*,#12025,.F.);
#12405 = ORIENTED_EDGE('',*,*,#12097,.F.);
#12406 = ORIENTED_EDGE('',*,*,#12057,.F.);
#12407 = ORIENTED_EDGE('',*,*,#12390,.F.);
#12408 = SPHERICAL_SURFACE('',#12409,0.1);
#12409 = AXIS2_PLACEMENT_3D('',#12410,#12411,#12412);
#12410 = CARTESIAN_POINT('',(2.13,-4.999999999999E-03,1.25));
#12411 = DIRECTION('',(-0.707106781187,2.0667603913E-15,0.707106781187)
  );
#12412 = DIRECTION('',(0.57735026919,-0.57735026919,0.57735026919));
#12413 = ADVANCED_FACE('',(#12414),#12420,.T.);
#12414 = FACE_BOUND('',#12415,.T.);
#12415 = EDGE_LOOP('',(#12416,#12417,#12418,#12419));
#12416 = ORIENTED_EDGE('',*,*,#11990,.F.);
#12417 = ORIENTED_EDGE('',*,*,#12343,.F.);
#12418 = ORIENTED_EDGE('',*,*,#12133,.F.);
#12419 = ORIENTED_EDGE('',*,*,#12110,.F.);
#12420 = SPHERICAL_SURFACE('',#12421,0.1);
#12421 = AXIS2_PLACEMENT_3D('',#12422,#12423,#12424);
#12422 = CARTESIAN_POINT('',(2.13,0.945,1.25));
#12423 = DIRECTION('',(-0.707106781187,-3.388131789017E-16,
    0.707106781187));
#12424 = DIRECTION('',(0.57735026919,0.57735026919,0.57735026919));
#12425 = ADVANCED_FACE('',(#12426),#12438,.T.);
#12426 = FACE_BOUND('',#12427,.T.);
#12427 = EDGE_LOOP('',(#12428,#12429,#12430,#12437));
#12428 = ORIENTED_EDGE('',*,*,#11947,.F.);
#12429 = ORIENTED_EDGE('',*,*,#11745,.T.);
#12430 = ORIENTED_EDGE('',*,*,#12431,.T.);
#12431 = EDGE_CURVE('',#11738,#12313,#12432,.T.);
#12432 = CIRCLE('',#12433,1.E-01);
#12433 = AXIS2_PLACEMENT_3D('',#12434,#12435,#12436);
#12434 = CARTESIAN_POINT('',(-3.E-02,0.945,1.25));
#12435 = DIRECTION('',(0.,0.,1.));
#12436 = DIRECTION('',(-0.707106781187,0.707106781187,0.));
#12437 = ORIENTED_EDGE('',*,*,#12312,.F.);
#12438 = SPHERICAL_SURFACE('',#12439,0.1);
#12439 = AXIS2_PLACEMENT_3D('',#12440,#12441,#12442);
#12440 = CARTESIAN_POINT('',(-3.E-02,0.945,1.25));
#12441 = DIRECTION('',(-0.707106781187,-3.049318610115E-16,
    -0.707106781187));
#12442 = DIRECTION('',(-0.57735026919,0.57735026919,0.57735026919));
#12443 = ADVANCED_FACE('',(#12444),#12456,.T.);
#12444 = FACE_BOUND('',#12445,.T.);
#12445 = EDGE_LOOP('',(#12446,#12447,#12448,#12449));
#12446 = ORIENTED_EDGE('',*,*,#11905,.F.);
#12447 = ORIENTED_EDGE('',*,*,#12327,.F.);
#12448 = ORIENTED_EDGE('',*,*,#11787,.T.);
#12449 = ORIENTED_EDGE('',*,*,#12450,.T.);
#12450 = EDGE_CURVE('',#11780,#11906,#12451,.T.);
#12451 = CIRCLE('',#12452,0.1);
#12452 = AXIS2_PLACEMENT_3D('',#12453,#12454,#12455);
#12453 = CARTESIAN_POINT('',(-3.E-02,-4.999999999999E-03,1.25));
#12454 = DIRECTION('',(0.,0.,1.));
#12455 = DIRECTION('',(-0.707106781187,-0.707106781187,0.));
#12456 = SPHERICAL_SURFACE('',#12457,0.1);
#12457 = AXIS2_PLACEMENT_3D('',#12458,#12459,#12460);
#12458 = CARTESIAN_POINT('',(-3.E-02,-4.999999999999E-03,1.25));
#12459 = DIRECTION('',(-0.707106781187,-3.388131789017E-17,
    -0.707106781187));
#12460 = DIRECTION('',(-0.57735026919,-0.57735026919,0.57735026919));
#12461 = ADVANCED_FACE('',(#12462),#12481,.T.);
#12462 = FACE_BOUND('',#12463,.T.);
#12463 = EDGE_LOOP('',(#12464,#12465,#12474,#12480));
#12464 = ORIENTED_EDGE('',*,*,#11863,.F.);
#12465 = ORIENTED_EDGE('',*,*,#12466,.T.);
#12466 = EDGE_CURVE('',#11855,#12467,#12469,.T.);
#12467 = VERTEX_POINT('',#12468);
#12468 = CARTESIAN_POINT('',(2.13,1.045,0.2));
#12469 = CIRCLE('',#12470,0.1);
#12470 = AXIS2_PLACEMENT_3D('',#12471,#12472,#12473);
#12471 = CARTESIAN_POINT('',(2.13,0.945,0.2));
#12472 = DIRECTION('',(0.,0.,1.));
#12473 = DIRECTION('',(0.707106781187,0.707106781187,-0.));
#12474 = ORIENTED_EDGE('',*,*,#12475,.T.);
#12475 = EDGE_CURVE('',#12467,#11982,#12476,.T.);
#12476 = LINE('',#12477,#12478);
#12477 = CARTESIAN_POINT('',(2.13,1.045,0.2));
#12478 = VECTOR('',#12479,1.);
#12479 = DIRECTION('',(0.,0.,1.));
#12480 = ORIENTED_EDGE('',*,*,#11981,.F.);
#12481 = CYLINDRICAL_SURFACE('',#12482,0.1);
#12482 = AXIS2_PLACEMENT_3D('',#12483,#12484,#12485);
#12483 = CARTESIAN_POINT('',(2.13,0.945,0.2));
#12484 = DIRECTION('',(0.,0.,1.));
#12485 = DIRECTION('',(0.707106781187,0.707106781187,-0.));
#12486 = ADVANCED_FACE('',(#12487),#12505,.T.);
#12487 = FACE_BOUND('',#12488,.T.);
#12488 = EDGE_LOOP('',(#12489,#12490,#12498,#12504));
#12489 = ORIENTED_EDGE('',*,*,#12367,.F.);
#12490 = ORIENTED_EDGE('',*,*,#12491,.F.);
#12491 = EDGE_CURVE('',#12492,#12017,#12494,.T.);
#12492 = VERTEX_POINT('',#12493);
#12493 = CARTESIAN_POINT('',(2.23,-4.999999999999E-03,0.2));
#12494 = LINE('',#12495,#12496);
#12495 = CARTESIAN_POINT('',(2.23,-4.999999999999E-03,0.2));
#12496 = VECTOR('',#12497,1.);
#12497 = DIRECTION('',(0.,0.,1.));
#12498 = ORIENTED_EDGE('',*,*,#12499,.F.);
#12499 = EDGE_CURVE('',#11853,#12492,#12500,.T.);
#12500 = LINE('',#12501,#12502);
#12501 = CARTESIAN_POINT('',(2.23,3.835,0.2));
#12502 = VECTOR('',#12503,1.);
#12503 = DIRECTION('',(0.,-1.,0.));
#12504 = ORIENTED_EDGE('',*,*,#11880,.F.);
#12505 = PLANE('',#12506);
#12506 = AXIS2_PLACEMENT_3D('',#12507,#12508,#12509);
#12507 = CARTESIAN_POINT('',(2.23,-0.105,0.2));
#12508 = DIRECTION('',(1.,0.,0.));
#12509 = DIRECTION('',(-0.,1.,0.));
#12510 = ADVANCED_FACE('',(#12511),#12523,.T.);
#12511 = FACE_BOUND('',#12512,.T.);
#12512 = EDGE_LOOP('',(#12513,#12514,#12521,#12522));
#12513 = ORIENTED_EDGE('',*,*,#11821,.F.);
#12514 = ORIENTED_EDGE('',*,*,#12515,.T.);
#12515 = EDGE_CURVE('',#11813,#12492,#12516,.T.);
#12516 = CIRCLE('',#12517,0.1);
#12517 = AXIS2_PLACEMENT_3D('',#12518,#12519,#12520);
#12518 = CARTESIAN_POINT('',(2.13,-4.999999999999E-03,0.2));
#12519 = DIRECTION('',(0.,0.,1.));
#12520 = DIRECTION('',(0.707106781187,-0.707106781187,0.));
#12521 = ORIENTED_EDGE('',*,*,#12491,.T.);
#12522 = ORIENTED_EDGE('',*,*,#12033,.F.);
#12523 = CYLINDRICAL_SURFACE('',#12524,0.1);
#12524 = AXIS2_PLACEMENT_3D('',#12525,#12526,#12527);
#12525 = CARTESIAN_POINT('',(2.13,-4.999999999999E-03,0.2));
#12526 = DIRECTION('',(0.,0.,1.));
#12527 = DIRECTION('',(0.707106781187,-0.707106781187,0.));
#12528 = ADVANCED_FACE('',(#12529),#12547,.T.);
#12529 = FACE_BOUND('',#12530,.T.);
#12530 = EDGE_LOOP('',(#12531,#12532,#12540,#12546));
#12531 = ORIENTED_EDGE('',*,*,#12384,.F.);
#12532 = ORIENTED_EDGE('',*,*,#12533,.F.);
#12533 = EDGE_CURVE('',#12534,#11906,#12536,.T.);
#12534 = VERTEX_POINT('',#12535);
#12535 = CARTESIAN_POINT('',(-3.E-02,-0.105,0.2));
#12536 = LINE('',#12537,#12538);
#12537 = CARTESIAN_POINT('',(-3.E-02,-0.105,0.2));
#12538 = VECTOR('',#12539,1.);
#12539 = DIRECTION('',(0.,0.,1.));
#12540 = ORIENTED_EDGE('',*,*,#12541,.F.);
#12541 = EDGE_CURVE('',#11811,#12534,#12542,.T.);
#12542 = LINE('',#12543,#12544);
#12543 = CARTESIAN_POINT('',(2.23,-0.105,0.2));
#12544 = VECTOR('',#12545,1.);
#12545 = DIRECTION('',(-1.,1.470104640658E-17,0.));
#12546 = ORIENTED_EDGE('',*,*,#11838,.F.);
#12547 = PLANE('',#12548);
#12548 = AXIS2_PLACEMENT_3D('',#12549,#12550,#12551);
#12549 = CARTESIAN_POINT('',(-0.13,-0.105,0.2));
#12550 = DIRECTION('',(-1.470104640658E-17,-1.,0.));
#12551 = DIRECTION('',(-1.,1.470104640658E-17,0.));
#12552 = ADVANCED_FACE('',(#12553),#12565,.T.);
#12553 = FACE_BOUND('',#12554,.T.);
#12554 = EDGE_LOOP('',(#12555,#12556,#12563,#12564));
#12555 = ORIENTED_EDGE('',*,*,#11779,.F.);
#12556 = ORIENTED_EDGE('',*,*,#12557,.T.);
#12557 = EDGE_CURVE('',#11771,#12534,#12558,.T.);
#12558 = CIRCLE('',#12559,0.1);
#12559 = AXIS2_PLACEMENT_3D('',#12560,#12561,#12562);
#12560 = CARTESIAN_POINT('',(-3.E-02,-4.999999999999E-03,0.2));
#12561 = DIRECTION('',(0.,0.,1.));
#12562 = DIRECTION('',(-0.707106781187,-0.707106781187,0.));
#12563 = ORIENTED_EDGE('',*,*,#12533,.T.);
#12564 = ORIENTED_EDGE('',*,*,#12450,.F.);
#12565 = CYLINDRICAL_SURFACE('',#12566,0.1);
#12566 = AXIS2_PLACEMENT_3D('',#12567,#12568,#12569);
#12567 = CARTESIAN_POINT('',(-3.E-02,-4.999999999999E-03,0.2));
#12568 = DIRECTION('',(0.,0.,1.));
#12569 = DIRECTION('',(-0.707106781187,-0.707106781187,0.));
#12570 = ADVANCED_FACE('',(#12571),#12635,.F.);
#12571 = FACE_BOUND('',#12572,.T.);
#12572 = EDGE_LOOP('',(#12573,#12574,#12582,#12589,#12590,#12598,#12606,
    #12614,#12622,#12628,#12629,#12630,#12631,#12632,#12633,#12634));
#12573 = ORIENTED_EDGE('',*,*,#11768,.F.);
#12574 = ORIENTED_EDGE('',*,*,#12575,.T.);
#12575 = EDGE_CURVE('',#11769,#12576,#12578,.T.);
#12576 = VERTEX_POINT('',#12577);
#12577 = CARTESIAN_POINT('',(-0.13,0.945,0.2));
#12578 = LINE('',#12579,#12580);
#12579 = CARTESIAN_POINT('',(-0.13,-0.105,0.2));
#12580 = VECTOR('',#12581,1.);
#12581 = DIRECTION('',(0.,1.,0.));
#12582 = ORIENTED_EDGE('',*,*,#12583,.F.);
#12583 = EDGE_CURVE('',#11729,#12576,#12584,.T.);
#12584 = CIRCLE('',#12585,1.E-01);
#12585 = AXIS2_PLACEMENT_3D('',#12586,#12587,#12588);
#12586 = CARTESIAN_POINT('',(-3.E-02,0.945,0.2));
#12587 = DIRECTION('',(0.,0.,1.));
#12588 = DIRECTION('',(-0.707106781187,0.707106781187,0.));
#12589 = ORIENTED_EDGE('',*,*,#11726,.F.);
#12590 = ORIENTED_EDGE('',*,*,#12591,.T.);
#12591 = EDGE_CURVE('',#11727,#12592,#12594,.T.);
#12592 = VERTEX_POINT('',#12593);
#12593 = CARTESIAN_POINT('',(0.,1.045,0.2));
#12594 = LINE('',#12595,#12596);
#12595 = CARTESIAN_POINT('',(-0.13,1.045,0.2));
#12596 = VECTOR('',#12597,1.);
#12597 = DIRECTION('',(1.,0.,0.));
#12598 = ORIENTED_EDGE('',*,*,#12599,.T.);
#12599 = EDGE_CURVE('',#12592,#12600,#12602,.T.);
#12600 = VERTEX_POINT('',#12601);
#12601 = CARTESIAN_POINT('',(0.,0.,0.2));
#12602 = LINE('',#12603,#12604);
#12603 = CARTESIAN_POINT('',(-3.851859888774E-33,3.73,0.2));
#12604 = VECTOR('',#12605,1.);
#12605 = DIRECTION('',(1.032670211468E-33,-1.,0.));
#12606 = ORIENTED_EDGE('',*,*,#12607,.T.);
#12607 = EDGE_CURVE('',#12600,#12608,#12610,.T.);
#12608 = VERTEX_POINT('',#12609);
#12609 = CARTESIAN_POINT('',(2.1,0.,0.2));
#12610 = LINE('',#12611,#12612);
#12611 = CARTESIAN_POINT('',(0.,0.,0.2));
#12612 = VECTOR('',#12613,1.);
#12613 = DIRECTION('',(1.,0.,0.));
#12614 = ORIENTED_EDGE('',*,*,#12615,.T.);
#12615 = EDGE_CURVE('',#12608,#12616,#12618,.T.);
#12616 = VERTEX_POINT('',#12617);
#12617 = CARTESIAN_POINT('',(2.1,1.045,0.2));
#12618 = LINE('',#12619,#12620);
#12619 = CARTESIAN_POINT('',(2.1,0.,0.2));
#12620 = VECTOR('',#12621,1.);
#12621 = DIRECTION('',(0.,1.,0.));
#12622 = ORIENTED_EDGE('',*,*,#12623,.T.);
#12623 = EDGE_CURVE('',#12616,#12467,#12624,.T.);
#12624 = LINE('',#12625,#12626);
#12625 = CARTESIAN_POINT('',(-0.13,1.045,0.2));
#12626 = VECTOR('',#12627,1.);
#12627 = DIRECTION('',(1.,0.,0.));
#12628 = ORIENTED_EDGE('',*,*,#12466,.F.);
#12629 = ORIENTED_EDGE('',*,*,#11852,.F.);
#12630 = ORIENTED_EDGE('',*,*,#12499,.T.);
#12631 = ORIENTED_EDGE('',*,*,#12515,.F.);
#12632 = ORIENTED_EDGE('',*,*,#11810,.F.);
#12633 = ORIENTED_EDGE('',*,*,#12541,.T.);
#12634 = ORIENTED_EDGE('',*,*,#12557,.F.);
#12635 = PLANE('',#12636);
#12636 = AXIS2_PLACEMENT_3D('',#12637,#12638,#12639);
#12637 = CARTESIAN_POINT('',(1.05,0.47,0.2));
#12638 = DIRECTION('',(0.,0.,1.));
#12639 = DIRECTION('',(1.,0.,-0.));
#12640 = ADVANCED_FACE('',(#12641),#12652,.T.);
#12641 = FACE_BOUND('',#12642,.T.);
#12642 = EDGE_LOOP('',(#12643,#12644,#12645,#12651));
#12643 = ORIENTED_EDGE('',*,*,#11737,.F.);
#12644 = ORIENTED_EDGE('',*,*,#12583,.T.);
#12645 = ORIENTED_EDGE('',*,*,#12646,.T.);
#12646 = EDGE_CURVE('',#12576,#12313,#12647,.T.);
#12647 = LINE('',#12648,#12649);
#12648 = CARTESIAN_POINT('',(-0.13,0.945,0.2));
#12649 = VECTOR('',#12650,1.);
#12650 = DIRECTION('',(0.,0.,1.));
#12651 = ORIENTED_EDGE('',*,*,#12431,.F.);
#12652 = CYLINDRICAL_SURFACE('',#12653,1.E-01);
#12653 = AXIS2_PLACEMENT_3D('',#12654,#12655,#12656);
#12654 = CARTESIAN_POINT('',(-3.E-02,0.945,0.2));
#12655 = DIRECTION('',(0.,0.,1.));
#12656 = DIRECTION('',(-0.707106781187,0.707106781187,0.));
#12657 = ADVANCED_FACE('',(#12658),#12671,.T.);
#12658 = FACE_BOUND('',#12659,.T.);
#12659 = EDGE_LOOP('',(#12660,#12661,#12662,#12663,#12669,#12670));
#12660 = ORIENTED_EDGE('',*,*,#12350,.F.);
#12661 = ORIENTED_EDGE('',*,*,#12475,.F.);
#12662 = ORIENTED_EDGE('',*,*,#12623,.F.);
#12663 = ORIENTED_EDGE('',*,*,#12664,.F.);
#12664 = EDGE_CURVE('',#12592,#12616,#12665,.T.);
#12665 = LINE('',#12666,#12667);
#12666 = CARTESIAN_POINT('',(1.64,1.045,0.2));
#12667 = VECTOR('',#12668,1.);
#12668 = DIRECTION('',(1.,0.,0.));
#12669 = ORIENTED_EDGE('',*,*,#12591,.F.);
#12670 = ORIENTED_EDGE('',*,*,#11754,.F.);
#12671 = PLANE('',#12672);
#12672 = AXIS2_PLACEMENT_3D('',#12673,#12674,#12675);
#12673 = CARTESIAN_POINT('',(2.23,1.045,0.2));
#12674 = DIRECTION('',(-0.,1.,0.));
#12675 = DIRECTION('',(1.,0.,0.));
#12676 = ADVANCED_FACE('',(#12677),#12683,.T.);
#12677 = FACE_BOUND('',#12678,.T.);
#12678 = EDGE_LOOP('',(#12679,#12680,#12681,#12682));
#12679 = ORIENTED_EDGE('',*,*,#12321,.F.);
#12680 = ORIENTED_EDGE('',*,*,#12646,.F.);
#12681 = ORIENTED_EDGE('',*,*,#12575,.F.);
#12682 = ORIENTED_EDGE('',*,*,#11796,.F.);
#12683 = PLANE('',#12684);
#12684 = AXIS2_PLACEMENT_3D('',#12685,#12686,#12687);
#12685 = CARTESIAN_POINT('',(-0.13,1.045,0.2));
#12686 = DIRECTION('',(-1.,0.,0.));
#12687 = DIRECTION('',(0.,0.,1.));
#12688 = ADVANCED_FACE('',(#12689),#12723,.T.);
#12689 = FACE_BOUND('',#12690,.T.);
#12690 = EDGE_LOOP('',(#12691,#12701,#12709,#12717));
#12691 = ORIENTED_EDGE('',*,*,#12692,.T.);
#12692 = EDGE_CURVE('',#12693,#12695,#12697,.T.);
#12693 = VERTEX_POINT('',#12694);
#12694 = CARTESIAN_POINT('',(2.1,3.73,0.));
#12695 = VERTEX_POINT('',#12696);
#12696 = CARTESIAN_POINT('',(-3.851859888774E-33,3.73,0.));
#12697 = LINE('',#12698,#12699);
#12698 = CARTESIAN_POINT('',(2.1,3.73,0.));
#12699 = VECTOR('',#12700,1.);
#12700 = DIRECTION('',(-1.,0.,0.));
#12701 = ORIENTED_EDGE('',*,*,#12702,.T.);
#12702 = EDGE_CURVE('',#12695,#12703,#12705,.T.);
#12703 = VERTEX_POINT('',#12704);
#12704 = CARTESIAN_POINT('',(-3.851859888774E-33,3.73,0.2));
#12705 = LINE('',#12706,#12707);
#12706 = CARTESIAN_POINT('',(-3.851859888774E-33,3.73,0.));
#12707 = VECTOR('',#12708,1.);
#12708 = DIRECTION('',(0.,0.,1.));
#12709 = ORIENTED_EDGE('',*,*,#12710,.F.);
#12710 = EDGE_CURVE('',#12711,#12703,#12713,.T.);
#12711 = VERTEX_POINT('',#12712);
#12712 = CARTESIAN_POINT('',(2.1,3.73,0.2));
#12713 = LINE('',#12714,#12715);
#12714 = CARTESIAN_POINT('',(2.1,3.73,0.2));
#12715 = VECTOR('',#12716,1.);
#12716 = DIRECTION('',(-1.,0.,0.));
#12717 = ORIENTED_EDGE('',*,*,#12718,.F.);
#12718 = EDGE_CURVE('',#12693,#12711,#12719,.T.);
#12719 = LINE('',#12720,#12721);
#12720 = CARTESIAN_POINT('',(2.1,3.73,0.));
#12721 = VECTOR('',#12722,1.);
#12722 = DIRECTION('',(0.,0.,1.));
#12723 = PLANE('',#12724);
#12724 = AXIS2_PLACEMENT_3D('',#12725,#12726,#12727);
#12725 = CARTESIAN_POINT('',(2.1,3.73,0.));
#12726 = DIRECTION('',(-0.,1.,0.));
#12727 = DIRECTION('',(1.,0.,0.));
#12728 = ADVANCED_FACE('',(#12729),#12753,.T.);
#12729 = FACE_BOUND('',#12730,.T.);
#12730 = EDGE_LOOP('',(#12731,#12739,#12740,#12746,#12747));
#12731 = ORIENTED_EDGE('',*,*,#12732,.T.);
#12732 = EDGE_CURVE('',#12733,#12693,#12735,.T.);
#12733 = VERTEX_POINT('',#12734);
#12734 = CARTESIAN_POINT('',(2.1,0.,0.));
#12735 = LINE('',#12736,#12737);
#12736 = CARTESIAN_POINT('',(2.1,0.,0.));
#12737 = VECTOR('',#12738,1.);
#12738 = DIRECTION('',(0.,1.,0.));
#12739 = ORIENTED_EDGE('',*,*,#12718,.T.);
#12740 = ORIENTED_EDGE('',*,*,#12741,.F.);
#12741 = EDGE_CURVE('',#12616,#12711,#12742,.T.);
#12742 = LINE('',#12743,#12744);
#12743 = CARTESIAN_POINT('',(2.1,0.,0.2));
#12744 = VECTOR('',#12745,1.);
#12745 = DIRECTION('',(0.,1.,0.));
#12746 = ORIENTED_EDGE('',*,*,#12615,.F.);
#12747 = ORIENTED_EDGE('',*,*,#12748,.F.);
#12748 = EDGE_CURVE('',#12733,#12608,#12749,.T.);
#12749 = LINE('',#12750,#12751);
#12750 = CARTESIAN_POINT('',(2.1,0.,0.));
#12751 = VECTOR('',#12752,1.);
#12752 = DIRECTION('',(0.,0.,1.));
#12753 = PLANE('',#12754);
#12754 = AXIS2_PLACEMENT_3D('',#12755,#12756,#12757);
#12755 = CARTESIAN_POINT('',(2.1,0.,0.));
#12756 = DIRECTION('',(1.,0.,0.));
#12757 = DIRECTION('',(-0.,1.,0.));
#12758 = ADVANCED_FACE('',(#12759),#12777,.T.);
#12759 = FACE_BOUND('',#12760,.T.);
#12760 = EDGE_LOOP('',(#12761,#12769,#12770,#12771));
#12761 = ORIENTED_EDGE('',*,*,#12762,.T.);
#12762 = EDGE_CURVE('',#12763,#12733,#12765,.T.);
#12763 = VERTEX_POINT('',#12764);
#12764 = CARTESIAN_POINT('',(0.,0.,0.));
#12765 = LINE('',#12766,#12767);
#12766 = CARTESIAN_POINT('',(0.,0.,0.));
#12767 = VECTOR('',#12768,1.);
#12768 = DIRECTION('',(1.,0.,0.));
#12769 = ORIENTED_EDGE('',*,*,#12748,.T.);
#12770 = ORIENTED_EDGE('',*,*,#12607,.F.);
#12771 = ORIENTED_EDGE('',*,*,#12772,.F.);
#12772 = EDGE_CURVE('',#12763,#12600,#12773,.T.);
#12773 = LINE('',#12774,#12775);
#12774 = CARTESIAN_POINT('',(0.,0.,0.));
#12775 = VECTOR('',#12776,1.);
#12776 = DIRECTION('',(0.,0.,1.));
#12777 = PLANE('',#12778);
#12778 = AXIS2_PLACEMENT_3D('',#12779,#12780,#12781);
#12779 = CARTESIAN_POINT('',(0.,0.,0.));
#12780 = DIRECTION('',(0.,-1.,0.));
#12781 = DIRECTION('',(0.,0.,-1.));
#12782 = ADVANCED_FACE('',(#12783),#12800,.T.);
#12783 = FACE_BOUND('',#12784,.T.);
#12784 = EDGE_LOOP('',(#12785,#12791,#12792,#12793,#12799));
#12785 = ORIENTED_EDGE('',*,*,#12786,.T.);
#12786 = EDGE_CURVE('',#12695,#12763,#12787,.T.);
#12787 = LINE('',#12788,#12789);
#12788 = CARTESIAN_POINT('',(-3.851859888774E-33,3.73,0.));
#12789 = VECTOR('',#12790,1.);
#12790 = DIRECTION('',(1.032670211468E-33,-1.,0.));
#12791 = ORIENTED_EDGE('',*,*,#12772,.T.);
#12792 = ORIENTED_EDGE('',*,*,#12599,.F.);
#12793 = ORIENTED_EDGE('',*,*,#12794,.F.);
#12794 = EDGE_CURVE('',#12703,#12592,#12795,.T.);
#12795 = LINE('',#12796,#12797);
#12796 = CARTESIAN_POINT('',(-3.851859888774E-33,3.73,0.2));
#12797 = VECTOR('',#12798,1.);
#12798 = DIRECTION('',(1.032670211468E-33,-1.,0.));
#12799 = ORIENTED_EDGE('',*,*,#12702,.F.);
#12800 = PLANE('',#12801);
#12801 = AXIS2_PLACEMENT_3D('',#12802,#12803,#12804);
#12802 = CARTESIAN_POINT('',(-3.851859888774E-33,3.73,0.));
#12803 = DIRECTION('',(-1.,-1.032670211468E-33,0.));
#12804 = DIRECTION('',(-1.032670211468E-33,1.,0.));
#12805 = ADVANCED_FACE('',(#12806),#12812,.T.);
#12806 = FACE_BOUND('',#12807,.T.);
#12807 = EDGE_LOOP('',(#12808,#12809,#12810,#12811));
#12808 = ORIENTED_EDGE('',*,*,#12664,.T.);
#12809 = ORIENTED_EDGE('',*,*,#12741,.T.);
#12810 = ORIENTED_EDGE('',*,*,#12710,.T.);
#12811 = ORIENTED_EDGE('',*,*,#12794,.T.);
#12812 = PLANE('',#12813);
#12813 = AXIS2_PLACEMENT_3D('',#12814,#12815,#12816);
#12814 = CARTESIAN_POINT('',(1.05,1.865,0.2));
#12815 = DIRECTION('',(0.,0.,1.));
#12816 = DIRECTION('',(1.,0.,-0.));
#12817 = ADVANCED_FACE('',(#12818),#12824,.F.);
#12818 = FACE_BOUND('',#12819,.T.);
#12819 = EDGE_LOOP('',(#12820,#12821,#12822,#12823));
#12820 = ORIENTED_EDGE('',*,*,#12786,.F.);
#12821 = ORIENTED_EDGE('',*,*,#12692,.F.);
#12822 = ORIENTED_EDGE('',*,*,#12732,.F.);
#12823 = ORIENTED_EDGE('',*,*,#12762,.F.);
#12824 = PLANE('',#12825);
#12825 = AXIS2_PLACEMENT_3D('',#12826,#12827,#12828);
#12826 = CARTESIAN_POINT('',(1.05,1.865,0.));
#12827 = DIRECTION('',(0.,0.,1.));
#12828 = DIRECTION('',(1.,0.,-0.));
#12829 = MANIFOLD_SOLID_BREP('',#12830);
#12830 = CLOSED_SHELL('',(#12831,#12873,#12915,#12957,#12999,#13041,
    #13085,#13107,#13141,#13173,#13207,#13243,#13291,#13333,#13390,
    #13425,#13467,#13479,#13495,#13518,#13535,#13547,#13570,#13582,
    #13613,#13631,#13649,#13674,#13698,#13716,#13740,#13784,#13796,
    #13813,#13825));
#12831 = ADVANCED_FACE('',(#12832),#12868,.T.);
#12832 = FACE_BOUND('',#12833,.T.);
#12833 = EDGE_LOOP('',(#12834,#12845,#12853,#12862));
#12834 = ORIENTED_EDGE('',*,*,#12835,.T.);
#12835 = EDGE_CURVE('',#12836,#12838,#12840,.T.);
#12836 = VERTEX_POINT('',#12837);
#12837 = CARTESIAN_POINT('',(2.23,3.735,0.2));
#12838 = VERTEX_POINT('',#12839);
#12839 = CARTESIAN_POINT('',(2.200710678119,3.805710678119,0.2));
#12840 = CIRCLE('',#12841,0.1);
#12841 = AXIS2_PLACEMENT_3D('',#12842,#12843,#12844);
#12842 = CARTESIAN_POINT('',(2.13,3.735,0.2));
#12843 = DIRECTION('',(0.,0.,1.));
#12844 = DIRECTION('',(0.707106781187,0.707106781187,-0.));
#12845 = ORIENTED_EDGE('',*,*,#12846,.T.);
#12846 = EDGE_CURVE('',#12838,#12847,#12849,.T.);
#12847 = VERTEX_POINT('',#12848);
#12848 = CARTESIAN_POINT('',(2.200710678119,3.805710678119,1.2));
#12849 = LINE('',#12850,#12851);
#12850 = CARTESIAN_POINT('',(2.200710678119,3.805710678119,0.2));
#12851 = VECTOR('',#12852,1.);
#12852 = DIRECTION('',(0.,0.,1.));
#12853 = ORIENTED_EDGE('',*,*,#12854,.F.);
#12854 = EDGE_CURVE('',#12855,#12847,#12857,.T.);
#12855 = VERTEX_POINT('',#12856);
#12856 = CARTESIAN_POINT('',(2.23,3.735,1.2));
#12857 = CIRCLE('',#12858,1.E-01);
#12858 = AXIS2_PLACEMENT_3D('',#12859,#12860,#12861);
#12859 = CARTESIAN_POINT('',(2.13,3.735,1.2));
#12860 = DIRECTION('',(0.,0.,1.));
#12861 = DIRECTION('',(0.707106781187,0.707106781187,-0.));
#12862 = ORIENTED_EDGE('',*,*,#12863,.T.);
#12863 = EDGE_CURVE('',#12855,#12836,#12864,.T.);
#12864 = LINE('',#12865,#12866);
#12865 = CARTESIAN_POINT('',(2.23,3.735,0.2));
#12866 = VECTOR('',#12867,1.);
#12867 = DIRECTION('',(0.,0.,-1.));
#12868 = CYLINDRICAL_SURFACE('',#12869,0.1);
#12869 = AXIS2_PLACEMENT_3D('',#12870,#12871,#12872);
#12870 = CARTESIAN_POINT('',(2.13,3.735,0.2));
#12871 = DIRECTION('',(0.,0.,1.));
#12872 = DIRECTION('',(0.707106781187,0.707106781187,-0.));
#12873 = ADVANCED_FACE('',(#12874),#12910,.T.);
#12874 = FACE_BOUND('',#12875,.T.);
#12875 = EDGE_LOOP('',(#12876,#12887,#12895,#12904));
#12876 = ORIENTED_EDGE('',*,*,#12877,.T.);
#12877 = EDGE_CURVE('',#12878,#12880,#12882,.T.);
#12878 = VERTEX_POINT('',#12879);
#12879 = CARTESIAN_POINT('',(-3.E-02,3.835,0.2));
#12880 = VERTEX_POINT('',#12881);
#12881 = CARTESIAN_POINT('',(-0.100710678119,3.805710678119,0.2));
#12882 = CIRCLE('',#12883,0.1);
#12883 = AXIS2_PLACEMENT_3D('',#12884,#12885,#12886);
#12884 = CARTESIAN_POINT('',(-3.E-02,3.735,0.2));
#12885 = DIRECTION('',(0.,0.,1.));
#12886 = DIRECTION('',(-0.707106781187,0.707106781187,0.));
#12887 = ORIENTED_EDGE('',*,*,#12888,.T.);
#12888 = EDGE_CURVE('',#12880,#12889,#12891,.T.);
#12889 = VERTEX_POINT('',#12890);
#12890 = CARTESIAN_POINT('',(-0.100710678119,3.805710678119,1.2));
#12891 = LINE('',#12892,#12893);
#12892 = CARTESIAN_POINT('',(-0.100710678119,3.805710678119,0.2));
#12893 = VECTOR('',#12894,1.);
#12894 = DIRECTION('',(0.,0.,1.));
#12895 = ORIENTED_EDGE('',*,*,#12896,.F.);
#12896 = EDGE_CURVE('',#12897,#12889,#12899,.T.);
#12897 = VERTEX_POINT('',#12898);
#12898 = CARTESIAN_POINT('',(-3.E-02,3.835,1.2));
#12899 = CIRCLE('',#12900,1.E-01);
#12900 = AXIS2_PLACEMENT_3D('',#12901,#12902,#12903);
#12901 = CARTESIAN_POINT('',(-3.E-02,3.735,1.2));
#12902 = DIRECTION('',(0.,0.,1.));
#12903 = DIRECTION('',(-0.707106781187,0.707106781187,0.));
#12904 = ORIENTED_EDGE('',*,*,#12905,.T.);
#12905 = EDGE_CURVE('',#12897,#12878,#12906,.T.);
#12906 = LINE('',#12907,#12908);
#12907 = CARTESIAN_POINT('',(-3.E-02,3.835,0.2));
#12908 = VECTOR('',#12909,1.);
#12909 = DIRECTION('',(0.,0.,-1.));
#12910 = CYLINDRICAL_SURFACE('',#12911,0.1);
#12911 = AXIS2_PLACEMENT_3D('',#12912,#12913,#12914);
#12912 = CARTESIAN_POINT('',(-3.E-02,3.735,0.2));
#12913 = DIRECTION('',(0.,0.,1.));
#12914 = DIRECTION('',(-0.707106781187,0.707106781187,0.));
#12915 = ADVANCED_FACE('',(#12916),#12952,.T.);
#12916 = FACE_BOUND('',#12917,.T.);
#12917 = EDGE_LOOP('',(#12918,#12929,#12937,#12946));
#12918 = ORIENTED_EDGE('',*,*,#12919,.T.);
#12919 = EDGE_CURVE('',#12920,#12922,#12924,.T.);
#12920 = VERTEX_POINT('',#12921);
#12921 = CARTESIAN_POINT('',(-0.13,1.145,0.2));
#12922 = VERTEX_POINT('',#12923);
#12923 = CARTESIAN_POINT('',(-0.100710678119,1.074289321881,0.2));
#12924 = CIRCLE('',#12925,0.1);
#12925 = AXIS2_PLACEMENT_3D('',#12926,#12927,#12928);
#12926 = CARTESIAN_POINT('',(-3.E-02,1.145,0.2));
#12927 = DIRECTION('',(0.,0.,1.));
#12928 = DIRECTION('',(-0.707106781187,-0.707106781187,0.));
#12929 = ORIENTED_EDGE('',*,*,#12930,.T.);
#12930 = EDGE_CURVE('',#12922,#12931,#12933,.T.);
#12931 = VERTEX_POINT('',#12932);
#12932 = CARTESIAN_POINT('',(-0.100710678119,1.074289321881,1.2));
#12933 = LINE('',#12934,#12935);
#12934 = CARTESIAN_POINT('',(-0.100710678119,1.074289321881,0.2));
#12935 = VECTOR('',#12936,1.);
#12936 = DIRECTION('',(0.,0.,1.));
#12937 = ORIENTED_EDGE('',*,*,#12938,.F.);
#12938 = EDGE_CURVE('',#12939,#12931,#12941,.T.);
#12939 = VERTEX_POINT('',#12940);
#12940 = CARTESIAN_POINT('',(-0.13,1.145,1.2));
#12941 = CIRCLE('',#12942,0.1);
#12942 = AXIS2_PLACEMENT_3D('',#12943,#12944,#12945);
#12943 = CARTESIAN_POINT('',(-3.E-02,1.145,1.2));
#12944 = DIRECTION('',(0.,0.,1.));
#12945 = DIRECTION('',(-0.707106781187,-0.707106781187,0.));
#12946 = ORIENTED_EDGE('',*,*,#12947,.T.);
#12947 = EDGE_CURVE('',#12939,#12920,#12948,.T.);
#12948 = LINE('',#12949,#12950);
#12949 = CARTESIAN_POINT('',(-0.13,1.145,0.2));
#12950 = VECTOR('',#12951,1.);
#12951 = DIRECTION('',(0.,0.,-1.));
#12952 = CYLINDRICAL_SURFACE('',#12953,0.1);
#12953 = AXIS2_PLACEMENT_3D('',#12954,#12955,#12956);
#12954 = CARTESIAN_POINT('',(-3.E-02,1.145,0.2));
#12955 = DIRECTION('',(0.,0.,1.));
#12956 = DIRECTION('',(-0.707106781187,-0.707106781187,0.));
#12957 = ADVANCED_FACE('',(#12958),#12994,.T.);
#12958 = FACE_BOUND('',#12959,.T.);
#12959 = EDGE_LOOP('',(#12960,#12971,#12979,#12988));
#12960 = ORIENTED_EDGE('',*,*,#12961,.T.);
#12961 = EDGE_CURVE('',#12962,#12964,#12966,.T.);
#12962 = VERTEX_POINT('',#12963);
#12963 = CARTESIAN_POINT('',(2.13,1.045,0.2));
#12964 = VERTEX_POINT('',#12965);
#12965 = CARTESIAN_POINT('',(2.200710678119,1.074289321881,0.2));
#12966 = CIRCLE('',#12967,0.1);
#12967 = AXIS2_PLACEMENT_3D('',#12968,#12969,#12970);
#12968 = CARTESIAN_POINT('',(2.13,1.145,0.2));
#12969 = DIRECTION('',(0.,0.,1.));
#12970 = DIRECTION('',(0.707106781187,-0.707106781187,0.));
#12971 = ORIENTED_EDGE('',*,*,#12972,.T.);
#12972 = EDGE_CURVE('',#12964,#12973,#12975,.T.);
#12973 = VERTEX_POINT('',#12974);
#12974 = CARTESIAN_POINT('',(2.200710678119,1.074289321881,1.2));
#12975 = LINE('',#12976,#12977);
#12976 = CARTESIAN_POINT('',(2.200710678119,1.074289321881,0.2));
#12977 = VECTOR('',#12978,1.);
#12978 = DIRECTION('',(0.,0.,1.));
#12979 = ORIENTED_EDGE('',*,*,#12980,.F.);
#12980 = EDGE_CURVE('',#12981,#12973,#12983,.T.);
#12981 = VERTEX_POINT('',#12982);
#12982 = CARTESIAN_POINT('',(2.13,1.045,1.2));
#12983 = CIRCLE('',#12984,0.1);
#12984 = AXIS2_PLACEMENT_3D('',#12985,#12986,#12987);
#12985 = CARTESIAN_POINT('',(2.13,1.145,1.2));
#12986 = DIRECTION('',(0.,0.,1.));
#12987 = DIRECTION('',(0.707106781187,-0.707106781187,0.));
#12988 = ORIENTED_EDGE('',*,*,#12989,.T.);
#12989 = EDGE_CURVE('',#12981,#12962,#12990,.T.);
#12990 = LINE('',#12991,#12992);
#12991 = CARTESIAN_POINT('',(2.13,1.045,0.2));
#12992 = VECTOR('',#12993,1.);
#12993 = DIRECTION('',(0.,0.,-1.));
#12994 = CYLINDRICAL_SURFACE('',#12995,0.1);
#12995 = AXIS2_PLACEMENT_3D('',#12996,#12997,#12998);
#12996 = CARTESIAN_POINT('',(2.13,1.145,0.2));
#12997 = DIRECTION('',(0.,0.,1.));
#12998 = DIRECTION('',(0.707106781187,-0.707106781187,0.));
#12999 = ADVANCED_FACE('',(#13000),#13036,.T.);
#13000 = FACE_BOUND('',#13001,.T.);
#13001 = EDGE_LOOP('',(#13002,#13011,#13020,#13029));
#13002 = ORIENTED_EDGE('',*,*,#13003,.F.);
#13003 = EDGE_CURVE('',#12897,#13004,#13006,.T.);
#13004 = VERTEX_POINT('',#13005);
#13005 = CARTESIAN_POINT('',(-3.E-02,3.805710678119,1.270710678119));
#13006 = CIRCLE('',#13007,1.E-01);
#13007 = AXIS2_PLACEMENT_3D('',#13008,#13009,#13010);
#13008 = CARTESIAN_POINT('',(-3.E-02,3.735,1.2));
#13009 = DIRECTION('',(1.,1.387778780781E-15,0.));
#13010 = DIRECTION('',(-1.387778780781E-15,1.,0.));
#13011 = ORIENTED_EDGE('',*,*,#13012,.T.);
#13012 = EDGE_CURVE('',#12897,#13013,#13015,.T.);
#13013 = VERTEX_POINT('',#13014);
#13014 = CARTESIAN_POINT('',(-0.100710678119,3.735,1.270710678119));
#13015 = CIRCLE('',#13016,0.1);
#13016 = AXIS2_PLACEMENT_3D('',#13017,#13018,#13019);
#13017 = CARTESIAN_POINT('',(-3.E-02,3.735,1.2));
#13018 = DIRECTION('',(0.707106781187,1.665334536938E-16,0.707106781187)
  );
#13019 = DIRECTION('',(0.707106781187,3.697785493223E-32,-0.707106781187
    ));
#13020 = ORIENTED_EDGE('',*,*,#13021,.F.);
#13021 = EDGE_CURVE('',#13022,#13013,#13024,.T.);
#13022 = VERTEX_POINT('',#13023);
#13023 = CARTESIAN_POINT('',(-3.E-02,3.735,1.3));
#13024 = CIRCLE('',#13025,0.1);
#13025 = AXIS2_PLACEMENT_3D('',#13026,#13027,#13028);
#13026 = CARTESIAN_POINT('',(-3.E-02,3.735,1.2));
#13027 = DIRECTION('',(0.,-1.,0.));
#13028 = DIRECTION('',(0.,0.,1.));
#13029 = ORIENTED_EDGE('',*,*,#13030,.F.);
#13030 = EDGE_CURVE('',#13004,#13022,#13031,.T.);
#13031 = CIRCLE('',#13032,1.E-01);
#13032 = AXIS2_PLACEMENT_3D('',#13033,#13034,#13035);
#13033 = CARTESIAN_POINT('',(-3.E-02,3.735,1.2));
#13034 = DIRECTION('',(1.,1.387778780781E-15,0.));
#13035 = DIRECTION('',(-1.387778780781E-15,1.,0.));
#13036 = SPHERICAL_SURFACE('',#13037,0.1);
#13037 = AXIS2_PLACEMENT_3D('',#13038,#13039,#13040);
#13038 = CARTESIAN_POINT('',(-3.E-02,3.735,1.2));
#13039 = DIRECTION('',(-0.707106781187,1.016439536705E-16,
    -0.707106781187));
#13040 = DIRECTION('',(-0.57735026919,0.57735026919,0.57735026919));
#13041 = ADVANCED_FACE('',(#13042),#13080,.T.);
#13042 = FACE_BOUND('',#13043,.T.);
#13043 = EDGE_LOOP('',(#13044,#13055,#13064,#13073));
#13044 = ORIENTED_EDGE('',*,*,#13045,.F.);
#13045 = EDGE_CURVE('',#13046,#13048,#13050,.T.);
#13046 = VERTEX_POINT('',#13047);
#13047 = CARTESIAN_POINT('',(-0.100710678119,1.145,1.270710678119));
#13048 = VERTEX_POINT('',#13049);
#13049 = CARTESIAN_POINT('',(-3.E-02,1.145,1.3));
#13050 = CIRCLE('',#13051,0.1);
#13051 = AXIS2_PLACEMENT_3D('',#13052,#13053,#13054);
#13052 = CARTESIAN_POINT('',(-3.E-02,1.145,1.2));
#13053 = DIRECTION('',(0.,1.,0.));
#13054 = DIRECTION('',(-1.,0.,0.));
#13055 = ORIENTED_EDGE('',*,*,#13056,.T.);
#13056 = EDGE_CURVE('',#13046,#13057,#13059,.T.);
#13057 = VERTEX_POINT('',#13058);
#13058 = CARTESIAN_POINT('',(-3.E-02,1.045,1.2));
#13059 = CIRCLE('',#13060,0.1);
#13060 = AXIS2_PLACEMENT_3D('',#13061,#13062,#13063);
#13061 = CARTESIAN_POINT('',(-3.E-02,1.145,1.2));
#13062 = DIRECTION('',(0.707106781187,9.992007221626E-16,0.707106781187)
  );
#13063 = DIRECTION('',(0.707106781187,5.916456789158E-31,-0.707106781187
    ));
#13064 = ORIENTED_EDGE('',*,*,#13065,.F.);
#13065 = EDGE_CURVE('',#13066,#13057,#13068,.T.);
#13066 = VERTEX_POINT('',#13067);
#13067 = CARTESIAN_POINT('',(-3.E-02,1.074289321881,1.270710678119));
#13068 = CIRCLE('',#13069,0.1);
#13069 = AXIS2_PLACEMENT_3D('',#13070,#13071,#13072);
#13070 = CARTESIAN_POINT('',(-3.E-02,1.145,1.2));
#13071 = DIRECTION('',(1.,0.,-0.));
#13072 = DIRECTION('',(0.,0.,1.));
#13073 = ORIENTED_EDGE('',*,*,#13074,.F.);
#13074 = EDGE_CURVE('',#13048,#13066,#13075,.T.);
#13075 = CIRCLE('',#13076,0.1);
#13076 = AXIS2_PLACEMENT_3D('',#13077,#13078,#13079);
#13077 = CARTESIAN_POINT('',(-3.E-02,1.145,1.2));
#13078 = DIRECTION('',(1.,0.,-0.));
#13079 = DIRECTION('',(0.,0.,1.));
#13080 = SPHERICAL_SURFACE('',#13081,0.1);
#13081 = AXIS2_PLACEMENT_3D('',#13082,#13083,#13084);
#13082 = CARTESIAN_POINT('',(-3.E-02,1.145,1.2));
#13083 = DIRECTION('',(-0.707106781187,-8.470329472543E-16,
    -0.707106781187));
#13084 = DIRECTION('',(-0.57735026919,-0.57735026919,0.57735026919));
#13085 = ADVANCED_FACE('',(#13086),#13102,.T.);
#13086 = FACE_BOUND('',#13087,.T.);
#13087 = EDGE_LOOP('',(#13088,#13089,#13095,#13096));
#13088 = ORIENTED_EDGE('',*,*,#13021,.T.);
#13089 = ORIENTED_EDGE('',*,*,#13090,.T.);
#13090 = EDGE_CURVE('',#13013,#13046,#13091,.T.);
#13091 = LINE('',#13092,#13093);
#13092 = CARTESIAN_POINT('',(-0.100710678119,3.1375,1.270710678119));
#13093 = VECTOR('',#13094,1.);
#13094 = DIRECTION('',(0.,-1.,0.));
#13095 = ORIENTED_EDGE('',*,*,#13045,.T.);
#13096 = ORIENTED_EDGE('',*,*,#13097,.T.);
#13097 = EDGE_CURVE('',#13048,#13022,#13098,.T.);
#13098 = LINE('',#13099,#13100);
#13099 = CARTESIAN_POINT('',(-3.E-02,3.1375,1.3));
#13100 = VECTOR('',#13101,1.);
#13101 = DIRECTION('',(0.,1.,0.));
#13102 = CYLINDRICAL_SURFACE('',#13103,0.1);
#13103 = AXIS2_PLACEMENT_3D('',#13104,#13105,#13106);
#13104 = CARTESIAN_POINT('',(-3.E-02,3.1375,1.2));
#13105 = DIRECTION('',(0.,-1.,0.));
#13106 = DIRECTION('',(-0.707106781187,0.,0.707106781187));
#13107 = ADVANCED_FACE('',(#13108),#13136,.T.);
#13108 = FACE_BOUND('',#13109,.T.);
#13109 = EDGE_LOOP('',(#13110,#13121,#13128,#13129));
#13110 = ORIENTED_EDGE('',*,*,#13111,.F.);
#13111 = EDGE_CURVE('',#13112,#13114,#13116,.T.);
#13112 = VERTEX_POINT('',#13113);
#13113 = CARTESIAN_POINT('',(2.200710678119,1.145,1.270710678119));
#13114 = VERTEX_POINT('',#13115);
#13115 = CARTESIAN_POINT('',(2.23,1.145,1.2));
#13116 = CIRCLE('',#13117,0.1);
#13117 = AXIS2_PLACEMENT_3D('',#13118,#13119,#13120);
#13118 = CARTESIAN_POINT('',(2.13,1.145,1.2));
#13119 = DIRECTION('',(0.,1.,0.));
#13120 = DIRECTION('',(0.,-0.,1.));
#13121 = ORIENTED_EDGE('',*,*,#13122,.T.);
#13122 = EDGE_CURVE('',#13112,#12981,#13123,.T.);
#13123 = CIRCLE('',#13124,1.E-01);
#13124 = AXIS2_PLACEMENT_3D('',#13125,#13126,#13127);
#13125 = CARTESIAN_POINT('',(2.13,1.145,1.2));
#13126 = DIRECTION('',(0.707106781187,-1.137978600241E-15,
    -0.707106781187));
#13127 = DIRECTION('',(-0.707106781187,-9.860761315263E-31,
    -0.707106781187));
#13128 = ORIENTED_EDGE('',*,*,#12980,.T.);
#13129 = ORIENTED_EDGE('',*,*,#13130,.T.);
#13130 = EDGE_CURVE('',#12973,#13114,#13131,.T.);
#13131 = CIRCLE('',#13132,0.1);
#13132 = AXIS2_PLACEMENT_3D('',#13133,#13134,#13135);
#13133 = CARTESIAN_POINT('',(2.13,1.145,1.2));
#13134 = DIRECTION('',(0.,0.,1.));
#13135 = DIRECTION('',(0.707106781187,-0.707106781187,0.));
#13136 = SPHERICAL_SURFACE('',#13137,0.1);
#13137 = AXIS2_PLACEMENT_3D('',#13138,#13139,#13140);
#13138 = CARTESIAN_POINT('',(2.13,1.145,1.2));
#13139 = DIRECTION('',(-0.707106781187,2.710505431214E-16,0.707106781187
    ));
#13140 = DIRECTION('',(0.57735026919,-0.57735026919,0.57735026919));
#13141 = ADVANCED_FACE('',(#13142),#13168,.T.);
#13142 = FACE_BOUND('',#13143,.T.);
#13143 = EDGE_LOOP('',(#13144,#13145,#13153,#13162));
#13144 = ORIENTED_EDGE('',*,*,#13074,.T.);
#13145 = ORIENTED_EDGE('',*,*,#13146,.T.);
#13146 = EDGE_CURVE('',#13066,#13147,#13149,.T.);
#13147 = VERTEX_POINT('',#13148);
#13148 = CARTESIAN_POINT('',(2.13,1.074289321881,1.270710678119));
#13149 = LINE('',#13150,#13151);
#13150 = CARTESIAN_POINT('',(0.46,1.074289321881,1.270710678119));
#13151 = VECTOR('',#13152,1.);
#13152 = DIRECTION('',(1.,0.,0.));
#13153 = ORIENTED_EDGE('',*,*,#13154,.T.);
#13154 = EDGE_CURVE('',#13147,#13155,#13157,.T.);
#13155 = VERTEX_POINT('',#13156);
#13156 = CARTESIAN_POINT('',(2.13,1.145,1.3));
#13157 = CIRCLE('',#13158,0.1);
#13158 = AXIS2_PLACEMENT_3D('',#13159,#13160,#13161);
#13159 = CARTESIAN_POINT('',(2.13,1.145,1.2));
#13160 = DIRECTION('',(-1.,0.,0.));
#13161 = DIRECTION('',(0.,-1.,0.));
#13162 = ORIENTED_EDGE('',*,*,#13163,.T.);
#13163 = EDGE_CURVE('',#13155,#13048,#13164,.T.);
#13164 = LINE('',#13165,#13166);
#13165 = CARTESIAN_POINT('',(0.46,1.145,1.3));
#13166 = VECTOR('',#13167,1.);
#13167 = DIRECTION('',(-1.,0.,0.));
#13168 = CYLINDRICAL_SURFACE('',#13169,0.1);
#13169 = AXIS2_PLACEMENT_3D('',#13170,#13171,#13172);
#13170 = CARTESIAN_POINT('',(0.46,1.145,1.2));
#13171 = DIRECTION('',(1.,0.,0.));
#13172 = DIRECTION('',(0.,-0.707106781187,0.707106781187));
#13173 = ADVANCED_FACE('',(#13174),#13202,.T.);
#13174 = FACE_BOUND('',#13175,.T.);
#13175 = EDGE_LOOP('',(#13176,#13177,#13186,#13195));
#13176 = ORIENTED_EDGE('',*,*,#12854,.T.);
#13177 = ORIENTED_EDGE('',*,*,#13178,.T.);
#13178 = EDGE_CURVE('',#12847,#13179,#13181,.T.);
#13179 = VERTEX_POINT('',#13180);
#13180 = CARTESIAN_POINT('',(2.13,3.835,1.2));
#13181 = CIRCLE('',#13182,1.E-01);
#13182 = AXIS2_PLACEMENT_3D('',#13183,#13184,#13185);
#13183 = CARTESIAN_POINT('',(2.13,3.735,1.2));
#13184 = DIRECTION('',(0.,0.,1.));
#13185 = DIRECTION('',(0.707106781187,0.707106781187,-0.));
#13186 = ORIENTED_EDGE('',*,*,#13187,.T.);
#13187 = EDGE_CURVE('',#13179,#13188,#13190,.T.);
#13188 = VERTEX_POINT('',#13189);
#13189 = CARTESIAN_POINT('',(2.200710678119,3.735,1.270710678119));
#13190 = CIRCLE('',#13191,1.E-01);
#13191 = AXIS2_PLACEMENT_3D('',#13192,#13193,#13194);
#13192 = CARTESIAN_POINT('',(2.13,3.735,1.2));
#13193 = DIRECTION('',(0.707106781187,-1.249000902703E-15,
    -0.707106781187));
#13194 = DIRECTION('',(-0.707106781187,1.972152263053E-31,
    -0.707106781187));
#13195 = ORIENTED_EDGE('',*,*,#13196,.F.);
#13196 = EDGE_CURVE('',#12855,#13188,#13197,.T.);
#13197 = CIRCLE('',#13198,1.E-01);
#13198 = AXIS2_PLACEMENT_3D('',#13199,#13200,#13201);
#13199 = CARTESIAN_POINT('',(2.13,3.735,1.2));
#13200 = DIRECTION('',(0.,-1.,0.));
#13201 = DIRECTION('',(1.,0.,0.));
#13202 = SPHERICAL_SURFACE('',#13203,0.1);
#13203 = AXIS2_PLACEMENT_3D('',#13204,#13205,#13206);
#13204 = CARTESIAN_POINT('',(2.13,3.735,1.2));
#13205 = DIRECTION('',(-0.707106781187,1.795709848179E-15,0.707106781187
    ));
#13206 = DIRECTION('',(0.57735026919,0.57735026919,0.57735026919));
#13207 = ADVANCED_FACE('',(#13208),#13238,.T.);
#13208 = FACE_BOUND('',#13209,.T.);
#13209 = EDGE_LOOP('',(#13210,#13217,#13223,#13232));
#13210 = ORIENTED_EDGE('',*,*,#13211,.T.);
#13211 = EDGE_CURVE('',#13155,#13112,#13212,.T.);
#13212 = CIRCLE('',#13213,0.1);
#13213 = AXIS2_PLACEMENT_3D('',#13214,#13215,#13216);
#13214 = CARTESIAN_POINT('',(2.13,1.145,1.2));
#13215 = DIRECTION('',(0.,1.,0.));
#13216 = DIRECTION('',(0.,-0.,1.));
#13217 = ORIENTED_EDGE('',*,*,#13218,.T.);
#13218 = EDGE_CURVE('',#13112,#13188,#13219,.T.);
#13219 = LINE('',#13220,#13221);
#13220 = CARTESIAN_POINT('',(2.200710678119,1.7425,1.270710678119));
#13221 = VECTOR('',#13222,1.);
#13222 = DIRECTION('',(0.,1.,0.));
#13223 = ORIENTED_EDGE('',*,*,#13224,.T.);
#13224 = EDGE_CURVE('',#13188,#13225,#13227,.T.);
#13225 = VERTEX_POINT('',#13226);
#13226 = CARTESIAN_POINT('',(2.13,3.735,1.3));
#13227 = CIRCLE('',#13228,1.E-01);
#13228 = AXIS2_PLACEMENT_3D('',#13229,#13230,#13231);
#13229 = CARTESIAN_POINT('',(2.13,3.735,1.2));
#13230 = DIRECTION('',(0.,-1.,0.));
#13231 = DIRECTION('',(1.,0.,0.));
#13232 = ORIENTED_EDGE('',*,*,#13233,.T.);
#13233 = EDGE_CURVE('',#13225,#13155,#13234,.T.);
#13234 = LINE('',#13235,#13236);
#13235 = CARTESIAN_POINT('',(2.13,1.7425,1.3));
#13236 = VECTOR('',#13237,1.);
#13237 = DIRECTION('',(0.,-1.,0.));
#13238 = CYLINDRICAL_SURFACE('',#13239,0.1);
#13239 = AXIS2_PLACEMENT_3D('',#13240,#13241,#13242);
#13240 = CARTESIAN_POINT('',(2.13,1.7425,1.2));
#13241 = DIRECTION('',(0.,1.,0.));
#13242 = DIRECTION('',(0.707106781187,-0.,0.707106781187));
#13243 = ADVANCED_FACE('',(#13244),#13286,.T.);
#13244 = FACE_BOUND('',#13245,.T.);
#13245 = EDGE_LOOP('',(#13246,#13255,#13261,#13262,#13270,#13280));
#13246 = ORIENTED_EDGE('',*,*,#13247,.T.);
#13247 = EDGE_CURVE('',#13225,#13248,#13250,.T.);
#13248 = VERTEX_POINT('',#13249);
#13249 = CARTESIAN_POINT('',(2.13,3.805710678119,1.270710678119));
#13250 = CIRCLE('',#13251,0.1);
#13251 = AXIS2_PLACEMENT_3D('',#13252,#13253,#13254);
#13252 = CARTESIAN_POINT('',(2.13,3.735,1.2));
#13253 = DIRECTION('',(-1.,0.,0.));
#13254 = DIRECTION('',(0.,0.,1.));
#13255 = ORIENTED_EDGE('',*,*,#13256,.T.);
#13256 = EDGE_CURVE('',#13248,#13004,#13257,.T.);
#13257 = LINE('',#13258,#13259);
#13258 = CARTESIAN_POINT('',(1.64,3.805710678119,1.270710678119));
#13259 = VECTOR('',#13260,1.);
#13260 = DIRECTION('',(-1.,0.,0.));
#13261 = ORIENTED_EDGE('',*,*,#13030,.T.);
#13262 = ORIENTED_EDGE('',*,*,#13263,.T.);
#13263 = EDGE_CURVE('',#13022,#13264,#13266,.T.);
#13264 = VERTEX_POINT('',#13265);
#13265 = CARTESIAN_POINT('',(0.903030615433,3.735,1.3));
#13266 = LINE('',#13267,#13268);
#13267 = CARTESIAN_POINT('',(1.64,3.735,1.3));
#13268 = VECTOR('',#13269,1.);
#13269 = DIRECTION('',(1.,0.,0.));
#13270 = ORIENTED_EDGE('',*,*,#13271,.T.);
#13271 = EDGE_CURVE('',#13264,#13272,#13274,.T.);
#13272 = VERTEX_POINT('',#13273);
#13273 = CARTESIAN_POINT('',(1.196969384567,3.735,1.3));
#13274 = B_SPLINE_CURVE_WITH_KNOTS('',3,(#13275,#13276,#13277,#13278,
    #13279),.UNSPECIFIED.,.F.,.F.,(4,1,4),(0.,0.5,1.),
  .QUASI_UNIFORM_KNOTS.);
#13275 = CARTESIAN_POINT('',(0.903030615433,3.735,1.3));
#13276 = CARTESIAN_POINT('',(0.952020410289,3.74858490566,1.3));
#13277 = CARTESIAN_POINT('',(1.05,3.761888348728,1.295861981199));
#13278 = CARTESIAN_POINT('',(1.147979589711,3.74858490566,1.3));
#13279 = CARTESIAN_POINT('',(1.196969384567,3.735,1.3));
#13280 = ORIENTED_EDGE('',*,*,#13281,.T.);
#13281 = EDGE_CURVE('',#13272,#13225,#13282,.T.);
#13282 = LINE('',#13283,#13284);
#13283 = CARTESIAN_POINT('',(1.64,3.735,1.3));
#13284 = VECTOR('',#13285,1.);
#13285 = DIRECTION('',(1.,0.,0.));
#13286 = CYLINDRICAL_SURFACE('',#13287,0.1);
#13287 = AXIS2_PLACEMENT_3D('',#13288,#13289,#13290);
#13288 = CARTESIAN_POINT('',(1.64,3.735,1.2));
#13289 = DIRECTION('',(-1.,0.,0.));
#13290 = DIRECTION('',(0.,0.707106781187,0.707106781187));
#13291 = ADVANCED_FACE('',(#13292),#13328,.F.);
#13292 = FACE_BOUND('',#13293,.F.);
#13293 = EDGE_LOOP('',(#13294,#13304,#13313,#13321));
#13294 = ORIENTED_EDGE('',*,*,#13295,.T.);
#13295 = EDGE_CURVE('',#13296,#13298,#13300,.T.);
#13296 = VERTEX_POINT('',#13297);
#13297 = CARTESIAN_POINT('',(0.5,3.205,1.3));
#13298 = VERTEX_POINT('',#13299);
#13299 = CARTESIAN_POINT('',(0.5,3.205,1.));
#13300 = LINE('',#13301,#13302);
#13301 = CARTESIAN_POINT('',(0.5,3.205,1.3));
#13302 = VECTOR('',#13303,1.);
#13303 = DIRECTION('',(0.,0.,-1.));
#13304 = ORIENTED_EDGE('',*,*,#13305,.F.);
#13305 = EDGE_CURVE('',#13306,#13298,#13308,.T.);
#13306 = VERTEX_POINT('',#13307);
#13307 = CARTESIAN_POINT('',(1.6,3.205,1.));
#13308 = CIRCLE('',#13309,0.55);
#13309 = AXIS2_PLACEMENT_3D('',#13310,#13311,#13312);
#13310 = CARTESIAN_POINT('',(1.05,3.205,1.));
#13311 = DIRECTION('',(0.,0.,-1.));
#13312 = DIRECTION('',(-1.,0.,0.));
#13313 = ORIENTED_EDGE('',*,*,#13314,.F.);
#13314 = EDGE_CURVE('',#13315,#13306,#13317,.T.);
#13315 = VERTEX_POINT('',#13316);
#13316 = CARTESIAN_POINT('',(1.6,3.205,1.3));
#13317 = LINE('',#13318,#13319);
#13318 = CARTESIAN_POINT('',(1.6,3.205,1.3));
#13319 = VECTOR('',#13320,1.);
#13320 = DIRECTION('',(0.,0.,-1.));
#13321 = ORIENTED_EDGE('',*,*,#13322,.T.);
#13322 = EDGE_CURVE('',#13315,#13296,#13323,.T.);
#13323 = CIRCLE('',#13324,0.55);
#13324 = AXIS2_PLACEMENT_3D('',#13325,#13326,#13327);
#13325 = CARTESIAN_POINT('',(1.05,3.205,1.3));
#13326 = DIRECTION('',(0.,0.,-1.));
#13327 = DIRECTION('',(-1.,0.,0.));
#13328 = CYLINDRICAL_SURFACE('',#13329,0.55);
#13329 = AXIS2_PLACEMENT_3D('',#13330,#13331,#13332);
#13330 = CARTESIAN_POINT('',(1.05,3.205,1.3));
#13331 = DIRECTION('',(0.,0.,-1.));
#13332 = DIRECTION('',(-1.,0.,0.));
#13333 = ADVANCED_FACE('',(#13334),#13385,.T.);
#13334 = FACE_BOUND('',#13335,.T.);
#13335 = EDGE_LOOP('',(#13336,#13369,#13378));
#13336 = ORIENTED_EDGE('',*,*,#13337,.F.);
#13337 = EDGE_CURVE('',#13338,#13340,#13342,.T.);
#13338 = VERTEX_POINT('',#13339);
#13339 = CARTESIAN_POINT('',(0.500090917014,3.21500001123,1.000181758933
    ));
#13340 = VERTEX_POINT('',#13341);
#13341 = CARTESIAN_POINT('',(1.599908973575,3.214999228916,
    1.000181928535));
#13342 = B_SPLINE_CURVE_WITH_KNOTS('',3,(#13343,#13344,#13345,#13346,
    #13347,#13348,#13349,#13350,#13351,#13352,#13353,#13354,#13355,
    #13356,#13357,#13358,#13359,#13360,#13361,#13362,#13363,#13364,
    #13365,#13366,#13367,#13368),.UNSPECIFIED.,.F.,.F.,(4,2,2,2,1,2,2,2,
    2,2,1,2,2,4),(0.,0.124707300705,0.24941460141,0.265003013998,
    0.280591426586,0.311768251762,0.374121902115,0.49882920282,
    0.748243804229,0.763832216817,0.779420629406,0.810597454582,
    0.872951104934,0.997658405639),.UNSPECIFIED.);
#13343 = CARTESIAN_POINT('',(0.500090917014,3.21500001123,1.000181758933
    ));
#13344 = CARTESIAN_POINT('',(0.50170092929,3.303535960346,1.003399121099
    ));
#13345 = CARTESIAN_POINT('',(0.524466835114,3.382167932054,
    1.006138873608));
#13346 = CARTESIAN_POINT('',(0.586936877669,3.510198506353,
    1.010663158497));
#13347 = CARTESIAN_POINT('',(0.626441444897,3.55997067404,1.012447690876
    ));
#13348 = CARTESIAN_POINT('',(0.669744110331,3.602430327323,1.01391797848
    ));
#13349 = CARTESIAN_POINT('',(0.678144357802,3.610350355998,
    1.014191467408));
#13350 = CARTESIAN_POINT('',(0.691982625928,3.622623143042,
    1.014614153915));
#13351 = CARTESIAN_POINT('',(0.713149293282,3.640460089295,
    1.015227019446));
#13352 = CARTESIAN_POINT('',(0.735442007897,3.656535804755,
    1.015776392289));
#13353 = CARTESIAN_POINT('',(0.78125554534,3.686250113327,1.016790481059
    ));
#13354 = CARTESIAN_POINT('',(0.813433876057,3.702800333006,1.01735366435
    ));
#13355 = CARTESIAN_POINT('',(0.912708985698,3.742332287831,
    1.018704586555));
#13356 = CARTESIAN_POINT('',(0.982477651581,3.755070842002,
    1.019153697801));
#13357 = CARTESIAN_POINT('',(1.186768481672,3.754857415561,
    1.019146520869));
#13358 = CARTESIAN_POINT('',(1.329884114695,3.701259198615,
    1.017338787762));
#13359 = CARTESIAN_POINT('',(1.442467253075,3.590429391522,
    1.013502507757));
#13360 = CARTESIAN_POINT('',(1.445955450709,3.586794800449,
    1.013375806122));
#13361 = CARTESIAN_POINT('',(1.45544590809,3.576700960732,1.013022541856
    ));
#13362 = CARTESIAN_POINT('',(1.469679285339,3.56098943581,1.012470116143
    ));
#13363 = CARTESIAN_POINT('',(1.483771445778,3.543501104448,1.01185010249
    ));
#13364 = CARTESIAN_POINT('',(1.511357620367,3.506017949082,
    1.010519957931));
#13365 = CARTESIAN_POINT('',(1.528968211836,3.477664878107,
    1.009513038554));
#13366 = CARTESIAN_POINT('',(1.575528492552,3.382049536357,
    1.006131811409));
#13367 = CARTESIAN_POINT('',(1.598298466761,3.303575988084,
    1.003397034627));
#13368 = CARTESIAN_POINT('',(1.599908973575,3.214999228916,
    1.000181928535));
#13369 = ORIENTED_EDGE('',*,*,#13370,.T.);
#13370 = EDGE_CURVE('',#13338,#13371,#13373,.T.);
#13371 = VERTEX_POINT('',#13372);
#13372 = CARTESIAN_POINT('',(1.05,3.215,1.339918693812));
#13373 = CIRCLE('',#13374,0.614918693812);
#13374 = AXIS2_PLACEMENT_3D('',#13375,#13376,#13377);
#13375 = CARTESIAN_POINT('',(1.05,3.215,0.725));
#13376 = DIRECTION('',(1.224646799147E-16,1.,-0.));
#13377 = DIRECTION('',(-1.,1.224646799147E-16,0.));
#13378 = ORIENTED_EDGE('',*,*,#13379,.F.);
#13379 = EDGE_CURVE('',#13340,#13371,#13380,.T.);
#13380 = CIRCLE('',#13381,0.614918693812);
#13381 = AXIS2_PLACEMENT_3D('',#13382,#13383,#13384);
#13382 = CARTESIAN_POINT('',(1.05,3.215,0.725));
#13383 = DIRECTION('',(0.,-1.,0.));
#13384 = DIRECTION('',(0.,0.,-1.));
#13385 = SPHERICAL_SURFACE('',#13386,0.614918693812);
#13386 = AXIS2_PLACEMENT_3D('',#13387,#13388,#13389);
#13387 = CARTESIAN_POINT('',(1.05,3.215,0.725));
#13388 = DIRECTION('',(0.,1.,0.));
#13389 = DIRECTION('',(1.,0.,0.));
#13390 = ADVANCED_FACE('',(#13391),#13420,.T.);
#13391 = FACE_BOUND('',#13392,.T.);
#13392 = EDGE_LOOP('',(#13393,#13394,#13403,#13412,#13419));
#13393 = ORIENTED_EDGE('',*,*,#13370,.F.);
#13394 = ORIENTED_EDGE('',*,*,#13395,.F.);
#13395 = EDGE_CURVE('',#13396,#13338,#13398,.T.);
#13396 = VERTEX_POINT('',#13397);
#13397 = CARTESIAN_POINT('',(0.500022727742,3.21,1.));
#13398 = B_SPLINE_CURVE_WITH_KNOTS('',3,(#13399,#13400,#13401,#13402),
  .UNSPECIFIED.,.F.,.F.,(4,4),(4.995412399204E-04,9.975714994703E-04),
  .PIECEWISE_BEZIER_KNOTS.);
#13399 = CARTESIAN_POINT('',(0.500022727742,3.21,1.));
#13400 = CARTESIAN_POINT('',(0.500037857446,3.211664198671,
    1.000060516315));
#13401 = CARTESIAN_POINT('',(0.500060564613,3.213330918242,
    1.000121104323));
#13402 = CARTESIAN_POINT('',(0.500090917014,3.21500001123,1.000181758933
    ));
#13403 = ORIENTED_EDGE('',*,*,#13404,.F.);
#13404 = EDGE_CURVE('',#13405,#13396,#13407,.T.);
#13405 = VERTEX_POINT('',#13406);
#13406 = CARTESIAN_POINT('',(1.599977272258,3.21,1.));
#13407 = CIRCLE('',#13408,0.55);
#13408 = AXIS2_PLACEMENT_3D('',#13409,#13410,#13411);
#13409 = CARTESIAN_POINT('',(1.05,3.215,1.));
#13410 = DIRECTION('',(0.,0.,-1.));
#13411 = DIRECTION('',(0.,1.,0.));
#13412 = ORIENTED_EDGE('',*,*,#13413,.F.);
#13413 = EDGE_CURVE('',#13340,#13405,#13414,.T.);
#13414 = B_SPLINE_CURVE_WITH_KNOTS('',3,(#13415,#13416,#13417,#13418),
  .UNSPECIFIED.,.F.,.F.,(4,4),(0.997658405639,1.),
  .PIECEWISE_BEZIER_KNOTS.);
#13415 = CARTESIAN_POINT('',(1.599908973575,3.214999228916,
    1.000181928535));
#13416 = CARTESIAN_POINT('',(1.599939339539,3.213336061021,
    1.000121257782));
#13417 = CARTESIAN_POINT('',(1.599962093226,3.211669624461,
    1.000060713617));
#13418 = CARTESIAN_POINT('',(1.599977272258,3.21,1.));
#13419 = ORIENTED_EDGE('',*,*,#13379,.T.);
#13420 = SPHERICAL_SURFACE('',#13421,0.614918693812);
#13421 = AXIS2_PLACEMENT_3D('',#13422,#13423,#13424);
#13422 = CARTESIAN_POINT('',(1.05,3.215,0.725));
#13423 = DIRECTION('',(0.,1.,0.));
#13424 = DIRECTION('',(1.,0.,0.));
#13425 = ADVANCED_FACE('',(#13426),#13462,.F.);
#13426 = FACE_BOUND('',#13427,.F.);
#13427 = EDGE_LOOP('',(#13428,#13435,#13436,#13437,#13438,#13445,#13446,
    #13453,#13454,#13461));
#13428 = ORIENTED_EDGE('',*,*,#13429,.F.);
#13429 = EDGE_CURVE('',#13405,#13306,#13430,.T.);
#13430 = CIRCLE('',#13431,0.55);
#13431 = AXIS2_PLACEMENT_3D('',#13432,#13433,#13434);
#13432 = CARTESIAN_POINT('',(1.05,3.205,1.));
#13433 = DIRECTION('',(0.,0.,-1.));
#13434 = DIRECTION('',(-1.,0.,0.));
#13435 = ORIENTED_EDGE('',*,*,#13413,.F.);
#13436 = ORIENTED_EDGE('',*,*,#13337,.F.);
#13437 = ORIENTED_EDGE('',*,*,#13395,.F.);
#13438 = ORIENTED_EDGE('',*,*,#13439,.F.);
#13439 = EDGE_CURVE('',#13298,#13396,#13440,.T.);
#13440 = CIRCLE('',#13441,0.55);
#13441 = AXIS2_PLACEMENT_3D('',#13442,#13443,#13444);
#13442 = CARTESIAN_POINT('',(1.05,3.205,1.));
#13443 = DIRECTION('',(0.,0.,-1.));
#13444 = DIRECTION('',(-1.,0.,0.));
#13445 = ORIENTED_EDGE('',*,*,#13295,.F.);
#13446 = ORIENTED_EDGE('',*,*,#13447,.T.);
#13447 = EDGE_CURVE('',#13296,#13264,#13448,.T.);
#13448 = CIRCLE('',#13449,0.55);
#13449 = AXIS2_PLACEMENT_3D('',#13450,#13451,#13452);
#13450 = CARTESIAN_POINT('',(1.05,3.205,1.3));
#13451 = DIRECTION('',(0.,0.,-1.));
#13452 = DIRECTION('',(-1.,0.,0.));
#13453 = ORIENTED_EDGE('',*,*,#13271,.T.);
#13454 = ORIENTED_EDGE('',*,*,#13455,.T.);
#13455 = EDGE_CURVE('',#13272,#13315,#13456,.T.);
#13456 = CIRCLE('',#13457,0.55);
#13457 = AXIS2_PLACEMENT_3D('',#13458,#13459,#13460);
#13458 = CARTESIAN_POINT('',(1.05,3.205,1.3));
#13459 = DIRECTION('',(0.,0.,-1.));
#13460 = DIRECTION('',(-1.,0.,0.));
#13461 = ORIENTED_EDGE('',*,*,#13314,.T.);
#13462 = CYLINDRICAL_SURFACE('',#13463,0.55);
#13463 = AXIS2_PLACEMENT_3D('',#13464,#13465,#13466);
#13464 = CARTESIAN_POINT('',(1.05,3.205,1.3));
#13465 = DIRECTION('',(0.,0.,-1.));
#13466 = DIRECTION('',(-1.,0.,0.));
#13467 = ADVANCED_FACE('',(#13468),#13474,.T.);
#13468 = FACE_BOUND('',#13469,.T.);
#13469 = EDGE_LOOP('',(#13470,#13471,#13472,#13473));
#13470 = ORIENTED_EDGE('',*,*,#13404,.T.);
#13471 = ORIENTED_EDGE('',*,*,#13439,.F.);
#13472 = ORIENTED_EDGE('',*,*,#13305,.F.);
#13473 = ORIENTED_EDGE('',*,*,#13429,.F.);
#13474 = PLANE('',#13475);
#13475 = AXIS2_PLACEMENT_3D('',#13476,#13477,#13478);
#13476 = CARTESIAN_POINT('',(1.05,3.205,1.));
#13477 = DIRECTION('',(0.,0.,1.));
#13478 = DIRECTION('',(1.,0.,-0.));
#13479 = ADVANCED_FACE('',(#13480),#13490,.T.);
#13480 = FACE_BOUND('',#13481,.T.);
#13481 = EDGE_LOOP('',(#13482,#13483,#13484,#13485,#13486,#13487,#13488,
    #13489));
#13482 = ORIENTED_EDGE('',*,*,#13281,.F.);
#13483 = ORIENTED_EDGE('',*,*,#13455,.T.);
#13484 = ORIENTED_EDGE('',*,*,#13322,.T.);
#13485 = ORIENTED_EDGE('',*,*,#13447,.T.);
#13486 = ORIENTED_EDGE('',*,*,#13263,.F.);
#13487 = ORIENTED_EDGE('',*,*,#13097,.F.);
#13488 = ORIENTED_EDGE('',*,*,#13163,.F.);
#13489 = ORIENTED_EDGE('',*,*,#13233,.F.);
#13490 = PLANE('',#13491);
#13491 = AXIS2_PLACEMENT_3D('',#13492,#13493,#13494);
#13492 = CARTESIAN_POINT('',(1.05,2.44,1.3));
#13493 = DIRECTION('',(0.,0.,1.));
#13494 = DIRECTION('',(1.,0.,-0.));
#13495 = ADVANCED_FACE('',(#13496),#13513,.T.);
#13496 = FACE_BOUND('',#13497,.T.);
#13497 = EDGE_LOOP('',(#13498,#13499,#13506,#13512));
#13498 = ORIENTED_EDGE('',*,*,#13256,.F.);
#13499 = ORIENTED_EDGE('',*,*,#13500,.T.);
#13500 = EDGE_CURVE('',#13248,#13179,#13501,.T.);
#13501 = CIRCLE('',#13502,0.1);
#13502 = AXIS2_PLACEMENT_3D('',#13503,#13504,#13505);
#13503 = CARTESIAN_POINT('',(2.13,3.735,1.2));
#13504 = DIRECTION('',(-1.,0.,0.));
#13505 = DIRECTION('',(0.,0.,1.));
#13506 = ORIENTED_EDGE('',*,*,#13507,.T.);
#13507 = EDGE_CURVE('',#13179,#12897,#13508,.T.);
#13508 = LINE('',#13509,#13510);
#13509 = CARTESIAN_POINT('',(1.64,3.835,1.2));
#13510 = VECTOR('',#13511,1.);
#13511 = DIRECTION('',(-1.,0.,0.));
#13512 = ORIENTED_EDGE('',*,*,#13003,.T.);
#13513 = CYLINDRICAL_SURFACE('',#13514,0.1);
#13514 = AXIS2_PLACEMENT_3D('',#13515,#13516,#13517);
#13515 = CARTESIAN_POINT('',(1.64,3.735,1.2));
#13516 = DIRECTION('',(-1.,0.,0.));
#13517 = DIRECTION('',(0.,0.707106781187,0.707106781187));
#13518 = ADVANCED_FACE('',(#13519),#13530,.T.);
#13519 = FACE_BOUND('',#13520,.T.);
#13520 = EDGE_LOOP('',(#13521,#13522,#13523,#13529));
#13521 = ORIENTED_EDGE('',*,*,#13218,.F.);
#13522 = ORIENTED_EDGE('',*,*,#13111,.T.);
#13523 = ORIENTED_EDGE('',*,*,#13524,.T.);
#13524 = EDGE_CURVE('',#13114,#12855,#13525,.T.);
#13525 = LINE('',#13526,#13527);
#13526 = CARTESIAN_POINT('',(2.23,1.7425,1.2));
#13527 = VECTOR('',#13528,1.);
#13528 = DIRECTION('',(0.,1.,0.));
#13529 = ORIENTED_EDGE('',*,*,#13196,.T.);
#13530 = CYLINDRICAL_SURFACE('',#13531,0.1);
#13531 = AXIS2_PLACEMENT_3D('',#13532,#13533,#13534);
#13532 = CARTESIAN_POINT('',(2.13,1.7425,1.2));
#13533 = DIRECTION('',(0.,1.,0.));
#13534 = DIRECTION('',(0.707106781187,-0.,0.707106781187));
#13535 = ADVANCED_FACE('',(#13536),#13542,.T.);
#13536 = FACE_BOUND('',#13537,.T.);
#13537 = EDGE_LOOP('',(#13538,#13539,#13540,#13541));
#13538 = ORIENTED_EDGE('',*,*,#13187,.F.);
#13539 = ORIENTED_EDGE('',*,*,#13500,.F.);
#13540 = ORIENTED_EDGE('',*,*,#13247,.F.);
#13541 = ORIENTED_EDGE('',*,*,#13224,.F.);
#13542 = SPHERICAL_SURFACE('',#13543,0.1);
#13543 = AXIS2_PLACEMENT_3D('',#13544,#13545,#13546);
#13544 = CARTESIAN_POINT('',(2.13,3.735,1.2));
#13545 = DIRECTION('',(-0.707106781187,1.795709848179E-15,0.707106781187
    ));
#13546 = DIRECTION('',(0.57735026919,0.57735026919,0.57735026919));
#13547 = ADVANCED_FACE('',(#13548),#13565,.T.);
#13548 = FACE_BOUND('',#13549,.T.);
#13549 = EDGE_LOOP('',(#13550,#13551,#13552,#13558));
#13550 = ORIENTED_EDGE('',*,*,#13146,.F.);
#13551 = ORIENTED_EDGE('',*,*,#13065,.T.);
#13552 = ORIENTED_EDGE('',*,*,#13553,.T.);
#13553 = EDGE_CURVE('',#13057,#12981,#13554,.T.);
#13554 = LINE('',#13555,#13556);
#13555 = CARTESIAN_POINT('',(0.46,1.045,1.2));
#13556 = VECTOR('',#13557,1.);
#13557 = DIRECTION('',(1.,0.,0.));
#13558 = ORIENTED_EDGE('',*,*,#13559,.T.);
#13559 = EDGE_CURVE('',#12981,#13147,#13560,.T.);
#13560 = CIRCLE('',#13561,0.1);
#13561 = AXIS2_PLACEMENT_3D('',#13562,#13563,#13564);
#13562 = CARTESIAN_POINT('',(2.13,1.145,1.2));
#13563 = DIRECTION('',(-1.,0.,0.));
#13564 = DIRECTION('',(0.,-1.,0.));
#13565 = CYLINDRICAL_SURFACE('',#13566,0.1);
#13566 = AXIS2_PLACEMENT_3D('',#13567,#13568,#13569);
#13567 = CARTESIAN_POINT('',(0.46,1.145,1.2));
#13568 = DIRECTION('',(1.,0.,0.));
#13569 = DIRECTION('',(0.,-0.707106781187,0.707106781187));
#13570 = ADVANCED_FACE('',(#13571),#13577,.T.);
#13571 = FACE_BOUND('',#13572,.T.);
#13572 = EDGE_LOOP('',(#13573,#13574,#13575,#13576));
#13573 = ORIENTED_EDGE('',*,*,#13122,.F.);
#13574 = ORIENTED_EDGE('',*,*,#13211,.F.);
#13575 = ORIENTED_EDGE('',*,*,#13154,.F.);
#13576 = ORIENTED_EDGE('',*,*,#13559,.F.);
#13577 = SPHERICAL_SURFACE('',#13578,0.1);
#13578 = AXIS2_PLACEMENT_3D('',#13579,#13580,#13581);
#13579 = CARTESIAN_POINT('',(2.13,1.145,1.2));
#13580 = DIRECTION('',(-0.707106781187,2.710505431214E-16,0.707106781187
    ));
#13581 = DIRECTION('',(0.57735026919,-0.57735026919,0.57735026919));
#13582 = ADVANCED_FACE('',(#13583),#13608,.T.);
#13583 = FACE_BOUND('',#13584,.T.);
#13584 = EDGE_LOOP('',(#13585,#13586,#13595,#13601));
#13585 = ORIENTED_EDGE('',*,*,#13090,.F.);
#13586 = ORIENTED_EDGE('',*,*,#13587,.T.);
#13587 = EDGE_CURVE('',#13013,#13588,#13590,.T.);
#13588 = VERTEX_POINT('',#13589);
#13589 = CARTESIAN_POINT('',(-0.13,3.735,1.2));
#13590 = CIRCLE('',#13591,0.1);
#13591 = AXIS2_PLACEMENT_3D('',#13592,#13593,#13594);
#13592 = CARTESIAN_POINT('',(-3.E-02,3.735,1.2));
#13593 = DIRECTION('',(0.,-1.,0.));
#13594 = DIRECTION('',(0.,0.,1.));
#13595 = ORIENTED_EDGE('',*,*,#13596,.T.);
#13596 = EDGE_CURVE('',#13588,#12939,#13597,.T.);
#13597 = LINE('',#13598,#13599);
#13598 = CARTESIAN_POINT('',(-0.13,3.1375,1.2));
#13599 = VECTOR('',#13600,1.);
#13600 = DIRECTION('',(0.,-1.,0.));
#13601 = ORIENTED_EDGE('',*,*,#13602,.T.);
#13602 = EDGE_CURVE('',#12939,#13046,#13603,.T.);
#13603 = CIRCLE('',#13604,0.1);
#13604 = AXIS2_PLACEMENT_3D('',#13605,#13606,#13607);
#13605 = CARTESIAN_POINT('',(-3.E-02,1.145,1.2));
#13606 = DIRECTION('',(0.,1.,0.));
#13607 = DIRECTION('',(-1.,0.,0.));
#13608 = CYLINDRICAL_SURFACE('',#13609,0.1);
#13609 = AXIS2_PLACEMENT_3D('',#13610,#13611,#13612);
#13610 = CARTESIAN_POINT('',(-3.E-02,3.1375,1.2));
#13611 = DIRECTION('',(0.,-1.,0.));
#13612 = DIRECTION('',(-0.707106781187,0.,0.707106781187));
#13613 = ADVANCED_FACE('',(#13614),#13626,.T.);
#13614 = FACE_BOUND('',#13615,.T.);
#13615 = EDGE_LOOP('',(#13616,#13617,#13618,#13619));
#13616 = ORIENTED_EDGE('',*,*,#13056,.F.);
#13617 = ORIENTED_EDGE('',*,*,#13602,.F.);
#13618 = ORIENTED_EDGE('',*,*,#12938,.T.);
#13619 = ORIENTED_EDGE('',*,*,#13620,.T.);
#13620 = EDGE_CURVE('',#12931,#13057,#13621,.T.);
#13621 = CIRCLE('',#13622,0.1);
#13622 = AXIS2_PLACEMENT_3D('',#13623,#13624,#13625);
#13623 = CARTESIAN_POINT('',(-3.E-02,1.145,1.2));
#13624 = DIRECTION('',(0.,0.,1.));
#13625 = DIRECTION('',(-0.707106781187,-0.707106781187,0.));
#13626 = SPHERICAL_SURFACE('',#13627,0.1);
#13627 = AXIS2_PLACEMENT_3D('',#13628,#13629,#13630);
#13628 = CARTESIAN_POINT('',(-3.E-02,1.145,1.2));
#13629 = DIRECTION('',(-0.707106781187,-8.470329472543E-16,
    -0.707106781187));
#13630 = DIRECTION('',(-0.57735026919,-0.57735026919,0.57735026919));
#13631 = ADVANCED_FACE('',(#13632),#13644,.T.);
#13632 = FACE_BOUND('',#13633,.T.);
#13633 = EDGE_LOOP('',(#13634,#13635,#13636,#13643));
#13634 = ORIENTED_EDGE('',*,*,#13012,.F.);
#13635 = ORIENTED_EDGE('',*,*,#12896,.T.);
#13636 = ORIENTED_EDGE('',*,*,#13637,.T.);
#13637 = EDGE_CURVE('',#12889,#13588,#13638,.T.);
#13638 = CIRCLE('',#13639,1.E-01);
#13639 = AXIS2_PLACEMENT_3D('',#13640,#13641,#13642);
#13640 = CARTESIAN_POINT('',(-3.E-02,3.735,1.2));
#13641 = DIRECTION('',(0.,0.,1.));
#13642 = DIRECTION('',(-0.707106781187,0.707106781187,0.));
#13643 = ORIENTED_EDGE('',*,*,#13587,.F.);
#13644 = SPHERICAL_SURFACE('',#13645,0.1);
#13645 = AXIS2_PLACEMENT_3D('',#13646,#13647,#13648);
#13646 = CARTESIAN_POINT('',(-3.E-02,3.735,1.2));
#13647 = DIRECTION('',(-0.707106781187,1.016439536705E-16,
    -0.707106781187));
#13648 = DIRECTION('',(-0.57735026919,0.57735026919,0.57735026919));
#13649 = ADVANCED_FACE('',(#13650),#13669,.T.);
#13650 = FACE_BOUND('',#13651,.T.);
#13651 = EDGE_LOOP('',(#13652,#13653,#13662,#13668));
#13652 = ORIENTED_EDGE('',*,*,#12972,.F.);
#13653 = ORIENTED_EDGE('',*,*,#13654,.T.);
#13654 = EDGE_CURVE('',#12964,#13655,#13657,.T.);
#13655 = VERTEX_POINT('',#13656);
#13656 = CARTESIAN_POINT('',(2.23,1.145,0.2));
#13657 = CIRCLE('',#13658,0.1);
#13658 = AXIS2_PLACEMENT_3D('',#13659,#13660,#13661);
#13659 = CARTESIAN_POINT('',(2.13,1.145,0.2));
#13660 = DIRECTION('',(0.,0.,1.));
#13661 = DIRECTION('',(0.707106781187,-0.707106781187,0.));
#13662 = ORIENTED_EDGE('',*,*,#13663,.T.);
#13663 = EDGE_CURVE('',#13655,#13114,#13664,.T.);
#13664 = LINE('',#13665,#13666);
#13665 = CARTESIAN_POINT('',(2.23,1.145,0.2));
#13666 = VECTOR('',#13667,1.);
#13667 = DIRECTION('',(0.,0.,1.));
#13668 = ORIENTED_EDGE('',*,*,#13130,.F.);
#13669 = CYLINDRICAL_SURFACE('',#13670,0.1);
#13670 = AXIS2_PLACEMENT_3D('',#13671,#13672,#13673);
#13671 = CARTESIAN_POINT('',(2.13,1.145,0.2));
#13672 = DIRECTION('',(0.,0.,1.));
#13673 = DIRECTION('',(0.707106781187,-0.707106781187,0.));
#13674 = ADVANCED_FACE('',(#13675),#13693,.T.);
#13675 = FACE_BOUND('',#13676,.T.);
#13676 = EDGE_LOOP('',(#13677,#13678,#13686,#13692));
#13677 = ORIENTED_EDGE('',*,*,#13553,.F.);
#13678 = ORIENTED_EDGE('',*,*,#13679,.F.);
#13679 = EDGE_CURVE('',#13680,#13057,#13682,.T.);
#13680 = VERTEX_POINT('',#13681);
#13681 = CARTESIAN_POINT('',(-3.E-02,1.045,0.2));
#13682 = LINE('',#13683,#13684);
#13683 = CARTESIAN_POINT('',(-3.E-02,1.045,0.2));
#13684 = VECTOR('',#13685,1.);
#13685 = DIRECTION('',(0.,0.,1.));
#13686 = ORIENTED_EDGE('',*,*,#13687,.T.);
#13687 = EDGE_CURVE('',#13680,#12962,#13688,.T.);
#13688 = LINE('',#13689,#13690);
#13689 = CARTESIAN_POINT('',(-0.13,1.045,0.2));
#13690 = VECTOR('',#13691,1.);
#13691 = DIRECTION('',(1.,0.,0.));
#13692 = ORIENTED_EDGE('',*,*,#12989,.F.);
#13693 = PLANE('',#13694);
#13694 = AXIS2_PLACEMENT_3D('',#13695,#13696,#13697);
#13695 = CARTESIAN_POINT('',(-0.13,1.045,0.2));
#13696 = DIRECTION('',(0.,-1.,0.));
#13697 = DIRECTION('',(0.,0.,-1.));
#13698 = ADVANCED_FACE('',(#13699),#13711,.T.);
#13699 = FACE_BOUND('',#13700,.T.);
#13700 = EDGE_LOOP('',(#13701,#13702,#13709,#13710));
#13701 = ORIENTED_EDGE('',*,*,#12930,.F.);
#13702 = ORIENTED_EDGE('',*,*,#13703,.T.);
#13703 = EDGE_CURVE('',#12922,#13680,#13704,.T.);
#13704 = CIRCLE('',#13705,0.1);
#13705 = AXIS2_PLACEMENT_3D('',#13706,#13707,#13708);
#13706 = CARTESIAN_POINT('',(-3.E-02,1.145,0.2));
#13707 = DIRECTION('',(0.,0.,1.));
#13708 = DIRECTION('',(-0.707106781187,-0.707106781187,0.));
#13709 = ORIENTED_EDGE('',*,*,#13679,.T.);
#13710 = ORIENTED_EDGE('',*,*,#13620,.F.);
#13711 = CYLINDRICAL_SURFACE('',#13712,0.1);
#13712 = AXIS2_PLACEMENT_3D('',#13713,#13714,#13715);
#13713 = CARTESIAN_POINT('',(-3.E-02,1.145,0.2));
#13714 = DIRECTION('',(0.,0.,1.));
#13715 = DIRECTION('',(-0.707106781187,-0.707106781187,0.));
#13716 = ADVANCED_FACE('',(#13717),#13735,.T.);
#13717 = FACE_BOUND('',#13718,.T.);
#13718 = EDGE_LOOP('',(#13719,#13720,#13728,#13734));
#13719 = ORIENTED_EDGE('',*,*,#13596,.F.);
#13720 = ORIENTED_EDGE('',*,*,#13721,.F.);
#13721 = EDGE_CURVE('',#13722,#13588,#13724,.T.);
#13722 = VERTEX_POINT('',#13723);
#13723 = CARTESIAN_POINT('',(-0.13,3.735,0.2));
#13724 = LINE('',#13725,#13726);
#13725 = CARTESIAN_POINT('',(-0.13,3.735,0.2));
#13726 = VECTOR('',#13727,1.);
#13727 = DIRECTION('',(0.,0.,1.));
#13728 = ORIENTED_EDGE('',*,*,#13729,.F.);
#13729 = EDGE_CURVE('',#12920,#13722,#13730,.T.);
#13730 = LINE('',#13731,#13732);
#13731 = CARTESIAN_POINT('',(-0.13,-0.105,0.2));
#13732 = VECTOR('',#13733,1.);
#13733 = DIRECTION('',(0.,1.,0.));
#13734 = ORIENTED_EDGE('',*,*,#12947,.F.);
#13735 = PLANE('',#13736);
#13736 = AXIS2_PLACEMENT_3D('',#13737,#13738,#13739);
#13737 = CARTESIAN_POINT('',(-0.13,3.835,0.2));
#13738 = DIRECTION('',(-1.,0.,0.));
#13739 = DIRECTION('',(0.,0.,1.));
#13740 = ADVANCED_FACE('',(#13741),#13779,.F.);
#13741 = FACE_BOUND('',#13742,.T.);
#13742 = EDGE_LOOP('',(#13743,#13744,#13745,#13752,#13753,#13761,#13768,
    #13769,#13775,#13776,#13777,#13778));
#13743 = ORIENTED_EDGE('',*,*,#12919,.F.);
#13744 = ORIENTED_EDGE('',*,*,#13729,.T.);
#13745 = ORIENTED_EDGE('',*,*,#13746,.F.);
#13746 = EDGE_CURVE('',#12880,#13722,#13747,.T.);
#13747 = CIRCLE('',#13748,0.1);
#13748 = AXIS2_PLACEMENT_3D('',#13749,#13750,#13751);
#13749 = CARTESIAN_POINT('',(-3.E-02,3.735,0.2));
#13750 = DIRECTION('',(0.,0.,1.));
#13751 = DIRECTION('',(-0.707106781187,0.707106781187,0.));
#13752 = ORIENTED_EDGE('',*,*,#12877,.F.);
#13753 = ORIENTED_EDGE('',*,*,#13754,.T.);
#13754 = EDGE_CURVE('',#12878,#13755,#13757,.T.);
#13755 = VERTEX_POINT('',#13756);
#13756 = CARTESIAN_POINT('',(2.13,3.835,0.2));
#13757 = LINE('',#13758,#13759);
#13758 = CARTESIAN_POINT('',(-0.13,3.835,0.2));
#13759 = VECTOR('',#13760,1.);
#13760 = DIRECTION('',(1.,0.,0.));
#13761 = ORIENTED_EDGE('',*,*,#13762,.F.);
#13762 = EDGE_CURVE('',#12838,#13755,#13763,.T.);
#13763 = CIRCLE('',#13764,0.1);
#13764 = AXIS2_PLACEMENT_3D('',#13765,#13766,#13767);
#13765 = CARTESIAN_POINT('',(2.13,3.735,0.2));
#13766 = DIRECTION('',(0.,0.,1.));
#13767 = DIRECTION('',(0.707106781187,0.707106781187,-0.));
#13768 = ORIENTED_EDGE('',*,*,#12835,.F.);
#13769 = ORIENTED_EDGE('',*,*,#13770,.T.);
#13770 = EDGE_CURVE('',#12836,#13655,#13771,.T.);
#13771 = LINE('',#13772,#13773);
#13772 = CARTESIAN_POINT('',(2.23,3.835,0.2));
#13773 = VECTOR('',#13774,1.);
#13774 = DIRECTION('',(0.,-1.,0.));
#13775 = ORIENTED_EDGE('',*,*,#13654,.F.);
#13776 = ORIENTED_EDGE('',*,*,#12961,.F.);
#13777 = ORIENTED_EDGE('',*,*,#13687,.F.);
#13778 = ORIENTED_EDGE('',*,*,#13703,.F.);
#13779 = PLANE('',#13780);
#13780 = AXIS2_PLACEMENT_3D('',#13781,#13782,#13783);
#13781 = CARTESIAN_POINT('',(1.05,2.44,0.2));
#13782 = DIRECTION('',(0.,0.,1.));
#13783 = DIRECTION('',(1.,0.,-0.));
#13784 = ADVANCED_FACE('',(#13785),#13791,.T.);
#13785 = FACE_BOUND('',#13786,.T.);
#13786 = EDGE_LOOP('',(#13787,#13788,#13789,#13790));
#13787 = ORIENTED_EDGE('',*,*,#12888,.F.);
#13788 = ORIENTED_EDGE('',*,*,#13746,.T.);
#13789 = ORIENTED_EDGE('',*,*,#13721,.T.);
#13790 = ORIENTED_EDGE('',*,*,#13637,.F.);
#13791 = CYLINDRICAL_SURFACE('',#13792,0.1);
#13792 = AXIS2_PLACEMENT_3D('',#13793,#13794,#13795);
#13793 = CARTESIAN_POINT('',(-3.E-02,3.735,0.2));
#13794 = DIRECTION('',(0.,0.,1.));
#13795 = DIRECTION('',(-0.707106781187,0.707106781187,0.));
#13796 = ADVANCED_FACE('',(#13797),#13808,.T.);
#13797 = FACE_BOUND('',#13798,.T.);
#13798 = EDGE_LOOP('',(#13799,#13800,#13806,#13807));
#13799 = ORIENTED_EDGE('',*,*,#13507,.F.);
#13800 = ORIENTED_EDGE('',*,*,#13801,.F.);
#13801 = EDGE_CURVE('',#13755,#13179,#13802,.T.);
#13802 = LINE('',#13803,#13804);
#13803 = CARTESIAN_POINT('',(2.13,3.835,0.2));
#13804 = VECTOR('',#13805,1.);
#13805 = DIRECTION('',(0.,0.,1.));
#13806 = ORIENTED_EDGE('',*,*,#13754,.F.);
#13807 = ORIENTED_EDGE('',*,*,#12905,.F.);
#13808 = PLANE('',#13809);
#13809 = AXIS2_PLACEMENT_3D('',#13810,#13811,#13812);
#13810 = CARTESIAN_POINT('',(2.23,3.835,0.2));
#13811 = DIRECTION('',(-0.,1.,0.));
#13812 = DIRECTION('',(1.,0.,0.));
#13813 = ADVANCED_FACE('',(#13814),#13820,.T.);
#13814 = FACE_BOUND('',#13815,.T.);
#13815 = EDGE_LOOP('',(#13816,#13817,#13818,#13819));
#13816 = ORIENTED_EDGE('',*,*,#12846,.F.);
#13817 = ORIENTED_EDGE('',*,*,#13762,.T.);
#13818 = ORIENTED_EDGE('',*,*,#13801,.T.);
#13819 = ORIENTED_EDGE('',*,*,#13178,.F.);
#13820 = CYLINDRICAL_SURFACE('',#13821,0.1);
#13821 = AXIS2_PLACEMENT_3D('',#13822,#13823,#13824);
#13822 = CARTESIAN_POINT('',(2.13,3.735,0.2));
#13823 = DIRECTION('',(0.,0.,1.));
#13824 = DIRECTION('',(0.707106781187,0.707106781187,-0.));
#13825 = ADVANCED_FACE('',(#13826),#13832,.T.);
#13826 = FACE_BOUND('',#13827,.T.);
#13827 = EDGE_LOOP('',(#13828,#13829,#13830,#13831));
#13828 = ORIENTED_EDGE('',*,*,#13524,.F.);
#13829 = ORIENTED_EDGE('',*,*,#13663,.F.);
#13830 = ORIENTED_EDGE('',*,*,#13770,.F.);
#13831 = ORIENTED_EDGE('',*,*,#12863,.F.);
#13832 = PLANE('',#13833);
#13833 = AXIS2_PLACEMENT_3D('',#13834,#13835,#13836);
#13834 = CARTESIAN_POINT('',(2.23,1.045,0.2));
#13835 = DIRECTION('',(1.,0.,0.));
#13836 = DIRECTION('',(-0.,1.,0.));
#13837 = MANIFOLD_SOLID_BREP('',#13838);
#13838 = CLOSED_SHELL('',(#13839,#13879,#13910,#13941,#13963,#13975));
#13839 = ADVANCED_FACE('',(#13840),#13874,.T.);
#13840 = FACE_BOUND('',#13841,.T.);
#13841 = EDGE_LOOP('',(#13842,#13852,#13860,#13868));
#13842 = ORIENTED_EDGE('',*,*,#13843,.F.);
#13843 = EDGE_CURVE('',#13844,#13846,#13848,.T.);
#13844 = VERTEX_POINT('',#13845);
#13845 = CARTESIAN_POINT('',(0.65,1.06,0.));
#13846 = VERTEX_POINT('',#13847);
#13847 = CARTESIAN_POINT('',(0.65,1.66,0.));
#13848 = LINE('',#13849,#13850);
#13849 = CARTESIAN_POINT('',(0.65,1.06,0.));
#13850 = VECTOR('',#13851,1.);
#13851 = DIRECTION('',(2.312964634636E-16,1.,0.));
#13852 = ORIENTED_EDGE('',*,*,#13853,.T.);
#13853 = EDGE_CURVE('',#13844,#13854,#13856,.T.);
#13854 = VERTEX_POINT('',#13855);
#13855 = CARTESIAN_POINT('',(0.65,1.06,-1.E-02));
#13856 = LINE('',#13857,#13858);
#13857 = CARTESIAN_POINT('',(0.65,1.06,0.));
#13858 = VECTOR('',#13859,1.);
#13859 = DIRECTION('',(0.,0.,-1.));
#13860 = ORIENTED_EDGE('',*,*,#13861,.F.);
#13861 = EDGE_CURVE('',#13862,#13854,#13864,.T.);
#13862 = VERTEX_POINT('',#13863);
#13863 = CARTESIAN_POINT('',(0.65,1.66,-1.E-02));
#13864 = LINE('',#13865,#13866);
#13865 = CARTESIAN_POINT('',(0.65,1.06,-1.E-02));
#13866 = VECTOR('',#13867,1.);
#13867 = DIRECTION('',(-2.312964634636E-16,-1.,0.));
#13868 = ORIENTED_EDGE('',*,*,#13869,.F.);
#13869 = EDGE_CURVE('',#13846,#13862,#13870,.T.);
#13870 = LINE('',#13871,#13872);
#13871 = CARTESIAN_POINT('',(0.65,1.66,0.));
#13872 = VECTOR('',#13873,1.);
#13873 = DIRECTION('',(0.,0.,-1.));
#13874 = PLANE('',#13875);
#13875 = AXIS2_PLACEMENT_3D('',#13876,#13877,#13878);
#13876 = CARTESIAN_POINT('',(0.65,1.66,0.));
#13877 = DIRECTION('',(1.,-2.312964634636E-16,0.));
#13878 = DIRECTION('',(0.,0.,1.));
#13879 = ADVANCED_FACE('',(#13880),#13905,.T.);
#13880 = FACE_BOUND('',#13881,.T.);
#13881 = EDGE_LOOP('',(#13882,#13890,#13891,#13899));
#13882 = ORIENTED_EDGE('',*,*,#13883,.F.);
#13883 = EDGE_CURVE('',#13846,#13884,#13886,.T.);
#13884 = VERTEX_POINT('',#13885);
#13885 = CARTESIAN_POINT('',(5.E-02,1.66,0.));
#13886 = LINE('',#13887,#13888);
#13887 = CARTESIAN_POINT('',(0.65,1.66,0.));
#13888 = VECTOR('',#13889,1.);
#13889 = DIRECTION('',(-1.,0.,0.));
#13890 = ORIENTED_EDGE('',*,*,#13869,.T.);
#13891 = ORIENTED_EDGE('',*,*,#13892,.F.);
#13892 = EDGE_CURVE('',#13893,#13862,#13895,.T.);
#13893 = VERTEX_POINT('',#13894);
#13894 = CARTESIAN_POINT('',(5.E-02,1.66,-1.E-02));
#13895 = LINE('',#13896,#13897);
#13896 = CARTESIAN_POINT('',(0.65,1.66,-1.E-02));
#13897 = VECTOR('',#13898,1.);
#13898 = DIRECTION('',(1.,0.,0.));
#13899 = ORIENTED_EDGE('',*,*,#13900,.F.);
#13900 = EDGE_CURVE('',#13884,#13893,#13901,.T.);
#13901 = LINE('',#13902,#13903);
#13902 = CARTESIAN_POINT('',(5.E-02,1.66,0.));
#13903 = VECTOR('',#13904,1.);
#13904 = DIRECTION('',(0.,0.,-1.));
#13905 = PLANE('',#13906);
#13906 = AXIS2_PLACEMENT_3D('',#13907,#13908,#13909);
#13907 = CARTESIAN_POINT('',(5.E-02,1.66,0.));
#13908 = DIRECTION('',(-0.,1.,0.));
#13909 = DIRECTION('',(1.,0.,0.));
#13910 = ADVANCED_FACE('',(#13911),#13936,.T.);
#13911 = FACE_BOUND('',#13912,.T.);
#13912 = EDGE_LOOP('',(#13913,#13921,#13922,#13930));
#13913 = ORIENTED_EDGE('',*,*,#13914,.F.);
#13914 = EDGE_CURVE('',#13884,#13915,#13917,.T.);
#13915 = VERTEX_POINT('',#13916);
#13916 = CARTESIAN_POINT('',(5.E-02,1.06,0.));
#13917 = LINE('',#13918,#13919);
#13918 = CARTESIAN_POINT('',(5.E-02,1.66,0.));
#13919 = VECTOR('',#13920,1.);
#13920 = DIRECTION('',(0.,-1.,0.));
#13921 = ORIENTED_EDGE('',*,*,#13900,.T.);
#13922 = ORIENTED_EDGE('',*,*,#13923,.F.);
#13923 = EDGE_CURVE('',#13924,#13893,#13926,.T.);
#13924 = VERTEX_POINT('',#13925);
#13925 = CARTESIAN_POINT('',(5.E-02,1.06,-1.E-02));
#13926 = LINE('',#13927,#13928);
#13927 = CARTESIAN_POINT('',(5.E-02,1.66,-1.E-02));
#13928 = VECTOR('',#13929,1.);
#13929 = DIRECTION('',(0.,1.,0.));
#13930 = ORIENTED_EDGE('',*,*,#13931,.F.);
#13931 = EDGE_CURVE('',#13915,#13924,#13932,.T.);
#13932 = LINE('',#13933,#13934);
#13933 = CARTESIAN_POINT('',(5.E-02,1.06,0.));
#13934 = VECTOR('',#13935,1.);
#13935 = DIRECTION('',(0.,0.,-1.));
#13936 = PLANE('',#13937);
#13937 = AXIS2_PLACEMENT_3D('',#13938,#13939,#13940);
#13938 = CARTESIAN_POINT('',(5.E-02,1.06,0.));
#13939 = DIRECTION('',(-1.,0.,0.));
#13940 = DIRECTION('',(0.,0.,1.));
#13941 = ADVANCED_FACE('',(#13942),#13958,.T.);
#13942 = FACE_BOUND('',#13943,.T.);
#13943 = EDGE_LOOP('',(#13944,#13950,#13951,#13957));
#13944 = ORIENTED_EDGE('',*,*,#13945,.F.);
#13945 = EDGE_CURVE('',#13915,#13844,#13946,.T.);
#13946 = LINE('',#13947,#13948);
#13947 = CARTESIAN_POINT('',(5.E-02,1.06,0.));
#13948 = VECTOR('',#13949,1.);
#13949 = DIRECTION('',(1.,-2.312964634636E-16,0.));
#13950 = ORIENTED_EDGE('',*,*,#13931,.T.);
#13951 = ORIENTED_EDGE('',*,*,#13952,.F.);
#13952 = EDGE_CURVE('',#13854,#13924,#13953,.T.);
#13953 = LINE('',#13954,#13955);
#13954 = CARTESIAN_POINT('',(5.E-02,1.06,-1.E-02));
#13955 = VECTOR('',#13956,1.);
#13956 = DIRECTION('',(-1.,2.312964634636E-16,0.));
#13957 = ORIENTED_EDGE('',*,*,#13853,.F.);
#13958 = PLANE('',#13959);
#13959 = AXIS2_PLACEMENT_3D('',#13960,#13961,#13962);
#13960 = CARTESIAN_POINT('',(0.65,1.06,0.));
#13961 = DIRECTION('',(-2.312964634636E-16,-1.,0.));
#13962 = DIRECTION('',(-1.,2.312964634636E-16,0.));
#13963 = ADVANCED_FACE('',(#13964),#13970,.T.);
#13964 = FACE_BOUND('',#13965,.T.);
#13965 = EDGE_LOOP('',(#13966,#13967,#13968,#13969));
#13966 = ORIENTED_EDGE('',*,*,#13952,.T.);
#13967 = ORIENTED_EDGE('',*,*,#13923,.T.);
#13968 = ORIENTED_EDGE('',*,*,#13892,.T.);
#13969 = ORIENTED_EDGE('',*,*,#13861,.T.);
#13970 = PLANE('',#13971);
#13971 = AXIS2_PLACEMENT_3D('',#13972,#13973,#13974);
#13972 = CARTESIAN_POINT('',(0.35,1.36,-1.E-02));
#13973 = DIRECTION('',(0.,0.,-1.));
#13974 = DIRECTION('',(0.,-1.,0.));
#13975 = ADVANCED_FACE('',(#13976),#13982,.F.);
#13976 = FACE_BOUND('',#13977,.T.);
#13977 = EDGE_LOOP('',(#13978,#13979,#13980,#13981));
#13978 = ORIENTED_EDGE('',*,*,#13945,.T.);
#13979 = ORIENTED_EDGE('',*,*,#13843,.T.);
#13980 = ORIENTED_EDGE('',*,*,#13883,.T.);
#13981 = ORIENTED_EDGE('',*,*,#13914,.T.);
#13982 = PLANE('',#13983);
#13983 = AXIS2_PLACEMENT_3D('',#13984,#13985,#13986);
#13984 = CARTESIAN_POINT('',(0.35,1.36,0.));
#13985 = DIRECTION('',(0.,0.,-1.));
#13986 = DIRECTION('',(0.,-1.,0.));
#13987 = MANIFOLD_SOLID_BREP('',#13988);
#13988 = CLOSED_SHELL('',(#13989,#14029,#14060,#14091,#14113,#14125));
#13989 = ADVANCED_FACE('',(#13990),#14024,.T.);
#13990 = FACE_BOUND('',#13991,.T.);
#13991 = EDGE_LOOP('',(#13992,#14002,#14010,#14018));
#13992 = ORIENTED_EDGE('',*,*,#13993,.T.);
#13993 = EDGE_CURVE('',#13994,#13996,#13998,.T.);
#13994 = VERTEX_POINT('',#13995);
#13995 = CARTESIAN_POINT('',(1.45,2.07,0.));
#13996 = VERTEX_POINT('',#13997);
#13997 = CARTESIAN_POINT('',(1.45,2.67,0.));
#13998 = LINE('',#13999,#14000);
#13999 = CARTESIAN_POINT('',(1.45,2.07,0.));
#14000 = VECTOR('',#14001,1.);
#14001 = DIRECTION('',(0.,1.,0.));
#14002 = ORIENTED_EDGE('',*,*,#14003,.T.);
#14003 = EDGE_CURVE('',#13996,#14004,#14006,.T.);
#14004 = VERTEX_POINT('',#14005);
#14005 = CARTESIAN_POINT('',(1.45,2.67,-1.E-02));
#14006 = LINE('',#14007,#14008);
#14007 = CARTESIAN_POINT('',(1.45,2.67,0.));
#14008 = VECTOR('',#14009,1.);
#14009 = DIRECTION('',(0.,0.,-1.));
#14010 = ORIENTED_EDGE('',*,*,#14011,.F.);
#14011 = EDGE_CURVE('',#14012,#14004,#14014,.T.);
#14012 = VERTEX_POINT('',#14013);
#14013 = CARTESIAN_POINT('',(1.45,2.07,-1.E-02));
#14014 = LINE('',#14015,#14016);
#14015 = CARTESIAN_POINT('',(1.45,2.07,-1.E-02));
#14016 = VECTOR('',#14017,1.);
#14017 = DIRECTION('',(0.,1.,0.));
#14018 = ORIENTED_EDGE('',*,*,#14019,.F.);
#14019 = EDGE_CURVE('',#13994,#14012,#14020,.T.);
#14020 = LINE('',#14021,#14022);
#14021 = CARTESIAN_POINT('',(1.45,2.07,0.));
#14022 = VECTOR('',#14023,1.);
#14023 = DIRECTION('',(0.,0.,-1.));
#14024 = PLANE('',#14025);
#14025 = AXIS2_PLACEMENT_3D('',#14026,#14027,#14028);
#14026 = CARTESIAN_POINT('',(1.45,2.07,0.));
#14027 = DIRECTION('',(-1.,0.,0.));
#14028 = DIRECTION('',(0.,0.,1.));
#14029 = ADVANCED_FACE('',(#14030),#14055,.T.);
#14030 = FACE_BOUND('',#14031,.T.);
#14031 = EDGE_LOOP('',(#14032,#14040,#14041,#14049));
#14032 = ORIENTED_EDGE('',*,*,#14033,.T.);
#14033 = EDGE_CURVE('',#14034,#13994,#14036,.T.);
#14034 = VERTEX_POINT('',#14035);
#14035 = CARTESIAN_POINT('',(2.05,2.07,0.));
#14036 = LINE('',#14037,#14038);
#14037 = CARTESIAN_POINT('',(2.05,2.07,0.));
#14038 = VECTOR('',#14039,1.);
#14039 = DIRECTION('',(-1.,0.,0.));
#14040 = ORIENTED_EDGE('',*,*,#14019,.T.);
#14041 = ORIENTED_EDGE('',*,*,#14042,.F.);
#14042 = EDGE_CURVE('',#14043,#14012,#14045,.T.);
#14043 = VERTEX_POINT('',#14044);
#14044 = CARTESIAN_POINT('',(2.05,2.07,-1.E-02));
#14045 = LINE('',#14046,#14047);
#14046 = CARTESIAN_POINT('',(2.05,2.07,-1.E-02));
#14047 = VECTOR('',#14048,1.);
#14048 = DIRECTION('',(-1.,0.,0.));
#14049 = ORIENTED_EDGE('',*,*,#14050,.F.);
#14050 = EDGE_CURVE('',#14034,#14043,#14051,.T.);
#14051 = LINE('',#14052,#14053);
#14052 = CARTESIAN_POINT('',(2.05,2.07,0.));
#14053 = VECTOR('',#14054,1.);
#14054 = DIRECTION('',(0.,0.,-1.));
#14055 = PLANE('',#14056);
#14056 = AXIS2_PLACEMENT_3D('',#14057,#14058,#14059);
#14057 = CARTESIAN_POINT('',(2.05,2.07,0.));
#14058 = DIRECTION('',(0.,-1.,0.));
#14059 = DIRECTION('',(0.,0.,-1.));
#14060 = ADVANCED_FACE('',(#14061),#14086,.T.);
#14061 = FACE_BOUND('',#14062,.T.);
#14062 = EDGE_LOOP('',(#14063,#14071,#14072,#14080));
#14063 = ORIENTED_EDGE('',*,*,#14064,.T.);
#14064 = EDGE_CURVE('',#14065,#14034,#14067,.T.);
#14065 = VERTEX_POINT('',#14066);
#14066 = CARTESIAN_POINT('',(2.05,2.67,0.));
#14067 = LINE('',#14068,#14069);
#14068 = CARTESIAN_POINT('',(2.05,2.67,0.));
#14069 = VECTOR('',#14070,1.);
#14070 = DIRECTION('',(0.,-1.,0.));
#14071 = ORIENTED_EDGE('',*,*,#14050,.T.);
#14072 = ORIENTED_EDGE('',*,*,#14073,.F.);
#14073 = EDGE_CURVE('',#14074,#14043,#14076,.T.);
#14074 = VERTEX_POINT('',#14075);
#14075 = CARTESIAN_POINT('',(2.05,2.67,-1.E-02));
#14076 = LINE('',#14077,#14078);
#14077 = CARTESIAN_POINT('',(2.05,2.67,-1.E-02));
#14078 = VECTOR('',#14079,1.);
#14079 = DIRECTION('',(0.,-1.,0.));
#14080 = ORIENTED_EDGE('',*,*,#14081,.F.);
#14081 = EDGE_CURVE('',#14065,#14074,#14082,.T.);
#14082 = LINE('',#14083,#14084);
#14083 = CARTESIAN_POINT('',(2.05,2.67,0.));
#14084 = VECTOR('',#14085,1.);
#14085 = DIRECTION('',(0.,0.,-1.));
#14086 = PLANE('',#14087);
#14087 = AXIS2_PLACEMENT_3D('',#14088,#14089,#14090);
#14088 = CARTESIAN_POINT('',(2.05,2.67,0.));
#14089 = DIRECTION('',(1.,0.,0.));
#14090 = DIRECTION('',(-0.,1.,0.));
#14091 = ADVANCED_FACE('',(#14092),#14108,.T.);
#14092 = FACE_BOUND('',#14093,.T.);
#14093 = EDGE_LOOP('',(#14094,#14100,#14101,#14107));
#14094 = ORIENTED_EDGE('',*,*,#14095,.T.);
#14095 = EDGE_CURVE('',#13996,#14065,#14096,.T.);
#14096 = LINE('',#14097,#14098);
#14097 = CARTESIAN_POINT('',(1.45,2.67,0.));
#14098 = VECTOR('',#14099,1.);
#14099 = DIRECTION('',(1.,0.,0.));
#14100 = ORIENTED_EDGE('',*,*,#14081,.T.);
#14101 = ORIENTED_EDGE('',*,*,#14102,.F.);
#14102 = EDGE_CURVE('',#14004,#14074,#14103,.T.);
#14103 = LINE('',#14104,#14105);
#14104 = CARTESIAN_POINT('',(1.45,2.67,-1.E-02));
#14105 = VECTOR('',#14106,1.);
#14106 = DIRECTION('',(1.,0.,0.));
#14107 = ORIENTED_EDGE('',*,*,#14003,.F.);
#14108 = PLANE('',#14109);
#14109 = AXIS2_PLACEMENT_3D('',#14110,#14111,#14112);
#14110 = CARTESIAN_POINT('',(1.45,2.67,0.));
#14111 = DIRECTION('',(-0.,1.,0.));
#14112 = DIRECTION('',(1.,0.,0.));
#14113 = ADVANCED_FACE('',(#14114),#14120,.T.);
#14114 = FACE_BOUND('',#14115,.T.);
#14115 = EDGE_LOOP('',(#14116,#14117,#14118,#14119));
#14116 = ORIENTED_EDGE('',*,*,#14102,.T.);
#14117 = ORIENTED_EDGE('',*,*,#14073,.T.);
#14118 = ORIENTED_EDGE('',*,*,#14042,.T.);
#14119 = ORIENTED_EDGE('',*,*,#14011,.T.);
#14120 = PLANE('',#14121);
#14121 = AXIS2_PLACEMENT_3D('',#14122,#14123,#14124);
#14122 = CARTESIAN_POINT('',(1.75,2.37,-1.E-02));
#14123 = DIRECTION('',(0.,0.,-1.));
#14124 = DIRECTION('',(0.,-1.,0.));
#14125 = ADVANCED_FACE('',(#14126),#14132,.F.);
#14126 = FACE_BOUND('',#14127,.T.);
#14127 = EDGE_LOOP('',(#14128,#14129,#14130,#14131));
#14128 = ORIENTED_EDGE('',*,*,#14095,.F.);
#14129 = ORIENTED_EDGE('',*,*,#13993,.F.);
#14130 = ORIENTED_EDGE('',*,*,#14033,.F.);
#14131 = ORIENTED_EDGE('',*,*,#14064,.F.);
#14132 = PLANE('',#14133);
#14133 = AXIS2_PLACEMENT_3D('',#14134,#14135,#14136);
#14134 = CARTESIAN_POINT('',(1.75,2.37,0.));
#14135 = DIRECTION('',(0.,0.,-1.));
#14136 = DIRECTION('',(0.,-1.,0.));
#14137 = MANIFOLD_SOLID_BREP('',#14138);
#14138 = CLOSED_SHELL('',(#14139,#14179,#14210,#14241,#14263,#14275));
#14139 = ADVANCED_FACE('',(#14140),#14174,.T.);
#14140 = FACE_BOUND('',#14141,.T.);
#14141 = EDGE_LOOP('',(#14142,#14152,#14160,#14168));
#14142 = ORIENTED_EDGE('',*,*,#14143,.T.);
#14143 = EDGE_CURVE('',#14144,#14146,#14148,.T.);
#14144 = VERTEX_POINT('',#14145);
#14145 = CARTESIAN_POINT('',(1.45,1.06,0.));
#14146 = VERTEX_POINT('',#14147);
#14147 = CARTESIAN_POINT('',(1.45,1.66,0.));
#14148 = LINE('',#14149,#14150);
#14149 = CARTESIAN_POINT('',(1.45,1.06,0.));
#14150 = VECTOR('',#14151,1.);
#14151 = DIRECTION('',(0.,1.,0.));
#14152 = ORIENTED_EDGE('',*,*,#14153,.T.);
#14153 = EDGE_CURVE('',#14146,#14154,#14156,.T.);
#14154 = VERTEX_POINT('',#14155);
#14155 = CARTESIAN_POINT('',(1.45,1.66,-1.E-02));
#14156 = LINE('',#14157,#14158);
#14157 = CARTESIAN_POINT('',(1.45,1.66,0.));
#14158 = VECTOR('',#14159,1.);
#14159 = DIRECTION('',(0.,0.,-1.));
#14160 = ORIENTED_EDGE('',*,*,#14161,.F.);
#14161 = EDGE_CURVE('',#14162,#14154,#14164,.T.);
#14162 = VERTEX_POINT('',#14163);
#14163 = CARTESIAN_POINT('',(1.45,1.06,-1.E-02));
#14164 = LINE('',#14165,#14166);
#14165 = CARTESIAN_POINT('',(1.45,1.06,-1.E-02));
#14166 = VECTOR('',#14167,1.);
#14167 = DIRECTION('',(0.,1.,0.));
#14168 = ORIENTED_EDGE('',*,*,#14169,.F.);
#14169 = EDGE_CURVE('',#14144,#14162,#14170,.T.);
#14170 = LINE('',#14171,#14172);
#14171 = CARTESIAN_POINT('',(1.45,1.06,0.));
#14172 = VECTOR('',#14173,1.);
#14173 = DIRECTION('',(0.,0.,-1.));
#14174 = PLANE('',#14175);
#14175 = AXIS2_PLACEMENT_3D('',#14176,#14177,#14178);
#14176 = CARTESIAN_POINT('',(1.45,1.06,0.));
#14177 = DIRECTION('',(-1.,0.,0.));
#14178 = DIRECTION('',(0.,0.,1.));
#14179 = ADVANCED_FACE('',(#14180),#14205,.T.);
#14180 = FACE_BOUND('',#14181,.T.);
#14181 = EDGE_LOOP('',(#14182,#14190,#14191,#14199));
#14182 = ORIENTED_EDGE('',*,*,#14183,.T.);
#14183 = EDGE_CURVE('',#14184,#14144,#14186,.T.);
#14184 = VERTEX_POINT('',#14185);
#14185 = CARTESIAN_POINT('',(2.05,1.06,0.));
#14186 = LINE('',#14187,#14188);
#14187 = CARTESIAN_POINT('',(2.05,1.06,0.));
#14188 = VECTOR('',#14189,1.);
#14189 = DIRECTION('',(-1.,0.,0.));
#14190 = ORIENTED_EDGE('',*,*,#14169,.T.);
#14191 = ORIENTED_EDGE('',*,*,#14192,.F.);
#14192 = EDGE_CURVE('',#14193,#14162,#14195,.T.);
#14193 = VERTEX_POINT('',#14194);
#14194 = CARTESIAN_POINT('',(2.05,1.06,-1.E-02));
#14195 = LINE('',#14196,#14197);
#14196 = CARTESIAN_POINT('',(2.05,1.06,-1.E-02));
#14197 = VECTOR('',#14198,1.);
#14198 = DIRECTION('',(-1.,0.,0.));
#14199 = ORIENTED_EDGE('',*,*,#14200,.F.);
#14200 = EDGE_CURVE('',#14184,#14193,#14201,.T.);
#14201 = LINE('',#14202,#14203);
#14202 = CARTESIAN_POINT('',(2.05,1.06,0.));
#14203 = VECTOR('',#14204,1.);
#14204 = DIRECTION('',(0.,0.,-1.));
#14205 = PLANE('',#14206);
#14206 = AXIS2_PLACEMENT_3D('',#14207,#14208,#14209);
#14207 = CARTESIAN_POINT('',(2.05,1.06,0.));
#14208 = DIRECTION('',(0.,-1.,0.));
#14209 = DIRECTION('',(0.,0.,-1.));
#14210 = ADVANCED_FACE('',(#14211),#14236,.T.);
#14211 = FACE_BOUND('',#14212,.T.);
#14212 = EDGE_LOOP('',(#14213,#14221,#14222,#14230));
#14213 = ORIENTED_EDGE('',*,*,#14214,.T.);
#14214 = EDGE_CURVE('',#14215,#14184,#14217,.T.);
#14215 = VERTEX_POINT('',#14216);
#14216 = CARTESIAN_POINT('',(2.05,1.66,0.));
#14217 = LINE('',#14218,#14219);
#14218 = CARTESIAN_POINT('',(2.05,1.66,0.));
#14219 = VECTOR('',#14220,1.);
#14220 = DIRECTION('',(0.,-1.,0.));
#14221 = ORIENTED_EDGE('',*,*,#14200,.T.);
#14222 = ORIENTED_EDGE('',*,*,#14223,.F.);
#14223 = EDGE_CURVE('',#14224,#14193,#14226,.T.);
#14224 = VERTEX_POINT('',#14225);
#14225 = CARTESIAN_POINT('',(2.05,1.66,-1.E-02));
#14226 = LINE('',#14227,#14228);
#14227 = CARTESIAN_POINT('',(2.05,1.66,-1.E-02));
#14228 = VECTOR('',#14229,1.);
#14229 = DIRECTION('',(0.,-1.,0.));
#14230 = ORIENTED_EDGE('',*,*,#14231,.F.);
#14231 = EDGE_CURVE('',#14215,#14224,#14232,.T.);
#14232 = LINE('',#14233,#14234);
#14233 = CARTESIAN_POINT('',(2.05,1.66,0.));
#14234 = VECTOR('',#14235,1.);
#14235 = DIRECTION('',(0.,0.,-1.));
#14236 = PLANE('',#14237);
#14237 = AXIS2_PLACEMENT_3D('',#14238,#14239,#14240);
#14238 = CARTESIAN_POINT('',(2.05,1.66,0.));
#14239 = DIRECTION('',(1.,0.,0.));
#14240 = DIRECTION('',(-0.,1.,0.));
#14241 = ADVANCED_FACE('',(#14242),#14258,.T.);
#14242 = FACE_BOUND('',#14243,.T.);
#14243 = EDGE_LOOP('',(#14244,#14250,#14251,#14257));
#14244 = ORIENTED_EDGE('',*,*,#14245,.T.);
#14245 = EDGE_CURVE('',#14146,#14215,#14246,.T.);
#14246 = LINE('',#14247,#14248);
#14247 = CARTESIAN_POINT('',(1.45,1.66,0.));
#14248 = VECTOR('',#14249,1.);
#14249 = DIRECTION('',(1.,0.,0.));
#14250 = ORIENTED_EDGE('',*,*,#14231,.T.);
#14251 = ORIENTED_EDGE('',*,*,#14252,.F.);
#14252 = EDGE_CURVE('',#14154,#14224,#14253,.T.);
#14253 = LINE('',#14254,#14255);
#14254 = CARTESIAN_POINT('',(1.45,1.66,-1.E-02));
#14255 = VECTOR('',#14256,1.);
#14256 = DIRECTION('',(1.,0.,0.));
#14257 = ORIENTED_EDGE('',*,*,#14153,.F.);
#14258 = PLANE('',#14259);
#14259 = AXIS2_PLACEMENT_3D('',#14260,#14261,#14262);
#14260 = CARTESIAN_POINT('',(1.45,1.66,0.));
#14261 = DIRECTION('',(-0.,1.,0.));
#14262 = DIRECTION('',(1.,0.,0.));
#14263 = ADVANCED_FACE('',(#14264),#14270,.T.);
#14264 = FACE_BOUND('',#14265,.T.);
#14265 = EDGE_LOOP('',(#14266,#14267,#14268,#14269));
#14266 = ORIENTED_EDGE('',*,*,#14252,.T.);
#14267 = ORIENTED_EDGE('',*,*,#14223,.T.);
#14268 = ORIENTED_EDGE('',*,*,#14192,.T.);
#14269 = ORIENTED_EDGE('',*,*,#14161,.T.);
#14270 = PLANE('',#14271);
#14271 = AXIS2_PLACEMENT_3D('',#14272,#14273,#14274);
#14272 = CARTESIAN_POINT('',(1.75,1.36,-1.E-02));
#14273 = DIRECTION('',(0.,0.,-1.));
#14274 = DIRECTION('',(0.,-1.,0.));
#14275 = ADVANCED_FACE('',(#14276),#14282,.F.);
#14276 = FACE_BOUND('',#14277,.T.);
#14277 = EDGE_LOOP('',(#14278,#14279,#14280,#14281));
#14278 = ORIENTED_EDGE('',*,*,#14245,.F.);
#14279 = ORIENTED_EDGE('',*,*,#14143,.F.);
#14280 = ORIENTED_EDGE('',*,*,#14183,.F.);
#14281 = ORIENTED_EDGE('',*,*,#14214,.F.);
#14282 = PLANE('',#14283);
#14283 = AXIS2_PLACEMENT_3D('',#14284,#14285,#14286);
#14284 = CARTESIAN_POINT('',(1.75,1.36,0.));
#14285 = DIRECTION('',(0.,0.,-1.));
#14286 = DIRECTION('',(0.,-1.,0.));
#14287 = MANIFOLD_SOLID_BREP('',#14288);
#14288 = CLOSED_SHELL('',(#14289,#14329,#14360,#14391,#14413,#14425));
#14289 = ADVANCED_FACE('',(#14290),#14324,.T.);
#14290 = FACE_BOUND('',#14291,.T.);
#14291 = EDGE_LOOP('',(#14292,#14302,#14310,#14318));
#14292 = ORIENTED_EDGE('',*,*,#14293,.F.);
#14293 = EDGE_CURVE('',#14294,#14296,#14298,.T.);
#14294 = VERTEX_POINT('',#14295);
#14295 = CARTESIAN_POINT('',(0.65,2.07,0.));
#14296 = VERTEX_POINT('',#14297);
#14297 = CARTESIAN_POINT('',(0.65,2.67,0.));
#14298 = LINE('',#14299,#14300);
#14299 = CARTESIAN_POINT('',(0.65,2.07,0.));
#14300 = VECTOR('',#14301,1.);
#14301 = DIRECTION('',(2.312964634636E-16,1.,0.));
#14302 = ORIENTED_EDGE('',*,*,#14303,.T.);
#14303 = EDGE_CURVE('',#14294,#14304,#14306,.T.);
#14304 = VERTEX_POINT('',#14305);
#14305 = CARTESIAN_POINT('',(0.65,2.07,-1.E-02));
#14306 = LINE('',#14307,#14308);
#14307 = CARTESIAN_POINT('',(0.65,2.07,0.));
#14308 = VECTOR('',#14309,1.);
#14309 = DIRECTION('',(0.,0.,-1.));
#14310 = ORIENTED_EDGE('',*,*,#14311,.F.);
#14311 = EDGE_CURVE('',#14312,#14304,#14314,.T.);
#14312 = VERTEX_POINT('',#14313);
#14313 = CARTESIAN_POINT('',(0.65,2.67,-1.E-02));
#14314 = LINE('',#14315,#14316);
#14315 = CARTESIAN_POINT('',(0.65,2.07,-1.E-02));
#14316 = VECTOR('',#14317,1.);
#14317 = DIRECTION('',(-2.312964634636E-16,-1.,0.));
#14318 = ORIENTED_EDGE('',*,*,#14319,.F.);
#14319 = EDGE_CURVE('',#14296,#14312,#14320,.T.);
#14320 = LINE('',#14321,#14322);
#14321 = CARTESIAN_POINT('',(0.65,2.67,0.));
#14322 = VECTOR('',#14323,1.);
#14323 = DIRECTION('',(0.,0.,-1.));
#14324 = PLANE('',#14325);
#14325 = AXIS2_PLACEMENT_3D('',#14326,#14327,#14328);
#14326 = CARTESIAN_POINT('',(0.65,2.67,0.));
#14327 = DIRECTION('',(1.,-2.312964634636E-16,0.));
#14328 = DIRECTION('',(0.,0.,1.));
#14329 = ADVANCED_FACE('',(#14330),#14355,.T.);
#14330 = FACE_BOUND('',#14331,.T.);
#14331 = EDGE_LOOP('',(#14332,#14340,#14341,#14349));
#14332 = ORIENTED_EDGE('',*,*,#14333,.F.);
#14333 = EDGE_CURVE('',#14296,#14334,#14336,.T.);
#14334 = VERTEX_POINT('',#14335);
#14335 = CARTESIAN_POINT('',(5.E-02,2.67,0.));
#14336 = LINE('',#14337,#14338);
#14337 = CARTESIAN_POINT('',(0.65,2.67,0.));
#14338 = VECTOR('',#14339,1.);
#14339 = DIRECTION('',(-1.,9.251858538543E-16,0.));
#14340 = ORIENTED_EDGE('',*,*,#14319,.T.);
#14341 = ORIENTED_EDGE('',*,*,#14342,.F.);
#14342 = EDGE_CURVE('',#14343,#14312,#14345,.T.);
#14343 = VERTEX_POINT('',#14344);
#14344 = CARTESIAN_POINT('',(5.E-02,2.67,-1.E-02));
#14345 = LINE('',#14346,#14347);
#14346 = CARTESIAN_POINT('',(0.65,2.67,-1.E-02));
#14347 = VECTOR('',#14348,1.);
#14348 = DIRECTION('',(1.,-9.251858538543E-16,0.));
#14349 = ORIENTED_EDGE('',*,*,#14350,.F.);
#14350 = EDGE_CURVE('',#14334,#14343,#14351,.T.);
#14351 = LINE('',#14352,#14353);
#14352 = CARTESIAN_POINT('',(5.E-02,2.67,0.));
#14353 = VECTOR('',#14354,1.);
#14354 = DIRECTION('',(0.,0.,-1.));
#14355 = PLANE('',#14356);
#14356 = AXIS2_PLACEMENT_3D('',#14357,#14358,#14359);
#14357 = CARTESIAN_POINT('',(5.E-02,2.67,0.));
#14358 = DIRECTION('',(7.919302844718E-46,1.,8.559688641721E-31));
#14359 = DIRECTION('',(1.,0.,-9.251858538543E-16));
#14360 = ADVANCED_FACE('',(#14361),#14386,.T.);
#14361 = FACE_BOUND('',#14362,.T.);
#14362 = EDGE_LOOP('',(#14363,#14371,#14372,#14380));
#14363 = ORIENTED_EDGE('',*,*,#14364,.F.);
#14364 = EDGE_CURVE('',#14334,#14365,#14367,.T.);
#14365 = VERTEX_POINT('',#14366);
#14366 = CARTESIAN_POINT('',(5.E-02,2.07,0.));
#14367 = LINE('',#14368,#14369);
#14368 = CARTESIAN_POINT('',(5.E-02,2.67,0.));
#14369 = VECTOR('',#14370,1.);
#14370 = DIRECTION('',(0.,-1.,0.));
#14371 = ORIENTED_EDGE('',*,*,#14350,.T.);
#14372 = ORIENTED_EDGE('',*,*,#14373,.F.);
#14373 = EDGE_CURVE('',#14374,#14343,#14376,.T.);
#14374 = VERTEX_POINT('',#14375);
#14375 = CARTESIAN_POINT('',(5.E-02,2.07,-1.E-02));
#14376 = LINE('',#14377,#14378);
#14377 = CARTESIAN_POINT('',(5.E-02,2.67,-1.E-02));
#14378 = VECTOR('',#14379,1.);
#14379 = DIRECTION('',(0.,1.,0.));
#14380 = ORIENTED_EDGE('',*,*,#14381,.F.);
#14381 = EDGE_CURVE('',#14365,#14374,#14382,.T.);
#14382 = LINE('',#14383,#14384);
#14383 = CARTESIAN_POINT('',(5.E-02,2.07,0.));
#14384 = VECTOR('',#14385,1.);
#14385 = DIRECTION('',(0.,0.,-1.));
#14386 = PLANE('',#14387);
#14387 = AXIS2_PLACEMENT_3D('',#14388,#14389,#14390);
#14388 = CARTESIAN_POINT('',(5.E-02,2.07,0.));
#14389 = DIRECTION('',(-1.,0.,0.));
#14390 = DIRECTION('',(0.,0.,1.));
#14391 = ADVANCED_FACE('',(#14392),#14408,.T.);
#14392 = FACE_BOUND('',#14393,.T.);
#14393 = EDGE_LOOP('',(#14394,#14400,#14401,#14407));
#14394 = ORIENTED_EDGE('',*,*,#14395,.F.);
#14395 = EDGE_CURVE('',#14365,#14294,#14396,.T.);
#14396 = LINE('',#14397,#14398);
#14397 = CARTESIAN_POINT('',(5.E-02,2.07,0.));
#14398 = VECTOR('',#14399,1.);
#14399 = DIRECTION('',(1.,0.,0.));
#14400 = ORIENTED_EDGE('',*,*,#14381,.T.);
#14401 = ORIENTED_EDGE('',*,*,#14402,.F.);
#14402 = EDGE_CURVE('',#14304,#14374,#14403,.T.);
#14403 = LINE('',#14404,#14405);
#14404 = CARTESIAN_POINT('',(5.E-02,2.07,-1.E-02));
#14405 = VECTOR('',#14406,1.);
#14406 = DIRECTION('',(-1.,0.,0.));
#14407 = ORIENTED_EDGE('',*,*,#14303,.F.);
#14408 = PLANE('',#14409);
#14409 = AXIS2_PLACEMENT_3D('',#14410,#14411,#14412);
#14410 = CARTESIAN_POINT('',(0.65,2.07,0.));
#14411 = DIRECTION('',(0.,-1.,0.));
#14412 = DIRECTION('',(0.,0.,-1.));
#14413 = ADVANCED_FACE('',(#14414),#14420,.T.);
#14414 = FACE_BOUND('',#14415,.T.);
#14415 = EDGE_LOOP('',(#14416,#14417,#14418,#14419));
#14416 = ORIENTED_EDGE('',*,*,#14402,.T.);
#14417 = ORIENTED_EDGE('',*,*,#14373,.T.);
#14418 = ORIENTED_EDGE('',*,*,#14342,.T.);
#14419 = ORIENTED_EDGE('',*,*,#14311,.T.);
#14420 = PLANE('',#14421);
#14421 = AXIS2_PLACEMENT_3D('',#14422,#14423,#14424);
#14422 = CARTESIAN_POINT('',(0.35,2.37,-1.E-02));
#14423 = DIRECTION('',(0.,0.,-1.));
#14424 = DIRECTION('',(0.,-1.,0.));
#14425 = ADVANCED_FACE('',(#14426),#14432,.F.);
#14426 = FACE_BOUND('',#14427,.T.);
#14427 = EDGE_LOOP('',(#14428,#14429,#14430,#14431));
#14428 = ORIENTED_EDGE('',*,*,#14395,.T.);
#14429 = ORIENTED_EDGE('',*,*,#14293,.T.);
#14430 = ORIENTED_EDGE('',*,*,#14333,.T.);
#14431 = ORIENTED_EDGE('',*,*,#14364,.T.);
#14432 = PLANE('',#14433);
#14433 = AXIS2_PLACEMENT_3D('',#14434,#14435,#14436);
#14434 = CARTESIAN_POINT('',(0.35,2.37,0.));
#14435 = DIRECTION('',(0.,0.,-1.));
#14436 = DIRECTION('',(0.,-1.,0.));
#14437 = MANIFOLD_SOLID_BREP('',#14438);
#14438 = CLOSED_SHELL('',(#14439,#14479,#14510,#14541,#14563,#14575));
#14439 = ADVANCED_FACE('',(#14440),#14474,.T.);
#14440 = FACE_BOUND('',#14441,.T.);
#14441 = EDGE_LOOP('',(#14442,#14452,#14460,#14468));
#14442 = ORIENTED_EDGE('',*,*,#14443,.F.);
#14443 = EDGE_CURVE('',#14444,#14446,#14448,.T.);
#14444 = VERTEX_POINT('',#14445);
#14445 = CARTESIAN_POINT('',(0.65,0.65,0.));
#14446 = VERTEX_POINT('',#14447);
#14447 = CARTESIAN_POINT('',(5.E-02,0.65,0.));
#14448 = LINE('',#14449,#14450);
#14449 = CARTESIAN_POINT('',(0.65,0.65,0.));
#14450 = VECTOR('',#14451,1.);
#14451 = DIRECTION('',(-1.,2.312964634636E-16,0.));
#14452 = ORIENTED_EDGE('',*,*,#14453,.T.);
#14453 = EDGE_CURVE('',#14444,#14454,#14456,.T.);
#14454 = VERTEX_POINT('',#14455);
#14455 = CARTESIAN_POINT('',(0.65,0.65,-1.E-02));
#14456 = LINE('',#14457,#14458);
#14457 = CARTESIAN_POINT('',(0.65,0.65,0.));
#14458 = VECTOR('',#14459,1.);
#14459 = DIRECTION('',(0.,0.,-1.));
#14460 = ORIENTED_EDGE('',*,*,#14461,.F.);
#14461 = EDGE_CURVE('',#14462,#14454,#14464,.T.);
#14462 = VERTEX_POINT('',#14463);
#14463 = CARTESIAN_POINT('',(5.E-02,0.65,-1.E-02));
#14464 = LINE('',#14465,#14466);
#14465 = CARTESIAN_POINT('',(0.65,0.65,-1.E-02));
#14466 = VECTOR('',#14467,1.);
#14467 = DIRECTION('',(1.,-2.312964634636E-16,0.));
#14468 = ORIENTED_EDGE('',*,*,#14469,.F.);
#14469 = EDGE_CURVE('',#14446,#14462,#14470,.T.);
#14470 = LINE('',#14471,#14472);
#14471 = CARTESIAN_POINT('',(5.E-02,0.65,0.));
#14472 = VECTOR('',#14473,1.);
#14473 = DIRECTION('',(0.,0.,-1.));
#14474 = PLANE('',#14475);
#14475 = AXIS2_PLACEMENT_3D('',#14476,#14477,#14478);
#14476 = CARTESIAN_POINT('',(5.E-02,0.65,0.));
#14477 = DIRECTION('',(1.237391069487E-47,1.,5.349805401076E-32));
#14478 = DIRECTION('',(1.,0.,-2.312964634636E-16));
#14479 = ADVANCED_FACE('',(#14480),#14505,.T.);
#14480 = FACE_BOUND('',#14481,.T.);
#14481 = EDGE_LOOP('',(#14482,#14490,#14491,#14499));
#14482 = ORIENTED_EDGE('',*,*,#14483,.F.);
#14483 = EDGE_CURVE('',#14446,#14484,#14486,.T.);
#14484 = VERTEX_POINT('',#14485);
#14485 = CARTESIAN_POINT('',(5.E-02,5.E-02,0.));
#14486 = LINE('',#14487,#14488);
#14487 = CARTESIAN_POINT('',(5.E-02,0.65,0.));
#14488 = VECTOR('',#14489,1.);
#14489 = DIRECTION('',(0.,-1.,0.));
#14490 = ORIENTED_EDGE('',*,*,#14469,.T.);
#14491 = ORIENTED_EDGE('',*,*,#14492,.F.);
#14492 = EDGE_CURVE('',#14493,#14462,#14495,.T.);
#14493 = VERTEX_POINT('',#14494);
#14494 = CARTESIAN_POINT('',(5.E-02,5.E-02,-1.E-02));
#14495 = LINE('',#14496,#14497);
#14496 = CARTESIAN_POINT('',(5.E-02,0.65,-1.E-02));
#14497 = VECTOR('',#14498,1.);
#14498 = DIRECTION('',(0.,1.,0.));
#14499 = ORIENTED_EDGE('',*,*,#14500,.F.);
#14500 = EDGE_CURVE('',#14484,#14493,#14501,.T.);
#14501 = LINE('',#14502,#14503);
#14502 = CARTESIAN_POINT('',(5.E-02,5.E-02,0.));
#14503 = VECTOR('',#14504,1.);
#14504 = DIRECTION('',(0.,0.,-1.));
#14505 = PLANE('',#14506);
#14506 = AXIS2_PLACEMENT_3D('',#14507,#14508,#14509);
#14507 = CARTESIAN_POINT('',(5.E-02,5.E-02,0.));
#14508 = DIRECTION('',(-1.,0.,0.));
#14509 = DIRECTION('',(0.,0.,1.));
#14510 = ADVANCED_FACE('',(#14511),#14536,.T.);
#14511 = FACE_BOUND('',#14512,.T.);
#14512 = EDGE_LOOP('',(#14513,#14521,#14522,#14530));
#14513 = ORIENTED_EDGE('',*,*,#14514,.F.);
#14514 = EDGE_CURVE('',#14484,#14515,#14517,.T.);
#14515 = VERTEX_POINT('',#14516);
#14516 = CARTESIAN_POINT('',(0.65,5.E-02,0.));
#14517 = LINE('',#14518,#14519);
#14518 = CARTESIAN_POINT('',(5.E-02,5.E-02,0.));
#14519 = VECTOR('',#14520,1.);
#14520 = DIRECTION('',(1.,-1.445602896647E-16,0.));
#14521 = ORIENTED_EDGE('',*,*,#14500,.T.);
#14522 = ORIENTED_EDGE('',*,*,#14523,.F.);
#14523 = EDGE_CURVE('',#14524,#14493,#14526,.T.);
#14524 = VERTEX_POINT('',#14525);
#14525 = CARTESIAN_POINT('',(0.65,5.E-02,-1.E-02));
#14526 = LINE('',#14527,#14528);
#14527 = CARTESIAN_POINT('',(5.E-02,5.E-02,-1.E-02));
#14528 = VECTOR('',#14529,1.);
#14529 = DIRECTION('',(-1.,1.445602896647E-16,0.));
#14530 = ORIENTED_EDGE('',*,*,#14531,.F.);
#14531 = EDGE_CURVE('',#14515,#14524,#14532,.T.);
#14532 = LINE('',#14533,#14534);
#14533 = CARTESIAN_POINT('',(0.65,5.E-02,0.));
#14534 = VECTOR('',#14535,1.);
#14535 = DIRECTION('',(0.,0.,-1.));
#14536 = PLANE('',#14537);
#14537 = AXIS2_PLACEMENT_3D('',#14538,#14539,#14540);
#14538 = CARTESIAN_POINT('',(0.65,5.E-02,0.));
#14539 = DIRECTION('',(-1.445602896647E-16,-1.,0.));
#14540 = DIRECTION('',(-1.,1.445602896647E-16,0.));
#14541 = ADVANCED_FACE('',(#14542),#14558,.T.);
#14542 = FACE_BOUND('',#14543,.T.);
#14543 = EDGE_LOOP('',(#14544,#14550,#14551,#14557));
#14544 = ORIENTED_EDGE('',*,*,#14545,.F.);
#14545 = EDGE_CURVE('',#14515,#14444,#14546,.T.);
#14546 = LINE('',#14547,#14548);
#14547 = CARTESIAN_POINT('',(0.65,5.E-02,0.));
#14548 = VECTOR('',#14549,1.);
#14549 = DIRECTION('',(2.312964634636E-16,1.,0.));
#14550 = ORIENTED_EDGE('',*,*,#14531,.T.);
#14551 = ORIENTED_EDGE('',*,*,#14552,.F.);
#14552 = EDGE_CURVE('',#14454,#14524,#14553,.T.);
#14553 = LINE('',#14554,#14555);
#14554 = CARTESIAN_POINT('',(0.65,5.E-02,-1.E-02));
#14555 = VECTOR('',#14556,1.);
#14556 = DIRECTION('',(-2.312964634636E-16,-1.,0.));
#14557 = ORIENTED_EDGE('',*,*,#14453,.F.);
#14558 = PLANE('',#14559);
#14559 = AXIS2_PLACEMENT_3D('',#14560,#14561,#14562);
#14560 = CARTESIAN_POINT('',(0.65,0.65,0.));
#14561 = DIRECTION('',(1.,-2.312964634636E-16,0.));
#14562 = DIRECTION('',(0.,0.,1.));
#14563 = ADVANCED_FACE('',(#14564),#14570,.T.);
#14564 = FACE_BOUND('',#14565,.T.);
#14565 = EDGE_LOOP('',(#14566,#14567,#14568,#14569));
#14566 = ORIENTED_EDGE('',*,*,#14552,.T.);
#14567 = ORIENTED_EDGE('',*,*,#14523,.T.);
#14568 = ORIENTED_EDGE('',*,*,#14492,.T.);
#14569 = ORIENTED_EDGE('',*,*,#14461,.T.);
#14570 = PLANE('',#14571);
#14571 = AXIS2_PLACEMENT_3D('',#14572,#14573,#14574);
#14572 = CARTESIAN_POINT('',(0.35,0.35,-1.E-02));
#14573 = DIRECTION('',(0.,0.,-1.));
#14574 = DIRECTION('',(0.,-1.,0.));
#14575 = ADVANCED_FACE('',(#14576),#14582,.F.);
#14576 = FACE_BOUND('',#14577,.T.);
#14577 = EDGE_LOOP('',(#14578,#14579,#14580,#14581));
#14578 = ORIENTED_EDGE('',*,*,#14545,.T.);
#14579 = ORIENTED_EDGE('',*,*,#14443,.T.);
#14580 = ORIENTED_EDGE('',*,*,#14483,.T.);
#14581 = ORIENTED_EDGE('',*,*,#14514,.T.);
#14582 = PLANE('',#14583);
#14583 = AXIS2_PLACEMENT_3D('',#14584,#14585,#14586);
#14584 = CARTESIAN_POINT('',(0.35,0.35,0.));
#14585 = DIRECTION('',(0.,0.,-1.));
#14586 = DIRECTION('',(0.,-1.,0.));
#14587 = MANIFOLD_SOLID_BREP('',#14588);
#14588 = CLOSED_SHELL('',(#14589,#14629,#14660,#14691,#14713,#14725));
#14589 = ADVANCED_FACE('',(#14590),#14624,.T.);
#14590 = FACE_BOUND('',#14591,.T.);
#14591 = EDGE_LOOP('',(#14592,#14602,#14610,#14618));
#14592 = ORIENTED_EDGE('',*,*,#14593,.T.);
#14593 = EDGE_CURVE('',#14594,#14596,#14598,.T.);
#14594 = VERTEX_POINT('',#14595);
#14595 = CARTESIAN_POINT('',(1.45,3.08,0.));
#14596 = VERTEX_POINT('',#14597);
#14597 = CARTESIAN_POINT('',(1.45,3.68,0.));
#14598 = LINE('',#14599,#14600);
#14599 = CARTESIAN_POINT('',(1.45,3.08,0.));
#14600 = VECTOR('',#14601,1.);
#14601 = DIRECTION('',(0.,1.,0.));
#14602 = ORIENTED_EDGE('',*,*,#14603,.T.);
#14603 = EDGE_CURVE('',#14596,#14604,#14606,.T.);
#14604 = VERTEX_POINT('',#14605);
#14605 = CARTESIAN_POINT('',(1.45,3.68,-1.E-02));
#14606 = LINE('',#14607,#14608);
#14607 = CARTESIAN_POINT('',(1.45,3.68,0.));
#14608 = VECTOR('',#14609,1.);
#14609 = DIRECTION('',(0.,0.,-1.));
#14610 = ORIENTED_EDGE('',*,*,#14611,.F.);
#14611 = EDGE_CURVE('',#14612,#14604,#14614,.T.);
#14612 = VERTEX_POINT('',#14613);
#14613 = CARTESIAN_POINT('',(1.45,3.08,-1.E-02));
#14614 = LINE('',#14615,#14616);
#14615 = CARTESIAN_POINT('',(1.45,3.08,-1.E-02));
#14616 = VECTOR('',#14617,1.);
#14617 = DIRECTION('',(0.,1.,0.));
#14618 = ORIENTED_EDGE('',*,*,#14619,.F.);
#14619 = EDGE_CURVE('',#14594,#14612,#14620,.T.);
#14620 = LINE('',#14621,#14622);
#14621 = CARTESIAN_POINT('',(1.45,3.08,0.));
#14622 = VECTOR('',#14623,1.);
#14623 = DIRECTION('',(0.,0.,-1.));
#14624 = PLANE('',#14625);
#14625 = AXIS2_PLACEMENT_3D('',#14626,#14627,#14628);
#14626 = CARTESIAN_POINT('',(1.45,3.08,0.));
#14627 = DIRECTION('',(-1.,0.,0.));
#14628 = DIRECTION('',(0.,0.,1.));
#14629 = ADVANCED_FACE('',(#14630),#14655,.T.);
#14630 = FACE_BOUND('',#14631,.T.);
#14631 = EDGE_LOOP('',(#14632,#14640,#14641,#14649));
#14632 = ORIENTED_EDGE('',*,*,#14633,.T.);
#14633 = EDGE_CURVE('',#14634,#14594,#14636,.T.);
#14634 = VERTEX_POINT('',#14635);
#14635 = CARTESIAN_POINT('',(2.05,3.08,0.));
#14636 = LINE('',#14637,#14638);
#14637 = CARTESIAN_POINT('',(2.05,3.08,0.));
#14638 = VECTOR('',#14639,1.);
#14639 = DIRECTION('',(-1.,0.,0.));
#14640 = ORIENTED_EDGE('',*,*,#14619,.T.);
#14641 = ORIENTED_EDGE('',*,*,#14642,.F.);
#14642 = EDGE_CURVE('',#14643,#14612,#14645,.T.);
#14643 = VERTEX_POINT('',#14644);
#14644 = CARTESIAN_POINT('',(2.05,3.08,-1.E-02));
#14645 = LINE('',#14646,#14647);
#14646 = CARTESIAN_POINT('',(2.05,3.08,-1.E-02));
#14647 = VECTOR('',#14648,1.);
#14648 = DIRECTION('',(-1.,0.,0.));
#14649 = ORIENTED_EDGE('',*,*,#14650,.F.);
#14650 = EDGE_CURVE('',#14634,#14643,#14651,.T.);
#14651 = LINE('',#14652,#14653);
#14652 = CARTESIAN_POINT('',(2.05,3.08,0.));
#14653 = VECTOR('',#14654,1.);
#14654 = DIRECTION('',(0.,0.,-1.));
#14655 = PLANE('',#14656);
#14656 = AXIS2_PLACEMENT_3D('',#14657,#14658,#14659);
#14657 = CARTESIAN_POINT('',(2.05,3.08,0.));
#14658 = DIRECTION('',(0.,-1.,0.));
#14659 = DIRECTION('',(0.,0.,-1.));
#14660 = ADVANCED_FACE('',(#14661),#14686,.T.);
#14661 = FACE_BOUND('',#14662,.T.);
#14662 = EDGE_LOOP('',(#14663,#14671,#14672,#14680));
#14663 = ORIENTED_EDGE('',*,*,#14664,.T.);
#14664 = EDGE_CURVE('',#14665,#14634,#14667,.T.);
#14665 = VERTEX_POINT('',#14666);
#14666 = CARTESIAN_POINT('',(2.05,3.68,0.));
#14667 = LINE('',#14668,#14669);
#14668 = CARTESIAN_POINT('',(2.05,3.68,0.));
#14669 = VECTOR('',#14670,1.);
#14670 = DIRECTION('',(0.,-1.,0.));
#14671 = ORIENTED_EDGE('',*,*,#14650,.T.);
#14672 = ORIENTED_EDGE('',*,*,#14673,.F.);
#14673 = EDGE_CURVE('',#14674,#14643,#14676,.T.);
#14674 = VERTEX_POINT('',#14675);
#14675 = CARTESIAN_POINT('',(2.05,3.68,-1.E-02));
#14676 = LINE('',#14677,#14678);
#14677 = CARTESIAN_POINT('',(2.05,3.68,-1.E-02));
#14678 = VECTOR('',#14679,1.);
#14679 = DIRECTION('',(0.,-1.,0.));
#14680 = ORIENTED_EDGE('',*,*,#14681,.F.);
#14681 = EDGE_CURVE('',#14665,#14674,#14682,.T.);
#14682 = LINE('',#14683,#14684);
#14683 = CARTESIAN_POINT('',(2.05,3.68,0.));
#14684 = VECTOR('',#14685,1.);
#14685 = DIRECTION('',(0.,0.,-1.));
#14686 = PLANE('',#14687);
#14687 = AXIS2_PLACEMENT_3D('',#14688,#14689,#14690);
#14688 = CARTESIAN_POINT('',(2.05,3.68,0.));
#14689 = DIRECTION('',(1.,0.,0.));
#14690 = DIRECTION('',(-0.,1.,0.));
#14691 = ADVANCED_FACE('',(#14692),#14708,.T.);
#14692 = FACE_BOUND('',#14693,.T.);
#14693 = EDGE_LOOP('',(#14694,#14700,#14701,#14707));
#14694 = ORIENTED_EDGE('',*,*,#14695,.T.);
#14695 = EDGE_CURVE('',#14596,#14665,#14696,.T.);
#14696 = LINE('',#14697,#14698);
#14697 = CARTESIAN_POINT('',(1.45,3.68,0.));
#14698 = VECTOR('',#14699,1.);
#14699 = DIRECTION('',(1.,0.,0.));
#14700 = ORIENTED_EDGE('',*,*,#14681,.T.);
#14701 = ORIENTED_EDGE('',*,*,#14702,.F.);
#14702 = EDGE_CURVE('',#14604,#14674,#14703,.T.);
#14703 = LINE('',#14704,#14705);
#14704 = CARTESIAN_POINT('',(1.45,3.68,-1.E-02));
#14705 = VECTOR('',#14706,1.);
#14706 = DIRECTION('',(1.,0.,0.));
#14707 = ORIENTED_EDGE('',*,*,#14603,.F.);
#14708 = PLANE('',#14709);
#14709 = AXIS2_PLACEMENT_3D('',#14710,#14711,#14712);
#14710 = CARTESIAN_POINT('',(1.45,3.68,0.));
#14711 = DIRECTION('',(-0.,1.,0.));
#14712 = DIRECTION('',(1.,0.,0.));
#14713 = ADVANCED_FACE('',(#14714),#14720,.T.);
#14714 = FACE_BOUND('',#14715,.T.);
#14715 = EDGE_LOOP('',(#14716,#14717,#14718,#14719));
#14716 = ORIENTED_EDGE('',*,*,#14702,.T.);
#14717 = ORIENTED_EDGE('',*,*,#14673,.T.);
#14718 = ORIENTED_EDGE('',*,*,#14642,.T.);
#14719 = ORIENTED_EDGE('',*,*,#14611,.T.);
#14720 = PLANE('',#14721);
#14721 = AXIS2_PLACEMENT_3D('',#14722,#14723,#14724);
#14722 = CARTESIAN_POINT('',(1.75,3.38,-1.E-02));
#14723 = DIRECTION('',(0.,0.,-1.));
#14724 = DIRECTION('',(0.,-1.,0.));
#14725 = ADVANCED_FACE('',(#14726),#14732,.F.);
#14726 = FACE_BOUND('',#14727,.T.);
#14727 = EDGE_LOOP('',(#14728,#14729,#14730,#14731));
#14728 = ORIENTED_EDGE('',*,*,#14695,.F.);
#14729 = ORIENTED_EDGE('',*,*,#14593,.F.);
#14730 = ORIENTED_EDGE('',*,*,#14633,.F.);
#14731 = ORIENTED_EDGE('',*,*,#14664,.F.);
#14732 = PLANE('',#14733);
#14733 = AXIS2_PLACEMENT_3D('',#14734,#14735,#14736);
#14734 = CARTESIAN_POINT('',(1.75,3.38,0.));
#14735 = DIRECTION('',(0.,0.,-1.));
#14736 = DIRECTION('',(0.,-1.,0.));
#14737 = MANIFOLD_SOLID_BREP('',#14738);
#14738 = CLOSED_SHELL('',(#14739,#14779,#14810,#14841,#14863,#14875));
#14739 = ADVANCED_FACE('',(#14740),#14774,.T.);
#14740 = FACE_BOUND('',#14741,.T.);
#14741 = EDGE_LOOP('',(#14742,#14752,#14760,#14768));
#14742 = ORIENTED_EDGE('',*,*,#14743,.T.);
#14743 = EDGE_CURVE('',#14744,#14746,#14748,.T.);
#14744 = VERTEX_POINT('',#14745);
#14745 = CARTESIAN_POINT('',(1.45,0.65,0.));
#14746 = VERTEX_POINT('',#14747);
#14747 = CARTESIAN_POINT('',(2.05,0.65,0.));
#14748 = LINE('',#14749,#14750);
#14749 = CARTESIAN_POINT('',(1.45,0.65,0.));
#14750 = VECTOR('',#14751,1.);
#14751 = DIRECTION('',(1.,0.,0.));
#14752 = ORIENTED_EDGE('',*,*,#14753,.T.);
#14753 = EDGE_CURVE('',#14746,#14754,#14756,.T.);
#14754 = VERTEX_POINT('',#14755);
#14755 = CARTESIAN_POINT('',(2.05,0.65,-1.E-02));
#14756 = LINE('',#14757,#14758);
#14757 = CARTESIAN_POINT('',(2.05,0.65,0.));
#14758 = VECTOR('',#14759,1.);
#14759 = DIRECTION('',(0.,0.,-1.));
#14760 = ORIENTED_EDGE('',*,*,#14761,.F.);
#14761 = EDGE_CURVE('',#14762,#14754,#14764,.T.);
#14762 = VERTEX_POINT('',#14763);
#14763 = CARTESIAN_POINT('',(1.45,0.65,-1.E-02));
#14764 = LINE('',#14765,#14766);
#14765 = CARTESIAN_POINT('',(1.45,0.65,-1.E-02));
#14766 = VECTOR('',#14767,1.);
#14767 = DIRECTION('',(1.,0.,0.));
#14768 = ORIENTED_EDGE('',*,*,#14769,.F.);
#14769 = EDGE_CURVE('',#14744,#14762,#14770,.T.);
#14770 = LINE('',#14771,#14772);
#14771 = CARTESIAN_POINT('',(1.45,0.65,0.));
#14772 = VECTOR('',#14773,1.);
#14773 = DIRECTION('',(0.,0.,-1.));
#14774 = PLANE('',#14775);
#14775 = AXIS2_PLACEMENT_3D('',#14776,#14777,#14778);
#14776 = CARTESIAN_POINT('',(1.45,0.65,0.));
#14777 = DIRECTION('',(-0.,1.,0.));
#14778 = DIRECTION('',(1.,0.,0.));
#14779 = ADVANCED_FACE('',(#14780),#14805,.T.);
#14780 = FACE_BOUND('',#14781,.T.);
#14781 = EDGE_LOOP('',(#14782,#14790,#14791,#14799));
#14782 = ORIENTED_EDGE('',*,*,#14783,.T.);
#14783 = EDGE_CURVE('',#14784,#14744,#14786,.T.);
#14784 = VERTEX_POINT('',#14785);
#14785 = CARTESIAN_POINT('',(1.45,5.E-02,0.));
#14786 = LINE('',#14787,#14788);
#14787 = CARTESIAN_POINT('',(1.45,5.E-02,0.));
#14788 = VECTOR('',#14789,1.);
#14789 = DIRECTION('',(0.,1.,0.));
#14790 = ORIENTED_EDGE('',*,*,#14769,.T.);
#14791 = ORIENTED_EDGE('',*,*,#14792,.F.);
#14792 = EDGE_CURVE('',#14793,#14762,#14795,.T.);
#14793 = VERTEX_POINT('',#14794);
#14794 = CARTESIAN_POINT('',(1.45,5.E-02,-1.E-02));
#14795 = LINE('',#14796,#14797);
#14796 = CARTESIAN_POINT('',(1.45,5.E-02,-1.E-02));
#14797 = VECTOR('',#14798,1.);
#14798 = DIRECTION('',(0.,1.,0.));
#14799 = ORIENTED_EDGE('',*,*,#14800,.F.);
#14800 = EDGE_CURVE('',#14784,#14793,#14801,.T.);
#14801 = LINE('',#14802,#14803);
#14802 = CARTESIAN_POINT('',(1.45,5.E-02,0.));
#14803 = VECTOR('',#14804,1.);
#14804 = DIRECTION('',(0.,0.,-1.));
#14805 = PLANE('',#14806);
#14806 = AXIS2_PLACEMENT_3D('',#14807,#14808,#14809);
#14807 = CARTESIAN_POINT('',(1.45,5.E-02,0.));
#14808 = DIRECTION('',(-1.,0.,0.));
#14809 = DIRECTION('',(0.,0.,1.));
#14810 = ADVANCED_FACE('',(#14811),#14836,.T.);
#14811 = FACE_BOUND('',#14812,.T.);
#14812 = EDGE_LOOP('',(#14813,#14821,#14822,#14830));
#14813 = ORIENTED_EDGE('',*,*,#14814,.T.);
#14814 = EDGE_CURVE('',#14815,#14784,#14817,.T.);
#14815 = VERTEX_POINT('',#14816);
#14816 = CARTESIAN_POINT('',(2.05,5.E-02,0.));
#14817 = LINE('',#14818,#14819);
#14818 = CARTESIAN_POINT('',(2.05,5.E-02,0.));
#14819 = VECTOR('',#14820,1.);
#14820 = DIRECTION('',(-1.,0.,0.));
#14821 = ORIENTED_EDGE('',*,*,#14800,.T.);
#14822 = ORIENTED_EDGE('',*,*,#14823,.F.);
#14823 = EDGE_CURVE('',#14824,#14793,#14826,.T.);
#14824 = VERTEX_POINT('',#14825);
#14825 = CARTESIAN_POINT('',(2.05,5.E-02,-1.E-02));
#14826 = LINE('',#14827,#14828);
#14827 = CARTESIAN_POINT('',(2.05,5.E-02,-1.E-02));
#14828 = VECTOR('',#14829,1.);
#14829 = DIRECTION('',(-1.,0.,0.));
#14830 = ORIENTED_EDGE('',*,*,#14831,.F.);
#14831 = EDGE_CURVE('',#14815,#14824,#14832,.T.);
#14832 = LINE('',#14833,#14834);
#14833 = CARTESIAN_POINT('',(2.05,5.E-02,0.));
#14834 = VECTOR('',#14835,1.);
#14835 = DIRECTION('',(0.,0.,-1.));
#14836 = PLANE('',#14837);
#14837 = AXIS2_PLACEMENT_3D('',#14838,#14839,#14840);
#14838 = CARTESIAN_POINT('',(2.05,5.E-02,0.));
#14839 = DIRECTION('',(0.,-1.,0.));
#14840 = DIRECTION('',(0.,0.,-1.));
#14841 = ADVANCED_FACE('',(#14842),#14858,.T.);
#14842 = FACE_BOUND('',#14843,.T.);
#14843 = EDGE_LOOP('',(#14844,#14850,#14851,#14857));
#14844 = ORIENTED_EDGE('',*,*,#14845,.T.);
#14845 = EDGE_CURVE('',#14746,#14815,#14846,.T.);
#14846 = LINE('',#14847,#14848);
#14847 = CARTESIAN_POINT('',(2.05,0.65,0.));
#14848 = VECTOR('',#14849,1.);
#14849 = DIRECTION('',(0.,-1.,0.));
#14850 = ORIENTED_EDGE('',*,*,#14831,.T.);
#14851 = ORIENTED_EDGE('',*,*,#14852,.F.);
#14852 = EDGE_CURVE('',#14754,#14824,#14853,.T.);
#14853 = LINE('',#14854,#14855);
#14854 = CARTESIAN_POINT('',(2.05,0.65,-1.E-02));
#14855 = VECTOR('',#14856,1.);
#14856 = DIRECTION('',(0.,-1.,0.));
#14857 = ORIENTED_EDGE('',*,*,#14753,.F.);
#14858 = PLANE('',#14859);
#14859 = AXIS2_PLACEMENT_3D('',#14860,#14861,#14862);
#14860 = CARTESIAN_POINT('',(2.05,0.65,0.));
#14861 = DIRECTION('',(1.,0.,0.));
#14862 = DIRECTION('',(-0.,1.,0.));
#14863 = ADVANCED_FACE('',(#14864),#14870,.T.);
#14864 = FACE_BOUND('',#14865,.T.);
#14865 = EDGE_LOOP('',(#14866,#14867,#14868,#14869));
#14866 = ORIENTED_EDGE('',*,*,#14852,.T.);
#14867 = ORIENTED_EDGE('',*,*,#14823,.T.);
#14868 = ORIENTED_EDGE('',*,*,#14792,.T.);
#14869 = ORIENTED_EDGE('',*,*,#14761,.T.);
#14870 = PLANE('',#14871);
#14871 = AXIS2_PLACEMENT_3D('',#14872,#14873,#14874);
#14872 = CARTESIAN_POINT('',(1.75,0.35,-1.E-02));
#14873 = DIRECTION('',(0.,0.,-1.));
#14874 = DIRECTION('',(0.,-1.,0.));
#14875 = ADVANCED_FACE('',(#14876),#14882,.F.);
#14876 = FACE_BOUND('',#14877,.T.);
#14877 = EDGE_LOOP('',(#14878,#14879,#14880,#14881));
#14878 = ORIENTED_EDGE('',*,*,#14845,.F.);
#14879 = ORIENTED_EDGE('',*,*,#14743,.F.);
#14880 = ORIENTED_EDGE('',*,*,#14783,.F.);
#14881 = ORIENTED_EDGE('',*,*,#14814,.F.);
#14882 = PLANE('',#14883);
#14883 = AXIS2_PLACEMENT_3D('',#14884,#14885,#14886);
#14884 = CARTESIAN_POINT('',(1.75,0.35,0.));
#14885 = DIRECTION('',(0.,0.,-1.));
#14886 = DIRECTION('',(0.,-1.,0.));
#14887 = MANIFOLD_SOLID_BREP('',#14888);
#14888 = CLOSED_SHELL('',(#14889,#14929,#14960,#14991,#15013,#15025));
#14889 = ADVANCED_FACE('',(#14890),#14924,.T.);
#14890 = FACE_BOUND('',#14891,.T.);
#14891 = EDGE_LOOP('',(#14892,#14902,#14910,#14918));
#14892 = ORIENTED_EDGE('',*,*,#14893,.F.);
#14893 = EDGE_CURVE('',#14894,#14896,#14898,.T.);
#14894 = VERTEX_POINT('',#14895);
#14895 = CARTESIAN_POINT('',(0.65,3.08,0.));
#14896 = VERTEX_POINT('',#14897);
#14897 = CARTESIAN_POINT('',(0.65,3.68,0.));
#14898 = LINE('',#14899,#14900);
#14899 = CARTESIAN_POINT('',(0.65,3.08,0.));
#14900 = VECTOR('',#14901,1.);
#14901 = DIRECTION('',(2.312964634636E-16,1.,0.));
#14902 = ORIENTED_EDGE('',*,*,#14903,.T.);
#14903 = EDGE_CURVE('',#14894,#14904,#14906,.T.);
#14904 = VERTEX_POINT('',#14905);
#14905 = CARTESIAN_POINT('',(0.65,3.08,-1.E-02));
#14906 = LINE('',#14907,#14908);
#14907 = CARTESIAN_POINT('',(0.65,3.08,0.));
#14908 = VECTOR('',#14909,1.);
#14909 = DIRECTION('',(0.,0.,-1.));
#14910 = ORIENTED_EDGE('',*,*,#14911,.F.);
#14911 = EDGE_CURVE('',#14912,#14904,#14914,.T.);
#14912 = VERTEX_POINT('',#14913);
#14913 = CARTESIAN_POINT('',(0.65,3.68,-1.E-02));
#14914 = LINE('',#14915,#14916);
#14915 = CARTESIAN_POINT('',(0.65,3.08,-1.E-02));
#14916 = VECTOR('',#14917,1.);
#14917 = DIRECTION('',(-2.312964634636E-16,-1.,0.));
#14918 = ORIENTED_EDGE('',*,*,#14919,.F.);
#14919 = EDGE_CURVE('',#14896,#14912,#14920,.T.);
#14920 = LINE('',#14921,#14922);
#14921 = CARTESIAN_POINT('',(0.65,3.68,0.));
#14922 = VECTOR('',#14923,1.);
#14923 = DIRECTION('',(0.,0.,-1.));
#14924 = PLANE('',#14925);
#14925 = AXIS2_PLACEMENT_3D('',#14926,#14927,#14928);
#14926 = CARTESIAN_POINT('',(0.65,3.68,0.));
#14927 = DIRECTION('',(1.,-2.312964634636E-16,0.));
#14928 = DIRECTION('',(0.,0.,1.));
#14929 = ADVANCED_FACE('',(#14930),#14955,.T.);
#14930 = FACE_BOUND('',#14931,.T.);
#14931 = EDGE_LOOP('',(#14932,#14940,#14941,#14949));
#14932 = ORIENTED_EDGE('',*,*,#14933,.F.);
#14933 = EDGE_CURVE('',#14896,#14934,#14936,.T.);
#14934 = VERTEX_POINT('',#14935);
#14935 = CARTESIAN_POINT('',(5.E-02,3.68,0.));
#14936 = LINE('',#14937,#14938);
#14937 = CARTESIAN_POINT('',(0.65,3.68,0.));
#14938 = VECTOR('',#14939,1.);
#14939 = DIRECTION('',(-1.,0.,0.));
#14940 = ORIENTED_EDGE('',*,*,#14919,.T.);
#14941 = ORIENTED_EDGE('',*,*,#14942,.F.);
#14942 = EDGE_CURVE('',#14943,#14912,#14945,.T.);
#14943 = VERTEX_POINT('',#14944);
#14944 = CARTESIAN_POINT('',(5.E-02,3.68,-1.E-02));
#14945 = LINE('',#14946,#14947);
#14946 = CARTESIAN_POINT('',(0.65,3.68,-1.E-02));
#14947 = VECTOR('',#14948,1.);
#14948 = DIRECTION('',(1.,0.,0.));
#14949 = ORIENTED_EDGE('',*,*,#14950,.F.);
#14950 = EDGE_CURVE('',#14934,#14943,#14951,.T.);
#14951 = LINE('',#14952,#14953);
#14952 = CARTESIAN_POINT('',(5.E-02,3.68,0.));
#14953 = VECTOR('',#14954,1.);
#14954 = DIRECTION('',(0.,0.,-1.));
#14955 = PLANE('',#14956);
#14956 = AXIS2_PLACEMENT_3D('',#14957,#14958,#14959);
#14957 = CARTESIAN_POINT('',(5.E-02,3.68,0.));
#14958 = DIRECTION('',(-0.,1.,0.));
#14959 = DIRECTION('',(1.,0.,0.));
#14960 = ADVANCED_FACE('',(#14961),#14986,.T.);
#14961 = FACE_BOUND('',#14962,.T.);
#14962 = EDGE_LOOP('',(#14963,#14971,#14972,#14980));
#14963 = ORIENTED_EDGE('',*,*,#14964,.F.);
#14964 = EDGE_CURVE('',#14934,#14965,#14967,.T.);
#14965 = VERTEX_POINT('',#14966);
#14966 = CARTESIAN_POINT('',(5.E-02,3.08,0.));
#14967 = LINE('',#14968,#14969);
#14968 = CARTESIAN_POINT('',(5.E-02,3.68,0.));
#14969 = VECTOR('',#14970,1.);
#14970 = DIRECTION('',(0.,-1.,0.));
#14971 = ORIENTED_EDGE('',*,*,#14950,.T.);
#14972 = ORIENTED_EDGE('',*,*,#14973,.F.);
#14973 = EDGE_CURVE('',#14974,#14943,#14976,.T.);
#14974 = VERTEX_POINT('',#14975);
#14975 = CARTESIAN_POINT('',(5.E-02,3.08,-1.E-02));
#14976 = LINE('',#14977,#14978);
#14977 = CARTESIAN_POINT('',(5.E-02,3.68,-1.E-02));
#14978 = VECTOR('',#14979,1.);
#14979 = DIRECTION('',(0.,1.,0.));
#14980 = ORIENTED_EDGE('',*,*,#14981,.F.);
#14981 = EDGE_CURVE('',#14965,#14974,#14982,.T.);
#14982 = LINE('',#14983,#14984);
#14983 = CARTESIAN_POINT('',(5.E-02,3.08,0.));
#14984 = VECTOR('',#14985,1.);
#14985 = DIRECTION('',(0.,0.,-1.));
#14986 = PLANE('',#14987);
#14987 = AXIS2_PLACEMENT_3D('',#14988,#14989,#14990);
#14988 = CARTESIAN_POINT('',(5.E-02,3.08,0.));
#14989 = DIRECTION('',(-1.,0.,0.));
#14990 = DIRECTION('',(0.,0.,1.));
#14991 = ADVANCED_FACE('',(#14992),#15008,.T.);
#14992 = FACE_BOUND('',#14993,.T.);
#14993 = EDGE_LOOP('',(#14994,#15000,#15001,#15007));
#14994 = ORIENTED_EDGE('',*,*,#14995,.F.);
#14995 = EDGE_CURVE('',#14965,#14894,#14996,.T.);
#14996 = LINE('',#14997,#14998);
#14997 = CARTESIAN_POINT('',(5.E-02,3.08,0.));
#14998 = VECTOR('',#14999,1.);
#14999 = DIRECTION('',(1.,0.,0.));
#15000 = ORIENTED_EDGE('',*,*,#14981,.T.);
#15001 = ORIENTED_EDGE('',*,*,#15002,.F.);
#15002 = EDGE_CURVE('',#14904,#14974,#15003,.T.);
#15003 = LINE('',#15004,#15005);
#15004 = CARTESIAN_POINT('',(5.E-02,3.08,-1.E-02));
#15005 = VECTOR('',#15006,1.);
#15006 = DIRECTION('',(-1.,0.,0.));
#15007 = ORIENTED_EDGE('',*,*,#14903,.F.);
#15008 = PLANE('',#15009);
#15009 = AXIS2_PLACEMENT_3D('',#15010,#15011,#15012);
#15010 = CARTESIAN_POINT('',(0.65,3.08,0.));
#15011 = DIRECTION('',(0.,-1.,0.));
#15012 = DIRECTION('',(0.,0.,-1.));
#15013 = ADVANCED_FACE('',(#15014),#15020,.T.);
#15014 = FACE_BOUND('',#15015,.T.);
#15015 = EDGE_LOOP('',(#15016,#15017,#15018,#15019));
#15016 = ORIENTED_EDGE('',*,*,#15002,.T.);
#15017 = ORIENTED_EDGE('',*,*,#14973,.T.);
#15018 = ORIENTED_EDGE('',*,*,#14942,.T.);
#15019 = ORIENTED_EDGE('',*,*,#14911,.T.);
#15020 = PLANE('',#15021);
#15021 = AXIS2_PLACEMENT_3D('',#15022,#15023,#15024);
#15022 = CARTESIAN_POINT('',(0.35,3.38,-1.E-02));
#15023 = DIRECTION('',(0.,0.,-1.));
#15024 = DIRECTION('',(0.,-1.,0.));
#15025 = ADVANCED_FACE('',(#15026),#15032,.F.);
#15026 = FACE_BOUND('',#15027,.T.);
#15027 = EDGE_LOOP('',(#15028,#15029,#15030,#15031));
#15028 = ORIENTED_EDGE('',*,*,#14995,.T.);
#15029 = ORIENTED_EDGE('',*,*,#14893,.T.);
#15030 = ORIENTED_EDGE('',*,*,#14933,.T.);
#15031 = ORIENTED_EDGE('',*,*,#14964,.T.);
#15032 = PLANE('',#15033);
#15033 = AXIS2_PLACEMENT_3D('',#15034,#15035,#15036);
#15034 = CARTESIAN_POINT('',(0.35,3.38,0.));
#15035 = DIRECTION('',(0.,0.,-1.));
#15036 = DIRECTION('',(0.,-1.,0.));
#15037 = ( GEOMETRIC_REPRESENTATION_CONTEXT(3) 
GLOBAL_UNCERTAINTY_ASSIGNED_CONTEXT((#15041)) 
GLOBAL_UNIT_ASSIGNED_CONTEXT((#15038,#15039,#15040)) 
REPRESENTATION_CONTEXT('Context #1',
  '3D Context with UNIT and UNCERTAINTY') );
#15038 = ( LENGTH_UNIT() NAMED_UNIT(*) SI_UNIT(.MILLI.,.METRE.) );
#15039 = ( NAMED_UNIT(*) PLANE_ANGLE_UNIT() SI_UNIT($,.RADIAN.) );
#15040 = ( NAMED_UNIT(*) SI_UNIT($,.STERADIAN.) SOLID_ANGLE_UNIT() );
#15041 = UNCERTAINTY_MEASURE_WITH_UNIT(LENGTH_MEASURE(1.E-05),#15038,
  'distance_accuracy_value','confusion accuracy');
#15042 = CONTEXT_DEPENDENT_SHAPE_REPRESENTATION(#15043,#15045);
#15043 = ( REPRESENTATION_RELATIONSHIP('','',#11719,#11696) 
REPRESENTATION_RELATIONSHIP_WITH_TRANSFORMATION(#15044) 
SHAPE_REPRESENTATION_RELATIONSHIP() );
#15044 = ITEM_DEFINED_TRANSFORMATION('','',#11,#11697);
#15045 = PRODUCT_DEFINITION_SHAPE('Placement','Placement of an item',
  #15046);
#15046 = NEXT_ASSEMBLY_USAGE_OCCURRENCE('15','=>[0:1:1:13]','',#11691,
  #11714,$);
#15047 = PRODUCT_RELATED_PRODUCT_CATEGORY('part',$,(#11716));
#15048 = CONTEXT_DEPENDENT_SHAPE_REPRESENTATION(#15049,#15051);
#15049 = ( REPRESENTATION_RELATIONSHIP('','',#5284,#10) 
REPRESENTATION_RELATIONSHIP_WITH_TRANSFORMATION(#15050) 
SHAPE_REPRESENTATION_RELATIONSHIP() );
#15050 = ITEM_DEFINED_TRANSFORMATION('','',#11,#55);
#15051 = PRODUCT_DEFINITION_SHAPE('Placement','Placement of an item',
  #15052);
#15052 = NEXT_ASSEMBLY_USAGE_OCCURRENCE('17','R5','',#5,#5279,$);
#15053 = CONTEXT_DEPENDENT_SHAPE_REPRESENTATION(#15054,#15056);
#15054 = ( REPRESENTATION_RELATIONSHIP('','',#5284,#10) 
REPRESENTATION_RELATIONSHIP_WITH_TRANSFORMATION(#15055) 
SHAPE_REPRESENTATION_RELATIONSHIP() );
#15055 = ITEM_DEFINED_TRANSFORMATION('','',#11,#59);
#15056 = PRODUCT_DEFINITION_SHAPE('Placement','Placement of an item',
  #15057);
#15057 = NEXT_ASSEMBLY_USAGE_OCCURRENCE('18','R1','',#5,#5279,$);
#15058 = SHAPE_DEFINITION_REPRESENTATION(#15059,#15065);
#15059 = PRODUCT_DEFINITION_SHAPE('','',#15060);
#15060 = PRODUCT_DEFINITION('design','',#15061,#15064);
#15061 = PRODUCT_DEFINITION_FORMATION('','',#15062);
#15062 = PRODUCT('SOT-23-5','SOT-23-5','',(#15063));
#15063 = PRODUCT_CONTEXT('',#2,'mechanical');
#15064 = PRODUCT_DEFINITION_CONTEXT('part definition',#2,'design');
#15065 = SHAPE_REPRESENTATION('',(#11,#15066),#15070);
#15066 = AXIS2_PLACEMENT_3D('',#15067,#15068,#15069);
#15067 = CARTESIAN_POINT('',(0.,0.,0.));
#15068 = DIRECTION('',(0.,0.,1.));
#15069 = DIRECTION('',(1.,0.,-0.));
#15070 = ( GEOMETRIC_REPRESENTATION_CONTEXT(3) 
GLOBAL_UNCERTAINTY_ASSIGNED_CONTEXT((#15074)) 
GLOBAL_UNIT_ASSIGNED_CONTEXT((#15071,#15072,#15073)) 
REPRESENTATION_CONTEXT('Context #1',
  '3D Context with UNIT and UNCERTAINTY') );
#15071 = ( LENGTH_UNIT() NAMED_UNIT(*) SI_UNIT(.MILLI.,.METRE.) );
#15072 = ( NAMED_UNIT(*) PLANE_ANGLE_UNIT() SI_UNIT($,.RADIAN.) );
#15073 = ( NAMED_UNIT(*) SI_UNIT($,.STERADIAN.) SOLID_ANGLE_UNIT() );
#15074 = UNCERTAINTY_MEASURE_WITH_UNIT(LENGTH_MEASURE(2.E-06),#15071,
  'distance_accuracy_value','confusion accuracy');
#15075 = CONTEXT_DEPENDENT_SHAPE_REPRESENTATION(#15076,#15078);
#15076 = ( REPRESENTATION_RELATIONSHIP('','',#15065,#10) 
REPRESENTATION_RELATIONSHIP_WITH_TRANSFORMATION(#15077) 
SHAPE_REPRESENTATION_RELATIONSHIP() );
#15077 = ITEM_DEFINED_TRANSFORMATION('','',#11,#63);
#15078 = PRODUCT_DEFINITION_SHAPE('Placement','Placement of an item',
  #15079);
#15079 = NEXT_ASSEMBLY_USAGE_OCCURRENCE('20','U3','',#5,#15060,$);
#15080 = PRODUCT_RELATED_PRODUCT_CATEGORY('part',$,(#15062));
#15081 = SHAPE_DEFINITION_REPRESENTATION(#15082,#15088);
#15082 = PRODUCT_DEFINITION_SHAPE('','',#15083);
#15083 = PRODUCT_DEFINITION('design','',#15084,#15087);
#15084 = PRODUCT_DEFINITION_FORMATION('','',#15085);
#15085 = PRODUCT('DBV5A','DBV5A','',(#15086));
#15086 = PRODUCT_CONTEXT('',#2,'mechanical');
#15087 = PRODUCT_DEFINITION_CONTEXT('part definition',#2,'design');
#15088 = SHAPE_REPRESENTATION('',(#11,#15089,#15177,#15533,#15889,#16245
    ,#17495,#17851),#18207);
#15089 = MANIFOLD_SOLID_BREP('',#15090);
#15090 = CLOSED_SHELL('',(#15091,#15133,#15157,#15167));
#15091 = ADVANCED_FACE('',(#15092),#15128,.T.);
#15092 = FACE_BOUND('',#15093,.T.);
#15093 = EDGE_LOOP('',(#15094,#15105,#15113,#15122));
#15094 = ORIENTED_EDGE('',*,*,#15095,.F.);
#15095 = EDGE_CURVE('',#15096,#15098,#15100,.T.);
#15096 = VERTEX_POINT('',#15097);
#15097 = CARTESIAN_POINT('',(-0.275061033199,1.35,-1.075061033199));
#15098 = VERTEX_POINT('',#15099);
#15099 = CARTESIAN_POINT('',(-0.575061033199,1.35,-1.075061033199));
#15100 = CIRCLE('',#15101,0.15);
#15101 = AXIS2_PLACEMENT_3D('',#15102,#15103,#15104);
#15102 = CARTESIAN_POINT('',(-0.425061033199,1.35,-1.075061033199));
#15103 = DIRECTION('',(0.,-1.,-0.));
#15104 = DIRECTION('',(-1.,0.,-2.891205793295E-15));
#15105 = ORIENTED_EDGE('',*,*,#15106,.T.);
#15106 = EDGE_CURVE('',#15096,#15107,#15109,.T.);
#15107 = VERTEX_POINT('',#15108);
#15108 = CARTESIAN_POINT('',(-0.275061033199,1.45,-1.075061033199));
#15109 = LINE('',#15110,#15111);
#15110 = CARTESIAN_POINT('',(-0.275061033199,0.925735931288,
    -1.075061033199));
#15111 = VECTOR('',#15112,1.);
#15112 = DIRECTION('',(0.,1.,0.));
#15113 = ORIENTED_EDGE('',*,*,#15114,.F.);
#15114 = EDGE_CURVE('',#15115,#15107,#15117,.T.);
#15115 = VERTEX_POINT('',#15116);
#15116 = CARTESIAN_POINT('',(-0.575061033199,1.45,-1.075061033199));
#15117 = CIRCLE('',#15118,0.15);
#15118 = AXIS2_PLACEMENT_3D('',#15119,#15120,#15121);
#15119 = CARTESIAN_POINT('',(-0.425061033199,1.45,-1.075061033199));
#15120 = DIRECTION('',(0.,1.,0.));
#15121 = DIRECTION('',(-1.,0.,-2.891205793295E-15));
#15122 = ORIENTED_EDGE('',*,*,#15123,.F.);
#15123 = EDGE_CURVE('',#15098,#15115,#15124,.T.);
#15124 = LINE('',#15125,#15126);
#15125 = CARTESIAN_POINT('',(-0.575061033199,0.925735931288,
    -1.075061033199));
#15126 = VECTOR('',#15127,1.);
#15127 = DIRECTION('',(0.,1.,0.));
#15128 = CYLINDRICAL_SURFACE('',#15129,0.15);
#15129 = AXIS2_PLACEMENT_3D('',#15130,#15131,#15132);
#15130 = CARTESIAN_POINT('',(-0.425061033199,0.925735931288,
    -1.075061033199));
#15131 = DIRECTION('',(0.,1.,0.));
#15132 = DIRECTION('',(-1.,0.,-2.891205793295E-15));
#15133 = ADVANCED_FACE('',(#15134),#15152,.T.);
#15134 = FACE_BOUND('',#15135,.T.);
#15135 = EDGE_LOOP('',(#15136,#15137,#15144,#15145));
#15136 = ORIENTED_EDGE('',*,*,#15106,.F.);
#15137 = ORIENTED_EDGE('',*,*,#15138,.F.);
#15138 = EDGE_CURVE('',#15098,#15096,#15139,.T.);
#15139 = CIRCLE('',#15140,0.15);
#15140 = AXIS2_PLACEMENT_3D('',#15141,#15142,#15143);
#15141 = CARTESIAN_POINT('',(-0.425061033199,1.35,-1.075061033199));
#15142 = DIRECTION('',(0.,-1.,-0.));
#15143 = DIRECTION('',(-1.,0.,-4.336808689942E-15));
#15144 = ORIENTED_EDGE('',*,*,#15123,.T.);
#15145 = ORIENTED_EDGE('',*,*,#15146,.F.);
#15146 = EDGE_CURVE('',#15107,#15115,#15147,.T.);
#15147 = CIRCLE('',#15148,0.15);
#15148 = AXIS2_PLACEMENT_3D('',#15149,#15150,#15151);
#15149 = CARTESIAN_POINT('',(-0.425061033199,1.45,-1.075061033199));
#15150 = DIRECTION('',(0.,1.,0.));
#15151 = DIRECTION('',(-1.,0.,-2.891205793295E-15));
#15152 = CYLINDRICAL_SURFACE('',#15153,0.15);
#15153 = AXIS2_PLACEMENT_3D('',#15154,#15155,#15156);
#15154 = CARTESIAN_POINT('',(-0.425061033199,0.925735931288,
    -1.075061033199));
#15155 = DIRECTION('',(0.,1.,0.));
#15156 = DIRECTION('',(-1.,0.,-2.891205793295E-15));
#15157 = ADVANCED_FACE('',(#15158),#15162,.T.);
#15158 = FACE_BOUND('',#15159,.T.);
#15159 = EDGE_LOOP('',(#15160,#15161));
#15160 = ORIENTED_EDGE('',*,*,#15114,.T.);
#15161 = ORIENTED_EDGE('',*,*,#15146,.T.);
#15162 = PLANE('',#15163);
#15163 = AXIS2_PLACEMENT_3D('',#15164,#15165,#15166);
#15164 = CARTESIAN_POINT('',(-0.425061033199,1.45,-1.075061033199));
#15165 = DIRECTION('',(0.,1.,0.));
#15166 = DIRECTION('',(-1.,0.,-3.491481338843E-15));
#15167 = ADVANCED_FACE('',(#15168),#15172,.F.);
#15168 = FACE_BOUND('',#15169,.T.);
#15169 = EDGE_LOOP('',(#15170,#15171));
#15170 = ORIENTED_EDGE('',*,*,#15138,.T.);
#15171 = ORIENTED_EDGE('',*,*,#15095,.T.);
#15172 = PLANE('',#15173);
#15173 = AXIS2_PLACEMENT_3D('',#15174,#15175,#15176);
#15174 = CARTESIAN_POINT('',(-0.425061033199,1.35,-1.075061033199));
#15175 = DIRECTION('',(0.,1.,0.));
#15176 = DIRECTION('',(-1.,0.,-3.491481338843E-15));
#15177 = MANIFOLD_SOLID_BREP('',#15178);
#15178 = CLOSED_SHELL('',(#15179,#15221,#15252,#15285,#15316,#15349,
    #15380,#15411,#15442,#15475,#15497,#15515));
#15179 = ADVANCED_FACE('',(#15180),#15216,.F.);
#15180 = FACE_BOUND('',#15181,.F.);
#15181 = EDGE_LOOP('',(#15182,#15192,#15201,#15209));
#15182 = ORIENTED_EDGE('',*,*,#15183,.F.);
#15183 = EDGE_CURVE('',#15184,#15186,#15188,.T.);
#15184 = VERTEX_POINT('',#15185);
#15185 = CARTESIAN_POINT('',(-0.907132499112,0.776239654222,1.15));
#15186 = VERTEX_POINT('',#15187);
#15187 = CARTESIAN_POINT('',(-0.907132499112,0.776239654222,0.75));
#15188 = LINE('',#15189,#15190);
#15189 = CARTESIAN_POINT('',(-0.907132499112,0.776239654222,1.15));
#15190 = VECTOR('',#15191,1.);
#15191 = DIRECTION('',(3.491481338843E-15,-0.,-1.));
#15192 = ORIENTED_EDGE('',*,*,#15193,.T.);
#15193 = EDGE_CURVE('',#15184,#15194,#15196,.T.);
#15194 = VERTEX_POINT('',#15195);
#15195 = CARTESIAN_POINT('',(-0.8,0.875,1.15));
#15196 = CIRCLE('',#15197,0.107487362954);
#15197 = AXIS2_PLACEMENT_3D('',#15198,#15199,#15200);
#15198 = CARTESIAN_POINT('',(-0.8,0.767512637046,1.15));
#15199 = DIRECTION('',(3.491481338843E-15,0.,-1.));
#15200 = DIRECTION('',(1.,0.,3.491481338843E-15));
#15201 = ORIENTED_EDGE('',*,*,#15202,.T.);
#15202 = EDGE_CURVE('',#15194,#15203,#15205,.T.);
#15203 = VERTEX_POINT('',#15204);
#15204 = CARTESIAN_POINT('',(-0.8,0.875,0.75));
#15205 = LINE('',#15206,#15207);
#15206 = CARTESIAN_POINT('',(-0.8,0.875,1.15));
#15207 = VECTOR('',#15208,1.);
#15208 = DIRECTION('',(3.491481338843E-15,-0.,-1.));
#15209 = ORIENTED_EDGE('',*,*,#15210,.F.);
#15210 = EDGE_CURVE('',#15186,#15203,#15211,.T.);
#15211 = CIRCLE('',#15212,0.107487362954);
#15212 = AXIS2_PLACEMENT_3D('',#15213,#15214,#15215);
#15213 = CARTESIAN_POINT('',(-0.8,0.767512637046,0.75));
#15214 = DIRECTION('',(3.491481338843E-15,0.,-1.));
#15215 = DIRECTION('',(1.,0.,3.491481338843E-15));
#15216 = CYLINDRICAL_SURFACE('',#15217,0.107487362954);
#15217 = AXIS2_PLACEMENT_3D('',#15218,#15219,#15220);
#15218 = CARTESIAN_POINT('',(-0.8,0.767512637046,1.15));
#15219 = DIRECTION('',(3.491481338843E-15,-0.,-1.));
#15220 = DIRECTION('',(-1.,0.,-3.491481338843E-15));
#15221 = ADVANCED_FACE('',(#15222),#15247,.F.);
#15222 = FACE_BOUND('',#15223,.T.);
#15223 = EDGE_LOOP('',(#15224,#15232,#15240,#15246));
#15224 = ORIENTED_EDGE('',*,*,#15225,.T.);
#15225 = EDGE_CURVE('',#15203,#15226,#15228,.T.);
#15226 = VERTEX_POINT('',#15227);
#15227 = CARTESIAN_POINT('',(-0.8,1.025,0.75));
#15228 = LINE('',#15229,#15230);
#15229 = CARTESIAN_POINT('',(-0.8,1.025,0.75));
#15230 = VECTOR('',#15231,1.);
#15231 = DIRECTION('',(0.,1.,0.));
#15232 = ORIENTED_EDGE('',*,*,#15233,.F.);
#15233 = EDGE_CURVE('',#15234,#15226,#15236,.T.);
#15234 = VERTEX_POINT('',#15235);
#15235 = CARTESIAN_POINT('',(-0.8,1.025,1.15));
#15236 = LINE('',#15237,#15238);
#15237 = CARTESIAN_POINT('',(-0.8,1.025,1.15));
#15238 = VECTOR('',#15239,1.);
#15239 = DIRECTION('',(3.491481338843E-15,-0.,-1.));
#15240 = ORIENTED_EDGE('',*,*,#15241,.F.);
#15241 = EDGE_CURVE('',#15194,#15234,#15242,.T.);
#15242 = LINE('',#15243,#15244);
#15243 = CARTESIAN_POINT('',(-0.8,1.025,1.15));
#15244 = VECTOR('',#15245,1.);
#15245 = DIRECTION('',(0.,1.,0.));
#15246 = ORIENTED_EDGE('',*,*,#15202,.T.);
#15247 = PLANE('',#15248);
#15248 = AXIS2_PLACEMENT_3D('',#15249,#15250,#15251);
#15249 = CARTESIAN_POINT('',(-0.8,1.025,1.15));
#15250 = DIRECTION('',(-1.,0.,-3.491481338843E-15));
#15251 = DIRECTION('',(-3.491481338843E-15,0.,1.));
#15252 = ADVANCED_FACE('',(#15253),#15280,.T.);
#15253 = FACE_BOUND('',#15254,.T.);
#15254 = EDGE_LOOP('',(#15255,#15264,#15272,#15279));
#15255 = ORIENTED_EDGE('',*,*,#15256,.T.);
#15256 = EDGE_CURVE('',#15226,#15257,#15259,.T.);
#15257 = VERTEX_POINT('',#15258);
#15258 = CARTESIAN_POINT('',(-1.056637282048,0.788418319139,0.75));
#15259 = CIRCLE('',#15260,0.257487362954);
#15260 = AXIS2_PLACEMENT_3D('',#15261,#15262,#15263);
#15261 = CARTESIAN_POINT('',(-0.8,0.767512637046,0.75));
#15262 = DIRECTION('',(-3.491481338843E-15,0.,1.));
#15263 = DIRECTION('',(1.,0.,3.491481338843E-15));
#15264 = ORIENTED_EDGE('',*,*,#15265,.F.);
#15265 = EDGE_CURVE('',#15266,#15257,#15268,.T.);
#15266 = VERTEX_POINT('',#15267);
#15267 = CARTESIAN_POINT('',(-1.056637282048,0.788418319139,1.15));
#15268 = LINE('',#15269,#15270);
#15269 = CARTESIAN_POINT('',(-1.056637282048,0.788418319139,1.15));
#15270 = VECTOR('',#15271,1.);
#15271 = DIRECTION('',(3.491481338843E-15,-0.,-1.));
#15272 = ORIENTED_EDGE('',*,*,#15273,.F.);
#15273 = EDGE_CURVE('',#15234,#15266,#15274,.T.);
#15274 = CIRCLE('',#15275,0.257487362954);
#15275 = AXIS2_PLACEMENT_3D('',#15276,#15277,#15278);
#15276 = CARTESIAN_POINT('',(-0.8,0.767512637046,1.15));
#15277 = DIRECTION('',(-3.491481338843E-15,0.,1.));
#15278 = DIRECTION('',(1.,0.,3.491481338843E-15));
#15279 = ORIENTED_EDGE('',*,*,#15233,.T.);
#15280 = CYLINDRICAL_SURFACE('',#15281,0.257487362954);
#15281 = AXIS2_PLACEMENT_3D('',#15282,#15283,#15284);
#15282 = CARTESIAN_POINT('',(-0.8,0.767512637046,1.15));
#15283 = DIRECTION('',(3.491481338843E-15,-0.,-1.));
#15284 = DIRECTION('',(-1.,0.,-3.491481338843E-15));
#15285 = ADVANCED_FACE('',(#15286),#15311,.F.);
#15286 = FACE_BOUND('',#15287,.T.);
#15287 = EDGE_LOOP('',(#15288,#15296,#15304,#15310));
#15288 = ORIENTED_EDGE('',*,*,#15289,.T.);
#15289 = EDGE_CURVE('',#15257,#15290,#15292,.T.);
#15290 = VERTEX_POINT('',#15291);
#15291 = CARTESIAN_POINT('',(-1.099504782936,0.262178664918,0.75));
#15292 = LINE('',#15293,#15294);
#15293 = CARTESIAN_POINT('',(-1.056637282048,0.788418319139,0.75));
#15294 = VECTOR('',#15295,1.);
#15295 = DIRECTION('',(-8.119109945247E-02,-0.996698552908,
    -2.834772086185E-16));
#15296 = ORIENTED_EDGE('',*,*,#15297,.F.);
#15297 = EDGE_CURVE('',#15298,#15290,#15300,.T.);
#15298 = VERTEX_POINT('',#15299);
#15299 = CARTESIAN_POINT('',(-1.099504782936,0.262178664918,1.15));
#15300 = LINE('',#15301,#15302);
#15301 = CARTESIAN_POINT('',(-1.099504782936,0.262178664918,1.15));
#15302 = VECTOR('',#15303,1.);
#15303 = DIRECTION('',(3.491481338843E-15,-0.,-1.));
#15304 = ORIENTED_EDGE('',*,*,#15305,.F.);
#15305 = EDGE_CURVE('',#15266,#15298,#15306,.T.);
#15306 = LINE('',#15307,#15308);
#15307 = CARTESIAN_POINT('',(-1.056637282048,0.788418319139,1.15));
#15308 = VECTOR('',#15309,1.);
#15309 = DIRECTION('',(-8.119109945247E-02,-0.996698552908,
    -2.834772086185E-16));
#15310 = ORIENTED_EDGE('',*,*,#15265,.T.);
#15311 = PLANE('',#15312);
#15312 = AXIS2_PLACEMENT_3D('',#15313,#15314,#15315);
#15313 = CARTESIAN_POINT('',(-1.056637282048,0.788418319139,1.15));
#15314 = DIRECTION('',(0.996698552908,-8.119109945247E-02,
    3.479954397932E-15));
#15315 = DIRECTION('',(8.119109945247E-02,0.996698552908,
    2.834772086185E-16));
#15316 = ADVANCED_FACE('',(#15317),#15344,.F.);
#15317 = FACE_BOUND('',#15318,.F.);
#15318 = EDGE_LOOP('',(#15319,#15320,#15329,#15337));
#15319 = ORIENTED_EDGE('',*,*,#15297,.F.);
#15320 = ORIENTED_EDGE('',*,*,#15321,.T.);
#15321 = EDGE_CURVE('',#15298,#15322,#15324,.T.);
#15322 = VERTEX_POINT('',#15323);
#15323 = CARTESIAN_POINT('',(-1.199139342637,0.163680152953,1.15));
#15324 = CIRCLE('',#15325,0.107487362954);
#15325 = AXIS2_PLACEMENT_3D('',#15326,#15327,#15328);
#15326 = CARTESIAN_POINT('',(-1.206637282048,0.270905682093,1.15));
#15327 = DIRECTION('',(3.491481338843E-15,0.,-1.));
#15328 = DIRECTION('',(-1.,0.,-3.491481338843E-15));
#15329 = ORIENTED_EDGE('',*,*,#15330,.T.);
#15330 = EDGE_CURVE('',#15322,#15331,#15333,.T.);
#15331 = VERTEX_POINT('',#15332);
#15332 = CARTESIAN_POINT('',(-1.199139342637,0.163680152953,0.75));
#15333 = LINE('',#15334,#15335);
#15334 = CARTESIAN_POINT('',(-1.199139342637,0.163680152953,1.15));
#15335 = VECTOR('',#15336,1.);
#15336 = DIRECTION('',(3.491481338843E-15,-0.,-1.));
#15337 = ORIENTED_EDGE('',*,*,#15338,.F.);
#15338 = EDGE_CURVE('',#15290,#15331,#15339,.T.);
#15339 = CIRCLE('',#15340,0.107487362954);
#15340 = AXIS2_PLACEMENT_3D('',#15341,#15342,#15343);
#15341 = CARTESIAN_POINT('',(-1.206637282048,0.270905682093,0.75));
#15342 = DIRECTION('',(3.491481338843E-15,0.,-1.));
#15343 = DIRECTION('',(-1.,0.,-3.491481338843E-15));
#15344 = CYLINDRICAL_SURFACE('',#15345,0.107487362954);
#15345 = AXIS2_PLACEMENT_3D('',#15346,#15347,#15348);
#15346 = CARTESIAN_POINT('',(-1.206637282048,0.270905682093,1.15));
#15347 = DIRECTION('',(3.491481338843E-15,-0.,-1.));
#15348 = DIRECTION('',(-1.,0.,-3.491481338843E-15));
#15349 = ADVANCED_FACE('',(#15350),#15375,.F.);
#15350 = FACE_BOUND('',#15351,.T.);
#15351 = EDGE_LOOP('',(#15352,#15360,#15368,#15374));
#15352 = ORIENTED_EDGE('',*,*,#15353,.T.);
#15353 = EDGE_CURVE('',#15331,#15354,#15356,.T.);
#15354 = VERTEX_POINT('',#15355);
#15355 = CARTESIAN_POINT('',(-1.4,0.149634607539,0.75));
#15356 = LINE('',#15357,#15358);
#15357 = CARTESIAN_POINT('',(-1.199139342637,0.163680152953,0.75));
#15358 = VECTOR('',#15359,1.);
#15359 = DIRECTION('',(-0.99756405026,-6.975647374412E-02,
    -3.482976265783E-15));
#15360 = ORIENTED_EDGE('',*,*,#15361,.F.);
#15361 = EDGE_CURVE('',#15362,#15354,#15364,.T.);
#15362 = VERTEX_POINT('',#15363);
#15363 = CARTESIAN_POINT('',(-1.4,0.149634607539,1.15));
#15364 = LINE('',#15365,#15366);
#15365 = CARTESIAN_POINT('',(-1.4,0.149634607539,1.15));
#15366 = VECTOR('',#15367,1.);
#15367 = DIRECTION('',(3.491481338843E-15,-0.,-1.));
#15368 = ORIENTED_EDGE('',*,*,#15369,.F.);
#15369 = EDGE_CURVE('',#15322,#15362,#15370,.T.);
#15370 = LINE('',#15371,#15372);
#15371 = CARTESIAN_POINT('',(-1.199139342637,0.163680152953,1.15));
#15372 = VECTOR('',#15373,1.);
#15373 = DIRECTION('',(-0.99756405026,-6.975647374412E-02,
    -3.482976265783E-15));
#15374 = ORIENTED_EDGE('',*,*,#15330,.T.);
#15375 = PLANE('',#15376);
#15376 = AXIS2_PLACEMENT_3D('',#15377,#15378,#15379);
#15377 = CARTESIAN_POINT('',(-1.199139342637,0.163680152953,1.15));
#15378 = DIRECTION('',(6.975647374412E-02,-0.99756405026,
    2.435534263411E-16));
#15379 = DIRECTION('',(0.99756405026,6.975647374412E-02,
    3.482976265783E-15));
#15380 = ADVANCED_FACE('',(#15381),#15406,.F.);
#15381 = FACE_BOUND('',#15382,.T.);
#15382 = EDGE_LOOP('',(#15383,#15391,#15399,#15405));
#15383 = ORIENTED_EDGE('',*,*,#15384,.T.);
#15384 = EDGE_CURVE('',#15354,#15385,#15387,.T.);
#15385 = VERTEX_POINT('',#15386);
#15386 = CARTESIAN_POINT('',(-1.389536528938,0.,0.75));
#15387 = LINE('',#15388,#15389);
#15388 = CARTESIAN_POINT('',(-1.4,0.149634607539,0.75));
#15389 = VECTOR('',#15390,1.);
#15390 = DIRECTION('',(6.975647374412E-02,-0.99756405026,
    2.435534263411E-16));
#15391 = ORIENTED_EDGE('',*,*,#15392,.F.);
#15392 = EDGE_CURVE('',#15393,#15385,#15395,.T.);
#15393 = VERTEX_POINT('',#15394);
#15394 = CARTESIAN_POINT('',(-1.389536528938,0.,1.15));
#15395 = LINE('',#15396,#15397);
#15396 = CARTESIAN_POINT('',(-1.389536528938,0.,1.15));
#15397 = VECTOR('',#15398,1.);
#15398 = DIRECTION('',(3.491481338843E-15,-0.,-1.));
#15399 = ORIENTED_EDGE('',*,*,#15400,.F.);
#15400 = EDGE_CURVE('',#15362,#15393,#15401,.T.);
#15401 = LINE('',#15402,#15403);
#15402 = CARTESIAN_POINT('',(-1.4,0.149634607539,1.15));
#15403 = VECTOR('',#15404,1.);
#15404 = DIRECTION('',(6.975647374412E-02,-0.99756405026,
    2.435534263411E-16));
#15405 = ORIENTED_EDGE('',*,*,#15361,.T.);
#15406 = PLANE('',#15407);
#15407 = AXIS2_PLACEMENT_3D('',#15408,#15409,#15410);
#15408 = CARTESIAN_POINT('',(-1.4,0.149634607539,1.15));
#15409 = DIRECTION('',(0.99756405026,6.975647374412E-02,
    3.482976265783E-15));
#15410 = DIRECTION('',(-6.975647374412E-02,0.99756405026,
    -2.435534263411E-16));
#15411 = ADVANCED_FACE('',(#15412),#15437,.F.);
#15412 = FACE_BOUND('',#15413,.T.);
#15413 = EDGE_LOOP('',(#15414,#15422,#15430,#15436));
#15414 = ORIENTED_EDGE('',*,*,#15415,.T.);
#15415 = EDGE_CURVE('',#15385,#15416,#15418,.T.);
#15416 = VERTEX_POINT('',#15417);
#15417 = CARTESIAN_POINT('',(-1.188675871575,1.404554541429E-02,0.75));
#15418 = LINE('',#15419,#15420);
#15419 = CARTESIAN_POINT('',(-1.188675871575,1.404554541429E-02,0.75));
#15420 = VECTOR('',#15421,1.);
#15421 = DIRECTION('',(0.99756405026,6.975647374412E-02,
    3.482976265783E-15));
#15422 = ORIENTED_EDGE('',*,*,#15423,.F.);
#15423 = EDGE_CURVE('',#15424,#15416,#15426,.T.);
#15424 = VERTEX_POINT('',#15425);
#15425 = CARTESIAN_POINT('',(-1.188675871575,1.404554541429E-02,1.15));
#15426 = LINE('',#15427,#15428);
#15427 = CARTESIAN_POINT('',(-1.188675871575,1.404554541429E-02,1.15));
#15428 = VECTOR('',#15429,1.);
#15429 = DIRECTION('',(3.491481338843E-15,-0.,-1.));
#15430 = ORIENTED_EDGE('',*,*,#15431,.F.);
#15431 = EDGE_CURVE('',#15393,#15424,#15432,.T.);
#15432 = LINE('',#15433,#15434);
#15433 = CARTESIAN_POINT('',(-1.188675871575,1.404554541429E-02,1.15));
#15434 = VECTOR('',#15435,1.);
#15435 = DIRECTION('',(0.99756405026,6.975647374412E-02,
    3.482976265783E-15));
#15436 = ORIENTED_EDGE('',*,*,#15392,.T.);
#15437 = PLANE('',#15438);
#15438 = AXIS2_PLACEMENT_3D('',#15439,#15440,#15441);
#15439 = CARTESIAN_POINT('',(-1.188675871575,1.404554541429E-02,1.15));
#15440 = DIRECTION('',(-6.975647374412E-02,0.99756405026,
    -2.435534263411E-16));
#15441 = DIRECTION('',(-0.99756405026,-6.975647374412E-02,
    -3.482976265783E-15));
#15442 = ADVANCED_FACE('',(#15443),#15470,.T.);
#15443 = FACE_BOUND('',#15444,.T.);
#15444 = EDGE_LOOP('',(#15445,#15454,#15462,#15469));
#15445 = ORIENTED_EDGE('',*,*,#15446,.T.);
#15446 = EDGE_CURVE('',#15416,#15447,#15449,.T.);
#15447 = VERTEX_POINT('',#15448);
#15448 = CARTESIAN_POINT('',(-0.95,0.25,0.75));
#15449 = CIRCLE('',#15450,0.257487362954);
#15450 = AXIS2_PLACEMENT_3D('',#15451,#15452,#15453);
#15451 = CARTESIAN_POINT('',(-1.206637282048,0.270905682093,0.75));
#15452 = DIRECTION('',(-3.491481338843E-15,0.,1.));
#15453 = DIRECTION('',(-1.,0.,-3.491481338843E-15));
#15454 = ORIENTED_EDGE('',*,*,#15455,.F.);
#15455 = EDGE_CURVE('',#15456,#15447,#15458,.T.);
#15456 = VERTEX_POINT('',#15457);
#15457 = CARTESIAN_POINT('',(-0.95,0.25,1.15));
#15458 = LINE('',#15459,#15460);
#15459 = CARTESIAN_POINT('',(-0.95,0.25,1.15));
#15460 = VECTOR('',#15461,1.);
#15461 = DIRECTION('',(3.491481338843E-15,-0.,-1.));
#15462 = ORIENTED_EDGE('',*,*,#15463,.F.);
#15463 = EDGE_CURVE('',#15424,#15456,#15464,.T.);
#15464 = CIRCLE('',#15465,0.257487362954);
#15465 = AXIS2_PLACEMENT_3D('',#15466,#15467,#15468);
#15466 = CARTESIAN_POINT('',(-1.206637282048,0.270905682093,1.15));
#15467 = DIRECTION('',(-3.491481338843E-15,0.,1.));
#15468 = DIRECTION('',(-1.,0.,-3.491481338843E-15));
#15469 = ORIENTED_EDGE('',*,*,#15423,.T.);
#15470 = CYLINDRICAL_SURFACE('',#15471,0.257487362954);
#15471 = AXIS2_PLACEMENT_3D('',#15472,#15473,#15474);
#15472 = CARTESIAN_POINT('',(-1.206637282048,0.270905682093,1.15));
#15473 = DIRECTION('',(3.491481338843E-15,-0.,-1.));
#15474 = DIRECTION('',(-1.,0.,-3.491481338843E-15));
#15475 = ADVANCED_FACE('',(#15476),#15492,.F.);
#15476 = FACE_BOUND('',#15477,.T.);
#15477 = EDGE_LOOP('',(#15478,#15484,#15485,#15491));
#15478 = ORIENTED_EDGE('',*,*,#15479,.T.);
#15479 = EDGE_CURVE('',#15447,#15186,#15480,.T.);
#15480 = LINE('',#15481,#15482);
#15481 = CARTESIAN_POINT('',(-0.907132499112,0.776239654222,0.75));
#15482 = VECTOR('',#15483,1.);
#15483 = DIRECTION('',(8.119109945247E-02,0.996698552908,
    2.834772086185E-16));
#15484 = ORIENTED_EDGE('',*,*,#15183,.F.);
#15485 = ORIENTED_EDGE('',*,*,#15486,.F.);
#15486 = EDGE_CURVE('',#15456,#15184,#15487,.T.);
#15487 = LINE('',#15488,#15489);
#15488 = CARTESIAN_POINT('',(-0.907132499112,0.776239654222,1.15));
#15489 = VECTOR('',#15490,1.);
#15490 = DIRECTION('',(8.119109945247E-02,0.996698552908,
    2.834772086185E-16));
#15491 = ORIENTED_EDGE('',*,*,#15455,.T.);
#15492 = PLANE('',#15493);
#15493 = AXIS2_PLACEMENT_3D('',#15494,#15495,#15496);
#15494 = CARTESIAN_POINT('',(-0.907132499112,0.776239654222,1.15));
#15495 = DIRECTION('',(-0.996698552908,8.119109945247E-02,
    -3.479954397932E-15));
#15496 = DIRECTION('',(-8.119109945247E-02,-0.996698552908,
    -2.834772086185E-16));
#15497 = ADVANCED_FACE('',(#15498),#15510,.T.);
#15498 = FACE_BOUND('',#15499,.T.);
#15499 = EDGE_LOOP('',(#15500,#15501,#15502,#15503,#15504,#15505,#15506,
    #15507,#15508,#15509));
#15500 = ORIENTED_EDGE('',*,*,#15193,.T.);
#15501 = ORIENTED_EDGE('',*,*,#15241,.T.);
#15502 = ORIENTED_EDGE('',*,*,#15273,.T.);
#15503 = ORIENTED_EDGE('',*,*,#15305,.T.);
#15504 = ORIENTED_EDGE('',*,*,#15321,.T.);
#15505 = ORIENTED_EDGE('',*,*,#15369,.T.);
#15506 = ORIENTED_EDGE('',*,*,#15400,.T.);
#15507 = ORIENTED_EDGE('',*,*,#15431,.T.);
#15508 = ORIENTED_EDGE('',*,*,#15463,.T.);
#15509 = ORIENTED_EDGE('',*,*,#15486,.T.);
#15510 = PLANE('',#15511);
#15511 = AXIS2_PLACEMENT_3D('',#15512,#15513,#15514);
#15512 = CARTESIAN_POINT('',(-0.8,0.767512637046,1.15));
#15513 = DIRECTION('',(-3.491481338843E-15,0.,1.));
#15514 = DIRECTION('',(1.,0.,3.491481338843E-15));
#15515 = ADVANCED_FACE('',(#15516),#15528,.F.);
#15516 = FACE_BOUND('',#15517,.T.);
#15517 = EDGE_LOOP('',(#15518,#15519,#15520,#15521,#15522,#15523,#15524,
    #15525,#15526,#15527));
#15518 = ORIENTED_EDGE('',*,*,#15210,.F.);
#15519 = ORIENTED_EDGE('',*,*,#15479,.F.);
#15520 = ORIENTED_EDGE('',*,*,#15446,.F.);
#15521 = ORIENTED_EDGE('',*,*,#15415,.F.);
#15522 = ORIENTED_EDGE('',*,*,#15384,.F.);
#15523 = ORIENTED_EDGE('',*,*,#15353,.F.);
#15524 = ORIENTED_EDGE('',*,*,#15338,.F.);
#15525 = ORIENTED_EDGE('',*,*,#15289,.F.);
#15526 = ORIENTED_EDGE('',*,*,#15256,.F.);
#15527 = ORIENTED_EDGE('',*,*,#15225,.F.);
#15528 = PLANE('',#15529);
#15529 = AXIS2_PLACEMENT_3D('',#15530,#15531,#15532);
#15530 = CARTESIAN_POINT('',(-0.8,0.767512637046,0.75));
#15531 = DIRECTION('',(-3.491481338843E-15,0.,1.));
#15532 = DIRECTION('',(1.,0.,3.491481338843E-15));
#15533 = MANIFOLD_SOLID_BREP('',#15534);
#15534 = CLOSED_SHELL('',(#15535,#15577,#15608,#15641,#15672,#15705,
    #15736,#15767,#15798,#15831,#15853,#15871));
#15535 = ADVANCED_FACE('',(#15536),#15572,.F.);
#15536 = FACE_BOUND('',#15537,.F.);
#15537 = EDGE_LOOP('',(#15538,#15548,#15557,#15565));
#15538 = ORIENTED_EDGE('',*,*,#15539,.F.);
#15539 = EDGE_CURVE('',#15540,#15542,#15544,.T.);
#15540 = VERTEX_POINT('',#15541);
#15541 = CARTESIAN_POINT('',(-0.907132499112,0.776239654222,0.2));
#15542 = VERTEX_POINT('',#15543);
#15543 = CARTESIAN_POINT('',(-0.907132499112,0.776239654222,-0.2));
#15544 = LINE('',#15545,#15546);
#15545 = CARTESIAN_POINT('',(-0.907132499112,0.776239654222,0.2));
#15546 = VECTOR('',#15547,1.);
#15547 = DIRECTION('',(3.491481338843E-15,-0.,-1.));
#15548 = ORIENTED_EDGE('',*,*,#15549,.T.);
#15549 = EDGE_CURVE('',#15540,#15550,#15552,.T.);
#15550 = VERTEX_POINT('',#15551);
#15551 = CARTESIAN_POINT('',(-0.8,0.875,0.2));
#15552 = CIRCLE('',#15553,0.107487362954);
#15553 = AXIS2_PLACEMENT_3D('',#15554,#15555,#15556);
#15554 = CARTESIAN_POINT('',(-0.8,0.767512637046,0.2));
#15555 = DIRECTION('',(3.491481338843E-15,0.,-1.));
#15556 = DIRECTION('',(1.,0.,3.491481338843E-15));
#15557 = ORIENTED_EDGE('',*,*,#15558,.T.);
#15558 = EDGE_CURVE('',#15550,#15559,#15561,.T.);
#15559 = VERTEX_POINT('',#15560);
#15560 = CARTESIAN_POINT('',(-0.8,0.875,-0.2));
#15561 = LINE('',#15562,#15563);
#15562 = CARTESIAN_POINT('',(-0.8,0.875,0.2));
#15563 = VECTOR('',#15564,1.);
#15564 = DIRECTION('',(3.491481338843E-15,-0.,-1.));
#15565 = ORIENTED_EDGE('',*,*,#15566,.F.);
#15566 = EDGE_CURVE('',#15542,#15559,#15567,.T.);
#15567 = CIRCLE('',#15568,0.107487362954);
#15568 = AXIS2_PLACEMENT_3D('',#15569,#15570,#15571);
#15569 = CARTESIAN_POINT('',(-0.8,0.767512637046,-0.2));
#15570 = DIRECTION('',(3.491481338843E-15,0.,-1.));
#15571 = DIRECTION('',(1.,0.,3.491481338843E-15));
#15572 = CYLINDRICAL_SURFACE('',#15573,0.107487362954);
#15573 = AXIS2_PLACEMENT_3D('',#15574,#15575,#15576);
#15574 = CARTESIAN_POINT('',(-0.8,0.767512637046,0.2));
#15575 = DIRECTION('',(3.491481338843E-15,-0.,-1.));
#15576 = DIRECTION('',(-1.,0.,-3.491481338843E-15));
#15577 = ADVANCED_FACE('',(#15578),#15603,.F.);
#15578 = FACE_BOUND('',#15579,.T.);
#15579 = EDGE_LOOP('',(#15580,#15588,#15596,#15602));
#15580 = ORIENTED_EDGE('',*,*,#15581,.T.);
#15581 = EDGE_CURVE('',#15559,#15582,#15584,.T.);
#15582 = VERTEX_POINT('',#15583);
#15583 = CARTESIAN_POINT('',(-0.8,1.025,-0.2));
#15584 = LINE('',#15585,#15586);
#15585 = CARTESIAN_POINT('',(-0.8,1.025,-0.2));
#15586 = VECTOR('',#15587,1.);
#15587 = DIRECTION('',(0.,1.,0.));
#15588 = ORIENTED_EDGE('',*,*,#15589,.F.);
#15589 = EDGE_CURVE('',#15590,#15582,#15592,.T.);
#15590 = VERTEX_POINT('',#15591);
#15591 = CARTESIAN_POINT('',(-0.8,1.025,0.2));
#15592 = LINE('',#15593,#15594);
#15593 = CARTESIAN_POINT('',(-0.8,1.025,0.2));
#15594 = VECTOR('',#15595,1.);
#15595 = DIRECTION('',(3.491481338843E-15,-0.,-1.));
#15596 = ORIENTED_EDGE('',*,*,#15597,.F.);
#15597 = EDGE_CURVE('',#15550,#15590,#15598,.T.);
#15598 = LINE('',#15599,#15600);
#15599 = CARTESIAN_POINT('',(-0.8,1.025,0.2));
#15600 = VECTOR('',#15601,1.);
#15601 = DIRECTION('',(0.,1.,0.));
#15602 = ORIENTED_EDGE('',*,*,#15558,.T.);
#15603 = PLANE('',#15604);
#15604 = AXIS2_PLACEMENT_3D('',#15605,#15606,#15607);
#15605 = CARTESIAN_POINT('',(-0.8,1.025,0.2));
#15606 = DIRECTION('',(-1.,0.,-3.491481338843E-15));
#15607 = DIRECTION('',(-3.491481338843E-15,0.,1.));
#15608 = ADVANCED_FACE('',(#15609),#15636,.T.);
#15609 = FACE_BOUND('',#15610,.T.);
#15610 = EDGE_LOOP('',(#15611,#15620,#15628,#15635));
#15611 = ORIENTED_EDGE('',*,*,#15612,.T.);
#15612 = EDGE_CURVE('',#15582,#15613,#15615,.T.);
#15613 = VERTEX_POINT('',#15614);
#15614 = CARTESIAN_POINT('',(-1.056637282048,0.788418319139,-0.2));
#15615 = CIRCLE('',#15616,0.257487362954);
#15616 = AXIS2_PLACEMENT_3D('',#15617,#15618,#15619);
#15617 = CARTESIAN_POINT('',(-0.8,0.767512637046,-0.2));
#15618 = DIRECTION('',(-3.491481338843E-15,0.,1.));
#15619 = DIRECTION('',(1.,0.,3.491481338843E-15));
#15620 = ORIENTED_EDGE('',*,*,#15621,.F.);
#15621 = EDGE_CURVE('',#15622,#15613,#15624,.T.);
#15622 = VERTEX_POINT('',#15623);
#15623 = CARTESIAN_POINT('',(-1.056637282048,0.788418319139,0.2));
#15624 = LINE('',#15625,#15626);
#15625 = CARTESIAN_POINT('',(-1.056637282048,0.788418319139,0.2));
#15626 = VECTOR('',#15627,1.);
#15627 = DIRECTION('',(3.491481338843E-15,-0.,-1.));
#15628 = ORIENTED_EDGE('',*,*,#15629,.F.);
#15629 = EDGE_CURVE('',#15590,#15622,#15630,.T.);
#15630 = CIRCLE('',#15631,0.257487362954);
#15631 = AXIS2_PLACEMENT_3D('',#15632,#15633,#15634);
#15632 = CARTESIAN_POINT('',(-0.8,0.767512637046,0.2));
#15633 = DIRECTION('',(-3.491481338843E-15,0.,1.));
#15634 = DIRECTION('',(1.,0.,3.491481338843E-15));
#15635 = ORIENTED_EDGE('',*,*,#15589,.T.);
#15636 = CYLINDRICAL_SURFACE('',#15637,0.257487362954);
#15637 = AXIS2_PLACEMENT_3D('',#15638,#15639,#15640);
#15638 = CARTESIAN_POINT('',(-0.8,0.767512637046,0.2));
#15639 = DIRECTION('',(3.491481338843E-15,-0.,-1.));
#15640 = DIRECTION('',(-1.,0.,-3.491481338843E-15));
#15641 = ADVANCED_FACE('',(#15642),#15667,.F.);
#15642 = FACE_BOUND('',#15643,.T.);
#15643 = EDGE_LOOP('',(#15644,#15652,#15660,#15666));
#15644 = ORIENTED_EDGE('',*,*,#15645,.T.);
#15645 = EDGE_CURVE('',#15613,#15646,#15648,.T.);
#15646 = VERTEX_POINT('',#15647);
#15647 = CARTESIAN_POINT('',(-1.099504782936,0.262178664918,-0.2));
#15648 = LINE('',#15649,#15650);
#15649 = CARTESIAN_POINT('',(-1.056637282048,0.788418319139,-0.2));
#15650 = VECTOR('',#15651,1.);
#15651 = DIRECTION('',(-8.119109945247E-02,-0.996698552908,
    -2.834772086185E-16));
#15652 = ORIENTED_EDGE('',*,*,#15653,.F.);
#15653 = EDGE_CURVE('',#15654,#15646,#15656,.T.);
#15654 = VERTEX_POINT('',#15655);
#15655 = CARTESIAN_POINT('',(-1.099504782936,0.262178664918,0.2));
#15656 = LINE('',#15657,#15658);
#15657 = CARTESIAN_POINT('',(-1.099504782936,0.262178664918,0.2));
#15658 = VECTOR('',#15659,1.);
#15659 = DIRECTION('',(3.491481338843E-15,-0.,-1.));
#15660 = ORIENTED_EDGE('',*,*,#15661,.F.);
#15661 = EDGE_CURVE('',#15622,#15654,#15662,.T.);
#15662 = LINE('',#15663,#15664);
#15663 = CARTESIAN_POINT('',(-1.056637282048,0.788418319139,0.2));
#15664 = VECTOR('',#15665,1.);
#15665 = DIRECTION('',(-8.119109945247E-02,-0.996698552908,
    -2.834772086185E-16));
#15666 = ORIENTED_EDGE('',*,*,#15621,.T.);
#15667 = PLANE('',#15668);
#15668 = AXIS2_PLACEMENT_3D('',#15669,#15670,#15671);
#15669 = CARTESIAN_POINT('',(-1.056637282048,0.788418319139,0.2));
#15670 = DIRECTION('',(0.996698552908,-8.119109945247E-02,
    3.479954397932E-15));
#15671 = DIRECTION('',(8.119109945247E-02,0.996698552908,
    2.834772086185E-16));
#15672 = ADVANCED_FACE('',(#15673),#15700,.F.);
#15673 = FACE_BOUND('',#15674,.F.);
#15674 = EDGE_LOOP('',(#15675,#15676,#15685,#15693));
#15675 = ORIENTED_EDGE('',*,*,#15653,.F.);
#15676 = ORIENTED_EDGE('',*,*,#15677,.T.);
#15677 = EDGE_CURVE('',#15654,#15678,#15680,.T.);
#15678 = VERTEX_POINT('',#15679);
#15679 = CARTESIAN_POINT('',(-1.199139342637,0.163680152953,0.2));
#15680 = CIRCLE('',#15681,0.107487362954);
#15681 = AXIS2_PLACEMENT_3D('',#15682,#15683,#15684);
#15682 = CARTESIAN_POINT('',(-1.206637282048,0.270905682093,0.2));
#15683 = DIRECTION('',(3.491481338843E-15,0.,-1.));
#15684 = DIRECTION('',(-1.,0.,-3.491481338843E-15));
#15685 = ORIENTED_EDGE('',*,*,#15686,.T.);
#15686 = EDGE_CURVE('',#15678,#15687,#15689,.T.);
#15687 = VERTEX_POINT('',#15688);
#15688 = CARTESIAN_POINT('',(-1.199139342637,0.163680152953,-0.2));
#15689 = LINE('',#15690,#15691);
#15690 = CARTESIAN_POINT('',(-1.199139342637,0.163680152953,0.2));
#15691 = VECTOR('',#15692,1.);
#15692 = DIRECTION('',(3.491481338843E-15,-0.,-1.));
#15693 = ORIENTED_EDGE('',*,*,#15694,.F.);
#15694 = EDGE_CURVE('',#15646,#15687,#15695,.T.);
#15695 = CIRCLE('',#15696,0.107487362954);
#15696 = AXIS2_PLACEMENT_3D('',#15697,#15698,#15699);
#15697 = CARTESIAN_POINT('',(-1.206637282048,0.270905682093,-0.2));
#15698 = DIRECTION('',(3.491481338843E-15,0.,-1.));
#15699 = DIRECTION('',(-1.,0.,-3.491481338843E-15));
#15700 = CYLINDRICAL_SURFACE('',#15701,0.107487362954);
#15701 = AXIS2_PLACEMENT_3D('',#15702,#15703,#15704);
#15702 = CARTESIAN_POINT('',(-1.206637282048,0.270905682093,0.2));
#15703 = DIRECTION('',(3.491481338843E-15,-0.,-1.));
#15704 = DIRECTION('',(-1.,0.,-3.491481338843E-15));
#15705 = ADVANCED_FACE('',(#15706),#15731,.F.);
#15706 = FACE_BOUND('',#15707,.T.);
#15707 = EDGE_LOOP('',(#15708,#15716,#15724,#15730));
#15708 = ORIENTED_EDGE('',*,*,#15709,.T.);
#15709 = EDGE_CURVE('',#15687,#15710,#15712,.T.);
#15710 = VERTEX_POINT('',#15711);
#15711 = CARTESIAN_POINT('',(-1.4,0.149634607539,-0.2));
#15712 = LINE('',#15713,#15714);
#15713 = CARTESIAN_POINT('',(-1.199139342637,0.163680152953,-0.2));
#15714 = VECTOR('',#15715,1.);
#15715 = DIRECTION('',(-0.99756405026,-6.975647374412E-02,
    -3.482976265783E-15));
#15716 = ORIENTED_EDGE('',*,*,#15717,.F.);
#15717 = EDGE_CURVE('',#15718,#15710,#15720,.T.);
#15718 = VERTEX_POINT('',#15719);
#15719 = CARTESIAN_POINT('',(-1.4,0.149634607539,0.2));
#15720 = LINE('',#15721,#15722);
#15721 = CARTESIAN_POINT('',(-1.4,0.149634607539,0.2));
#15722 = VECTOR('',#15723,1.);
#15723 = DIRECTION('',(3.491481338843E-15,-0.,-1.));
#15724 = ORIENTED_EDGE('',*,*,#15725,.F.);
#15725 = EDGE_CURVE('',#15678,#15718,#15726,.T.);
#15726 = LINE('',#15727,#15728);
#15727 = CARTESIAN_POINT('',(-1.199139342637,0.163680152953,0.2));
#15728 = VECTOR('',#15729,1.);
#15729 = DIRECTION('',(-0.99756405026,-6.975647374412E-02,
    -3.482976265783E-15));
#15730 = ORIENTED_EDGE('',*,*,#15686,.T.);
#15731 = PLANE('',#15732);
#15732 = AXIS2_PLACEMENT_3D('',#15733,#15734,#15735);
#15733 = CARTESIAN_POINT('',(-1.199139342637,0.163680152953,0.2));
#15734 = DIRECTION('',(6.975647374412E-02,-0.99756405026,
    2.435534263411E-16));
#15735 = DIRECTION('',(0.99756405026,6.975647374412E-02,
    3.482976265783E-15));
#15736 = ADVANCED_FACE('',(#15737),#15762,.F.);
#15737 = FACE_BOUND('',#15738,.T.);
#15738 = EDGE_LOOP('',(#15739,#15747,#15755,#15761));
#15739 = ORIENTED_EDGE('',*,*,#15740,.T.);
#15740 = EDGE_CURVE('',#15710,#15741,#15743,.T.);
#15741 = VERTEX_POINT('',#15742);
#15742 = CARTESIAN_POINT('',(-1.389536528938,0.,-0.2));
#15743 = LINE('',#15744,#15745);
#15744 = CARTESIAN_POINT('',(-1.4,0.149634607539,-0.2));
#15745 = VECTOR('',#15746,1.);
#15746 = DIRECTION('',(6.975647374412E-02,-0.99756405026,
    2.435534263411E-16));
#15747 = ORIENTED_EDGE('',*,*,#15748,.F.);
#15748 = EDGE_CURVE('',#15749,#15741,#15751,.T.);
#15749 = VERTEX_POINT('',#15750);
#15750 = CARTESIAN_POINT('',(-1.389536528938,0.,0.2));
#15751 = LINE('',#15752,#15753);
#15752 = CARTESIAN_POINT('',(-1.389536528938,0.,0.2));
#15753 = VECTOR('',#15754,1.);
#15754 = DIRECTION('',(3.491481338843E-15,-0.,-1.));
#15755 = ORIENTED_EDGE('',*,*,#15756,.F.);
#15756 = EDGE_CURVE('',#15718,#15749,#15757,.T.);
#15757 = LINE('',#15758,#15759);
#15758 = CARTESIAN_POINT('',(-1.4,0.149634607539,0.2));
#15759 = VECTOR('',#15760,1.);
#15760 = DIRECTION('',(6.975647374412E-02,-0.99756405026,
    2.435534263411E-16));
#15761 = ORIENTED_EDGE('',*,*,#15717,.T.);
#15762 = PLANE('',#15763);
#15763 = AXIS2_PLACEMENT_3D('',#15764,#15765,#15766);
#15764 = CARTESIAN_POINT('',(-1.4,0.149634607539,0.2));
#15765 = DIRECTION('',(0.99756405026,6.975647374412E-02,
    3.482976265783E-15));
#15766 = DIRECTION('',(-6.975647374412E-02,0.99756405026,
    -2.435534263411E-16));
#15767 = ADVANCED_FACE('',(#15768),#15793,.F.);
#15768 = FACE_BOUND('',#15769,.T.);
#15769 = EDGE_LOOP('',(#15770,#15778,#15786,#15792));
#15770 = ORIENTED_EDGE('',*,*,#15771,.T.);
#15771 = EDGE_CURVE('',#15741,#15772,#15774,.T.);
#15772 = VERTEX_POINT('',#15773);
#15773 = CARTESIAN_POINT('',(-1.188675871575,1.404554541429E-02,-0.2));
#15774 = LINE('',#15775,#15776);
#15775 = CARTESIAN_POINT('',(-1.188675871575,1.404554541429E-02,-0.2));
#15776 = VECTOR('',#15777,1.);
#15777 = DIRECTION('',(0.99756405026,6.975647374412E-02,
    3.482976265783E-15));
#15778 = ORIENTED_EDGE('',*,*,#15779,.F.);
#15779 = EDGE_CURVE('',#15780,#15772,#15782,.T.);
#15780 = VERTEX_POINT('',#15781);
#15781 = CARTESIAN_POINT('',(-1.188675871575,1.404554541429E-02,0.2));
#15782 = LINE('',#15783,#15784);
#15783 = CARTESIAN_POINT('',(-1.188675871575,1.404554541429E-02,0.2));
#15784 = VECTOR('',#15785,1.);
#15785 = DIRECTION('',(3.491481338843E-15,-0.,-1.));
#15786 = ORIENTED_EDGE('',*,*,#15787,.F.);
#15787 = EDGE_CURVE('',#15749,#15780,#15788,.T.);
#15788 = LINE('',#15789,#15790);
#15789 = CARTESIAN_POINT('',(-1.188675871575,1.404554541429E-02,0.2));
#15790 = VECTOR('',#15791,1.);
#15791 = DIRECTION('',(0.99756405026,6.975647374412E-02,
    3.482976265783E-15));
#15792 = ORIENTED_EDGE('',*,*,#15748,.T.);
#15793 = PLANE('',#15794);
#15794 = AXIS2_PLACEMENT_3D('',#15795,#15796,#15797);
#15795 = CARTESIAN_POINT('',(-1.188675871575,1.404554541429E-02,0.2));
#15796 = DIRECTION('',(-6.975647374412E-02,0.99756405026,
    -2.435534263411E-16));
#15797 = DIRECTION('',(-0.99756405026,-6.975647374412E-02,
    -3.482976265783E-15));
#15798 = ADVANCED_FACE('',(#15799),#15826,.T.);
#15799 = FACE_BOUND('',#15800,.T.);
#15800 = EDGE_LOOP('',(#15801,#15810,#15818,#15825));
#15801 = ORIENTED_EDGE('',*,*,#15802,.T.);
#15802 = EDGE_CURVE('',#15772,#15803,#15805,.T.);
#15803 = VERTEX_POINT('',#15804);
#15804 = CARTESIAN_POINT('',(-0.95,0.25,-0.2));
#15805 = CIRCLE('',#15806,0.257487362954);
#15806 = AXIS2_PLACEMENT_3D('',#15807,#15808,#15809);
#15807 = CARTESIAN_POINT('',(-1.206637282048,0.270905682093,-0.2));
#15808 = DIRECTION('',(-3.491481338843E-15,0.,1.));
#15809 = DIRECTION('',(-1.,0.,-3.491481338843E-15));
#15810 = ORIENTED_EDGE('',*,*,#15811,.F.);
#15811 = EDGE_CURVE('',#15812,#15803,#15814,.T.);
#15812 = VERTEX_POINT('',#15813);
#15813 = CARTESIAN_POINT('',(-0.95,0.25,0.2));
#15814 = LINE('',#15815,#15816);
#15815 = CARTESIAN_POINT('',(-0.95,0.25,0.2));
#15816 = VECTOR('',#15817,1.);
#15817 = DIRECTION('',(3.491481338843E-15,-0.,-1.));
#15818 = ORIENTED_EDGE('',*,*,#15819,.F.);
#15819 = EDGE_CURVE('',#15780,#15812,#15820,.T.);
#15820 = CIRCLE('',#15821,0.257487362954);
#15821 = AXIS2_PLACEMENT_3D('',#15822,#15823,#15824);
#15822 = CARTESIAN_POINT('',(-1.206637282048,0.270905682093,0.2));
#15823 = DIRECTION('',(-3.491481338843E-15,0.,1.));
#15824 = DIRECTION('',(-1.,0.,-3.491481338843E-15));
#15825 = ORIENTED_EDGE('',*,*,#15779,.T.);
#15826 = CYLINDRICAL_SURFACE('',#15827,0.257487362954);
#15827 = AXIS2_PLACEMENT_3D('',#15828,#15829,#15830);
#15828 = CARTESIAN_POINT('',(-1.206637282048,0.270905682093,0.2));
#15829 = DIRECTION('',(3.491481338843E-15,-0.,-1.));
#15830 = DIRECTION('',(-1.,0.,-3.491481338843E-15));
#15831 = ADVANCED_FACE('',(#15832),#15848,.F.);
#15832 = FACE_BOUND('',#15833,.T.);
#15833 = EDGE_LOOP('',(#15834,#15840,#15841,#15847));
#15834 = ORIENTED_EDGE('',*,*,#15835,.T.);
#15835 = EDGE_CURVE('',#15803,#15542,#15836,.T.);
#15836 = LINE('',#15837,#15838);
#15837 = CARTESIAN_POINT('',(-0.907132499112,0.776239654222,-0.2));
#15838 = VECTOR('',#15839,1.);
#15839 = DIRECTION('',(8.119109945247E-02,0.996698552908,
    2.834772086185E-16));
#15840 = ORIENTED_EDGE('',*,*,#15539,.F.);
#15841 = ORIENTED_EDGE('',*,*,#15842,.F.);
#15842 = EDGE_CURVE('',#15812,#15540,#15843,.T.);
#15843 = LINE('',#15844,#15845);
#15844 = CARTESIAN_POINT('',(-0.907132499112,0.776239654222,0.2));
#15845 = VECTOR('',#15846,1.);
#15846 = DIRECTION('',(8.119109945247E-02,0.996698552908,
    2.834772086185E-16));
#15847 = ORIENTED_EDGE('',*,*,#15811,.T.);
#15848 = PLANE('',#15849);
#15849 = AXIS2_PLACEMENT_3D('',#15850,#15851,#15852);
#15850 = CARTESIAN_POINT('',(-0.907132499112,0.776239654222,0.2));
#15851 = DIRECTION('',(-0.996698552908,8.119109945247E-02,
    -3.479954397932E-15));
#15852 = DIRECTION('',(-8.119109945247E-02,-0.996698552908,
    -2.834772086185E-16));
#15853 = ADVANCED_FACE('',(#15854),#15866,.T.);
#15854 = FACE_BOUND('',#15855,.T.);
#15855 = EDGE_LOOP('',(#15856,#15857,#15858,#15859,#15860,#15861,#15862,
    #15863,#15864,#15865));
#15856 = ORIENTED_EDGE('',*,*,#15549,.T.);
#15857 = ORIENTED_EDGE('',*,*,#15597,.T.);
#15858 = ORIENTED_EDGE('',*,*,#15629,.T.);
#15859 = ORIENTED_EDGE('',*,*,#15661,.T.);
#15860 = ORIENTED_EDGE('',*,*,#15677,.T.);
#15861 = ORIENTED_EDGE('',*,*,#15725,.T.);
#15862 = ORIENTED_EDGE('',*,*,#15756,.T.);
#15863 = ORIENTED_EDGE('',*,*,#15787,.T.);
#15864 = ORIENTED_EDGE('',*,*,#15819,.T.);
#15865 = ORIENTED_EDGE('',*,*,#15842,.T.);
#15866 = PLANE('',#15867);
#15867 = AXIS2_PLACEMENT_3D('',#15868,#15869,#15870);
#15868 = CARTESIAN_POINT('',(-0.8,0.767512637046,0.2));
#15869 = DIRECTION('',(-3.491481338843E-15,0.,1.));
#15870 = DIRECTION('',(1.,0.,3.491481338843E-15));
#15871 = ADVANCED_FACE('',(#15872),#15884,.F.);
#15872 = FACE_BOUND('',#15873,.T.);
#15873 = EDGE_LOOP('',(#15874,#15875,#15876,#15877,#15878,#15879,#15880,
    #15881,#15882,#15883));
#15874 = ORIENTED_EDGE('',*,*,#15566,.F.);
#15875 = ORIENTED_EDGE('',*,*,#15835,.F.);
#15876 = ORIENTED_EDGE('',*,*,#15802,.F.);
#15877 = ORIENTED_EDGE('',*,*,#15771,.F.);
#15878 = ORIENTED_EDGE('',*,*,#15740,.F.);
#15879 = ORIENTED_EDGE('',*,*,#15709,.F.);
#15880 = ORIENTED_EDGE('',*,*,#15694,.F.);
#15881 = ORIENTED_EDGE('',*,*,#15645,.F.);
#15882 = ORIENTED_EDGE('',*,*,#15612,.F.);
#15883 = ORIENTED_EDGE('',*,*,#15581,.F.);
#15884 = PLANE('',#15885);
#15885 = AXIS2_PLACEMENT_3D('',#15886,#15887,#15888);
#15886 = CARTESIAN_POINT('',(-0.8,0.767512637046,-0.2));
#15887 = DIRECTION('',(-3.491481338843E-15,0.,1.));
#15888 = DIRECTION('',(1.,0.,3.491481338843E-15));
#15889 = MANIFOLD_SOLID_BREP('',#15890);
#15890 = CLOSED_SHELL('',(#15891,#15933,#15964,#15997,#16028,#16061,
    #16092,#16123,#16154,#16187,#16209,#16227));
#15891 = ADVANCED_FACE('',(#15892),#15928,.F.);
#15892 = FACE_BOUND('',#15893,.F.);
#15893 = EDGE_LOOP('',(#15894,#15904,#15913,#15921));
#15894 = ORIENTED_EDGE('',*,*,#15895,.F.);
#15895 = EDGE_CURVE('',#15896,#15898,#15900,.T.);
#15896 = VERTEX_POINT('',#15897);
#15897 = CARTESIAN_POINT('',(-0.907132499112,0.776239654222,-0.75));
#15898 = VERTEX_POINT('',#15899);
#15899 = CARTESIAN_POINT('',(-0.907132499112,0.776239654222,-1.15));
#15900 = LINE('',#15901,#15902);
#15901 = CARTESIAN_POINT('',(-0.907132499112,0.776239654222,-0.75));
#15902 = VECTOR('',#15903,1.);
#15903 = DIRECTION('',(3.491481338843E-15,-0.,-1.));
#15904 = ORIENTED_EDGE('',*,*,#15905,.T.);
#15905 = EDGE_CURVE('',#15896,#15906,#15908,.T.);
#15906 = VERTEX_POINT('',#15907);
#15907 = CARTESIAN_POINT('',(-0.8,0.875,-0.75));
#15908 = CIRCLE('',#15909,0.107487362954);
#15909 = AXIS2_PLACEMENT_3D('',#15910,#15911,#15912);
#15910 = CARTESIAN_POINT('',(-0.8,0.767512637046,-0.75));
#15911 = DIRECTION('',(3.491481338843E-15,0.,-1.));
#15912 = DIRECTION('',(1.,0.,3.491481338843E-15));
#15913 = ORIENTED_EDGE('',*,*,#15914,.T.);
#15914 = EDGE_CURVE('',#15906,#15915,#15917,.T.);
#15915 = VERTEX_POINT('',#15916);
#15916 = CARTESIAN_POINT('',(-0.8,0.875,-1.15));
#15917 = LINE('',#15918,#15919);
#15918 = CARTESIAN_POINT('',(-0.8,0.875,-0.75));
#15919 = VECTOR('',#15920,1.);
#15920 = DIRECTION('',(3.491481338843E-15,-0.,-1.));
#15921 = ORIENTED_EDGE('',*,*,#15922,.F.);
#15922 = EDGE_CURVE('',#15898,#15915,#15923,.T.);
#15923 = CIRCLE('',#15924,0.107487362954);
#15924 = AXIS2_PLACEMENT_3D('',#15925,#15926,#15927);
#15925 = CARTESIAN_POINT('',(-0.8,0.767512637046,-1.15));
#15926 = DIRECTION('',(3.491481338843E-15,0.,-1.));
#15927 = DIRECTION('',(1.,0.,3.491481338843E-15));
#15928 = CYLINDRICAL_SURFACE('',#15929,0.107487362954);
#15929 = AXIS2_PLACEMENT_3D('',#15930,#15931,#15932);
#15930 = CARTESIAN_POINT('',(-0.8,0.767512637046,-0.75));
#15931 = DIRECTION('',(3.491481338843E-15,-0.,-1.));
#15932 = DIRECTION('',(-1.,0.,-3.491481338843E-15));
#15933 = ADVANCED_FACE('',(#15934),#15959,.F.);
#15934 = FACE_BOUND('',#15935,.T.);
#15935 = EDGE_LOOP('',(#15936,#15944,#15952,#15958));
#15936 = ORIENTED_EDGE('',*,*,#15937,.T.);
#15937 = EDGE_CURVE('',#15915,#15938,#15940,.T.);
#15938 = VERTEX_POINT('',#15939);
#15939 = CARTESIAN_POINT('',(-0.8,1.025,-1.15));
#15940 = LINE('',#15941,#15942);
#15941 = CARTESIAN_POINT('',(-0.8,1.025,-1.15));
#15942 = VECTOR('',#15943,1.);
#15943 = DIRECTION('',(0.,1.,0.));
#15944 = ORIENTED_EDGE('',*,*,#15945,.F.);
#15945 = EDGE_CURVE('',#15946,#15938,#15948,.T.);
#15946 = VERTEX_POINT('',#15947);
#15947 = CARTESIAN_POINT('',(-0.8,1.025,-0.75));
#15948 = LINE('',#15949,#15950);
#15949 = CARTESIAN_POINT('',(-0.8,1.025,-0.75));
#15950 = VECTOR('',#15951,1.);
#15951 = DIRECTION('',(3.491481338843E-15,-0.,-1.));
#15952 = ORIENTED_EDGE('',*,*,#15953,.F.);
#15953 = EDGE_CURVE('',#15906,#15946,#15954,.T.);
#15954 = LINE('',#15955,#15956);
#15955 = CARTESIAN_POINT('',(-0.8,1.025,-0.75));
#15956 = VECTOR('',#15957,1.);
#15957 = DIRECTION('',(0.,1.,0.));
#15958 = ORIENTED_EDGE('',*,*,#15914,.T.);
#15959 = PLANE('',#15960);
#15960 = AXIS2_PLACEMENT_3D('',#15961,#15962,#15963);
#15961 = CARTESIAN_POINT('',(-0.8,1.025,-0.75));
#15962 = DIRECTION('',(-1.,0.,-3.491481338843E-15));
#15963 = DIRECTION('',(-3.491481338843E-15,0.,1.));
#15964 = ADVANCED_FACE('',(#15965),#15992,.T.);
#15965 = FACE_BOUND('',#15966,.T.);
#15966 = EDGE_LOOP('',(#15967,#15976,#15984,#15991));
#15967 = ORIENTED_EDGE('',*,*,#15968,.T.);
#15968 = EDGE_CURVE('',#15938,#15969,#15971,.T.);
#15969 = VERTEX_POINT('',#15970);
#15970 = CARTESIAN_POINT('',(-1.056637282048,0.788418319139,-1.15));
#15971 = CIRCLE('',#15972,0.257487362954);
#15972 = AXIS2_PLACEMENT_3D('',#15973,#15974,#15975);
#15973 = CARTESIAN_POINT('',(-0.8,0.767512637046,-1.15));
#15974 = DIRECTION('',(-3.491481338843E-15,0.,1.));
#15975 = DIRECTION('',(1.,0.,3.491481338843E-15));
#15976 = ORIENTED_EDGE('',*,*,#15977,.F.);
#15977 = EDGE_CURVE('',#15978,#15969,#15980,.T.);
#15978 = VERTEX_POINT('',#15979);
#15979 = CARTESIAN_POINT('',(-1.056637282048,0.788418319139,-0.75));
#15980 = LINE('',#15981,#15982);
#15981 = CARTESIAN_POINT('',(-1.056637282048,0.788418319139,-0.75));
#15982 = VECTOR('',#15983,1.);
#15983 = DIRECTION('',(3.491481338843E-15,-0.,-1.));
#15984 = ORIENTED_EDGE('',*,*,#15985,.F.);
#15985 = EDGE_CURVE('',#15946,#15978,#15986,.T.);
#15986 = CIRCLE('',#15987,0.257487362954);
#15987 = AXIS2_PLACEMENT_3D('',#15988,#15989,#15990);
#15988 = CARTESIAN_POINT('',(-0.8,0.767512637046,-0.75));
#15989 = DIRECTION('',(-3.491481338843E-15,0.,1.));
#15990 = DIRECTION('',(1.,0.,3.491481338843E-15));
#15991 = ORIENTED_EDGE('',*,*,#15945,.T.);
#15992 = CYLINDRICAL_SURFACE('',#15993,0.257487362954);
#15993 = AXIS2_PLACEMENT_3D('',#15994,#15995,#15996);
#15994 = CARTESIAN_POINT('',(-0.8,0.767512637046,-0.75));
#15995 = DIRECTION('',(3.491481338843E-15,-0.,-1.));
#15996 = DIRECTION('',(-1.,0.,-3.491481338843E-15));
#15997 = ADVANCED_FACE('',(#15998),#16023,.F.);
#15998 = FACE_BOUND('',#15999,.T.);
#15999 = EDGE_LOOP('',(#16000,#16008,#16016,#16022));
#16000 = ORIENTED_EDGE('',*,*,#16001,.T.);
#16001 = EDGE_CURVE('',#15969,#16002,#16004,.T.);
#16002 = VERTEX_POINT('',#16003);
#16003 = CARTESIAN_POINT('',(-1.099504782936,0.262178664918,-1.15));
#16004 = LINE('',#16005,#16006);
#16005 = CARTESIAN_POINT('',(-1.056637282048,0.788418319139,-1.15));
#16006 = VECTOR('',#16007,1.);
#16007 = DIRECTION('',(-8.119109945247E-02,-0.996698552908,
    -2.834772086185E-16));
#16008 = ORIENTED_EDGE('',*,*,#16009,.F.);
#16009 = EDGE_CURVE('',#16010,#16002,#16012,.T.);
#16010 = VERTEX_POINT('',#16011);
#16011 = CARTESIAN_POINT('',(-1.099504782936,0.262178664918,-0.75));
#16012 = LINE('',#16013,#16014);
#16013 = CARTESIAN_POINT('',(-1.099504782936,0.262178664918,-0.75));
#16014 = VECTOR('',#16015,1.);
#16015 = DIRECTION('',(3.491481338843E-15,-0.,-1.));
#16016 = ORIENTED_EDGE('',*,*,#16017,.F.);
#16017 = EDGE_CURVE('',#15978,#16010,#16018,.T.);
#16018 = LINE('',#16019,#16020);
#16019 = CARTESIAN_POINT('',(-1.056637282048,0.788418319139,-0.75));
#16020 = VECTOR('',#16021,1.);
#16021 = DIRECTION('',(-8.119109945247E-02,-0.996698552908,
    -2.834772086185E-16));
#16022 = ORIENTED_EDGE('',*,*,#15977,.T.);
#16023 = PLANE('',#16024);
#16024 = AXIS2_PLACEMENT_3D('',#16025,#16026,#16027);
#16025 = CARTESIAN_POINT('',(-1.056637282048,0.788418319139,-0.75));
#16026 = DIRECTION('',(0.996698552908,-8.119109945247E-02,
    3.479954397932E-15));
#16027 = DIRECTION('',(8.119109945247E-02,0.996698552908,
    2.834772086185E-16));
#16028 = ADVANCED_FACE('',(#16029),#16056,.F.);
#16029 = FACE_BOUND('',#16030,.F.);
#16030 = EDGE_LOOP('',(#16031,#16032,#16041,#16049));
#16031 = ORIENTED_EDGE('',*,*,#16009,.F.);
#16032 = ORIENTED_EDGE('',*,*,#16033,.T.);
#16033 = EDGE_CURVE('',#16010,#16034,#16036,.T.);
#16034 = VERTEX_POINT('',#16035);
#16035 = CARTESIAN_POINT('',(-1.199139342637,0.163680152953,-0.75));
#16036 = CIRCLE('',#16037,0.107487362954);
#16037 = AXIS2_PLACEMENT_3D('',#16038,#16039,#16040);
#16038 = CARTESIAN_POINT('',(-1.206637282048,0.270905682093,-0.75));
#16039 = DIRECTION('',(3.491481338843E-15,0.,-1.));
#16040 = DIRECTION('',(-1.,0.,-3.491481338843E-15));
#16041 = ORIENTED_EDGE('',*,*,#16042,.T.);
#16042 = EDGE_CURVE('',#16034,#16043,#16045,.T.);
#16043 = VERTEX_POINT('',#16044);
#16044 = CARTESIAN_POINT('',(-1.199139342637,0.163680152953,-1.15));
#16045 = LINE('',#16046,#16047);
#16046 = CARTESIAN_POINT('',(-1.199139342637,0.163680152953,-0.75));
#16047 = VECTOR('',#16048,1.);
#16048 = DIRECTION('',(3.491481338843E-15,-0.,-1.));
#16049 = ORIENTED_EDGE('',*,*,#16050,.F.);
#16050 = EDGE_CURVE('',#16002,#16043,#16051,.T.);
#16051 = CIRCLE('',#16052,0.107487362954);
#16052 = AXIS2_PLACEMENT_3D('',#16053,#16054,#16055);
#16053 = CARTESIAN_POINT('',(-1.206637282048,0.270905682093,-1.15));
#16054 = DIRECTION('',(3.491481338843E-15,0.,-1.));
#16055 = DIRECTION('',(-1.,0.,-3.491481338843E-15));
#16056 = CYLINDRICAL_SURFACE('',#16057,0.107487362954);
#16057 = AXIS2_PLACEMENT_3D('',#16058,#16059,#16060);
#16058 = CARTESIAN_POINT('',(-1.206637282048,0.270905682093,-0.75));
#16059 = DIRECTION('',(3.491481338843E-15,-0.,-1.));
#16060 = DIRECTION('',(-1.,0.,-3.491481338843E-15));
#16061 = ADVANCED_FACE('',(#16062),#16087,.F.);
#16062 = FACE_BOUND('',#16063,.T.);
#16063 = EDGE_LOOP('',(#16064,#16072,#16080,#16086));
#16064 = ORIENTED_EDGE('',*,*,#16065,.T.);
#16065 = EDGE_CURVE('',#16043,#16066,#16068,.T.);
#16066 = VERTEX_POINT('',#16067);
#16067 = CARTESIAN_POINT('',(-1.4,0.149634607539,-1.15));
#16068 = LINE('',#16069,#16070);
#16069 = CARTESIAN_POINT('',(-1.199139342637,0.163680152953,-1.15));
#16070 = VECTOR('',#16071,1.);
#16071 = DIRECTION('',(-0.99756405026,-6.975647374412E-02,
    -3.482976265783E-15));
#16072 = ORIENTED_EDGE('',*,*,#16073,.F.);
#16073 = EDGE_CURVE('',#16074,#16066,#16076,.T.);
#16074 = VERTEX_POINT('',#16075);
#16075 = CARTESIAN_POINT('',(-1.4,0.149634607539,-0.75));
#16076 = LINE('',#16077,#16078);
#16077 = CARTESIAN_POINT('',(-1.4,0.149634607539,-0.75));
#16078 = VECTOR('',#16079,1.);
#16079 = DIRECTION('',(3.491481338843E-15,-0.,-1.));
#16080 = ORIENTED_EDGE('',*,*,#16081,.F.);
#16081 = EDGE_CURVE('',#16034,#16074,#16082,.T.);
#16082 = LINE('',#16083,#16084);
#16083 = CARTESIAN_POINT('',(-1.199139342637,0.163680152953,-0.75));
#16084 = VECTOR('',#16085,1.);
#16085 = DIRECTION('',(-0.99756405026,-6.975647374412E-02,
    -3.482976265783E-15));
#16086 = ORIENTED_EDGE('',*,*,#16042,.T.);
#16087 = PLANE('',#16088);
#16088 = AXIS2_PLACEMENT_3D('',#16089,#16090,#16091);
#16089 = CARTESIAN_POINT('',(-1.199139342637,0.163680152953,-0.75));
#16090 = DIRECTION('',(6.975647374412E-02,-0.99756405026,
    2.435534263411E-16));
#16091 = DIRECTION('',(0.99756405026,6.975647374412E-02,
    3.482976265783E-15));
#16092 = ADVANCED_FACE('',(#16093),#16118,.F.);
#16093 = FACE_BOUND('',#16094,.T.);
#16094 = EDGE_LOOP('',(#16095,#16103,#16111,#16117));
#16095 = ORIENTED_EDGE('',*,*,#16096,.T.);
#16096 = EDGE_CURVE('',#16066,#16097,#16099,.T.);
#16097 = VERTEX_POINT('',#16098);
#16098 = CARTESIAN_POINT('',(-1.389536528938,0.,-1.15));
#16099 = LINE('',#16100,#16101);
#16100 = CARTESIAN_POINT('',(-1.4,0.149634607539,-1.15));
#16101 = VECTOR('',#16102,1.);
#16102 = DIRECTION('',(6.975647374412E-02,-0.99756405026,
    2.435534263411E-16));
#16103 = ORIENTED_EDGE('',*,*,#16104,.F.);
#16104 = EDGE_CURVE('',#16105,#16097,#16107,.T.);
#16105 = VERTEX_POINT('',#16106);
#16106 = CARTESIAN_POINT('',(-1.389536528938,0.,-0.75));
#16107 = LINE('',#16108,#16109);
#16108 = CARTESIAN_POINT('',(-1.389536528938,0.,-0.75));
#16109 = VECTOR('',#16110,1.);
#16110 = DIRECTION('',(3.491481338843E-15,-0.,-1.));
#16111 = ORIENTED_EDGE('',*,*,#16112,.F.);
#16112 = EDGE_CURVE('',#16074,#16105,#16113,.T.);
#16113 = LINE('',#16114,#16115);
#16114 = CARTESIAN_POINT('',(-1.4,0.149634607539,-0.75));
#16115 = VECTOR('',#16116,1.);
#16116 = DIRECTION('',(6.975647374412E-02,-0.99756405026,
    2.435534263411E-16));
#16117 = ORIENTED_EDGE('',*,*,#16073,.T.);
#16118 = PLANE('',#16119);
#16119 = AXIS2_PLACEMENT_3D('',#16120,#16121,#16122);
#16120 = CARTESIAN_POINT('',(-1.4,0.149634607539,-0.75));
#16121 = DIRECTION('',(0.99756405026,6.975647374412E-02,
    3.482976265783E-15));
#16122 = DIRECTION('',(-6.975647374412E-02,0.99756405026,
    -2.435534263411E-16));
#16123 = ADVANCED_FACE('',(#16124),#16149,.F.);
#16124 = FACE_BOUND('',#16125,.T.);
#16125 = EDGE_LOOP('',(#16126,#16134,#16142,#16148));
#16126 = ORIENTED_EDGE('',*,*,#16127,.T.);
#16127 = EDGE_CURVE('',#16097,#16128,#16130,.T.);
#16128 = VERTEX_POINT('',#16129);
#16129 = CARTESIAN_POINT('',(-1.188675871575,1.404554541429E-02,-1.15));
#16130 = LINE('',#16131,#16132);
#16131 = CARTESIAN_POINT('',(-1.188675871575,1.404554541429E-02,-1.15));
#16132 = VECTOR('',#16133,1.);
#16133 = DIRECTION('',(0.99756405026,6.975647374412E-02,
    3.482976265783E-15));
#16134 = ORIENTED_EDGE('',*,*,#16135,.F.);
#16135 = EDGE_CURVE('',#16136,#16128,#16138,.T.);
#16136 = VERTEX_POINT('',#16137);
#16137 = CARTESIAN_POINT('',(-1.188675871575,1.404554541429E-02,-0.75));
#16138 = LINE('',#16139,#16140);
#16139 = CARTESIAN_POINT('',(-1.188675871575,1.404554541429E-02,-0.75));
#16140 = VECTOR('',#16141,1.);
#16141 = DIRECTION('',(3.491481338843E-15,-0.,-1.));
#16142 = ORIENTED_EDGE('',*,*,#16143,.F.);
#16143 = EDGE_CURVE('',#16105,#16136,#16144,.T.);
#16144 = LINE('',#16145,#16146);
#16145 = CARTESIAN_POINT('',(-1.188675871575,1.404554541429E-02,-0.75));
#16146 = VECTOR('',#16147,1.);
#16147 = DIRECTION('',(0.99756405026,6.975647374412E-02,
    3.482976265783E-15));
#16148 = ORIENTED_EDGE('',*,*,#16104,.T.);
#16149 = PLANE('',#16150);
#16150 = AXIS2_PLACEMENT_3D('',#16151,#16152,#16153);
#16151 = CARTESIAN_POINT('',(-1.188675871575,1.404554541429E-02,-0.75));
#16152 = DIRECTION('',(-6.975647374412E-02,0.99756405026,
    -2.435534263411E-16));
#16153 = DIRECTION('',(-0.99756405026,-6.975647374412E-02,
    -3.482976265783E-15));
#16154 = ADVANCED_FACE('',(#16155),#16182,.T.);
#16155 = FACE_BOUND('',#16156,.T.);
#16156 = EDGE_LOOP('',(#16157,#16166,#16174,#16181));
#16157 = ORIENTED_EDGE('',*,*,#16158,.T.);
#16158 = EDGE_CURVE('',#16128,#16159,#16161,.T.);
#16159 = VERTEX_POINT('',#16160);
#16160 = CARTESIAN_POINT('',(-0.95,0.25,-1.15));
#16161 = CIRCLE('',#16162,0.257487362954);
#16162 = AXIS2_PLACEMENT_3D('',#16163,#16164,#16165);
#16163 = CARTESIAN_POINT('',(-1.206637282048,0.270905682093,-1.15));
#16164 = DIRECTION('',(-3.491481338843E-15,0.,1.));
#16165 = DIRECTION('',(-1.,0.,-3.491481338843E-15));
#16166 = ORIENTED_EDGE('',*,*,#16167,.F.);
#16167 = EDGE_CURVE('',#16168,#16159,#16170,.T.);
#16168 = VERTEX_POINT('',#16169);
#16169 = CARTESIAN_POINT('',(-0.95,0.25,-0.75));
#16170 = LINE('',#16171,#16172);
#16171 = CARTESIAN_POINT('',(-0.95,0.25,-0.75));
#16172 = VECTOR('',#16173,1.);
#16173 = DIRECTION('',(3.491481338843E-15,-0.,-1.));
#16174 = ORIENTED_EDGE('',*,*,#16175,.F.);
#16175 = EDGE_CURVE('',#16136,#16168,#16176,.T.);
#16176 = CIRCLE('',#16177,0.257487362954);
#16177 = AXIS2_PLACEMENT_3D('',#16178,#16179,#16180);
#16178 = CARTESIAN_POINT('',(-1.206637282048,0.270905682093,-0.75));
#16179 = DIRECTION('',(-3.491481338843E-15,0.,1.));
#16180 = DIRECTION('',(-1.,0.,-3.491481338843E-15));
#16181 = ORIENTED_EDGE('',*,*,#16135,.T.);
#16182 = CYLINDRICAL_SURFACE('',#16183,0.257487362954);
#16183 = AXIS2_PLACEMENT_3D('',#16184,#16185,#16186);
#16184 = CARTESIAN_POINT('',(-1.206637282048,0.270905682093,-0.75));
#16185 = DIRECTION('',(3.491481338843E-15,-0.,-1.));
#16186 = DIRECTION('',(-1.,0.,-3.491481338843E-15));
#16187 = ADVANCED_FACE('',(#16188),#16204,.F.);
#16188 = FACE_BOUND('',#16189,.T.);
#16189 = EDGE_LOOP('',(#16190,#16196,#16197,#16203));
#16190 = ORIENTED_EDGE('',*,*,#16191,.T.);
#16191 = EDGE_CURVE('',#16159,#15898,#16192,.T.);
#16192 = LINE('',#16193,#16194);
#16193 = CARTESIAN_POINT('',(-0.907132499112,0.776239654222,-1.15));
#16194 = VECTOR('',#16195,1.);
#16195 = DIRECTION('',(8.119109945247E-02,0.996698552908,
    2.834772086185E-16));
#16196 = ORIENTED_EDGE('',*,*,#15895,.F.);
#16197 = ORIENTED_EDGE('',*,*,#16198,.F.);
#16198 = EDGE_CURVE('',#16168,#15896,#16199,.T.);
#16199 = LINE('',#16200,#16201);
#16200 = CARTESIAN_POINT('',(-0.907132499112,0.776239654222,-0.75));
#16201 = VECTOR('',#16202,1.);
#16202 = DIRECTION('',(8.119109945247E-02,0.996698552908,
    2.834772086185E-16));
#16203 = ORIENTED_EDGE('',*,*,#16167,.T.);
#16204 = PLANE('',#16205);
#16205 = AXIS2_PLACEMENT_3D('',#16206,#16207,#16208);
#16206 = CARTESIAN_POINT('',(-0.907132499112,0.776239654222,-0.75));
#16207 = DIRECTION('',(-0.996698552908,8.119109945247E-02,
    -3.479954397932E-15));
#16208 = DIRECTION('',(-8.119109945247E-02,-0.996698552908,
    -2.834772086185E-16));
#16209 = ADVANCED_FACE('',(#16210),#16222,.T.);
#16210 = FACE_BOUND('',#16211,.T.);
#16211 = EDGE_LOOP('',(#16212,#16213,#16214,#16215,#16216,#16217,#16218,
    #16219,#16220,#16221));
#16212 = ORIENTED_EDGE('',*,*,#15905,.T.);
#16213 = ORIENTED_EDGE('',*,*,#15953,.T.);
#16214 = ORIENTED_EDGE('',*,*,#15985,.T.);
#16215 = ORIENTED_EDGE('',*,*,#16017,.T.);
#16216 = ORIENTED_EDGE('',*,*,#16033,.T.);
#16217 = ORIENTED_EDGE('',*,*,#16081,.T.);
#16218 = ORIENTED_EDGE('',*,*,#16112,.T.);
#16219 = ORIENTED_EDGE('',*,*,#16143,.T.);
#16220 = ORIENTED_EDGE('',*,*,#16175,.T.);
#16221 = ORIENTED_EDGE('',*,*,#16198,.T.);
#16222 = PLANE('',#16223);
#16223 = AXIS2_PLACEMENT_3D('',#16224,#16225,#16226);
#16224 = CARTESIAN_POINT('',(-0.8,0.767512637046,-0.75));
#16225 = DIRECTION('',(-3.491481338843E-15,0.,1.));
#16226 = DIRECTION('',(1.,0.,3.491481338843E-15));
#16227 = ADVANCED_FACE('',(#16228),#16240,.F.);
#16228 = FACE_BOUND('',#16229,.T.);
#16229 = EDGE_LOOP('',(#16230,#16231,#16232,#16233,#16234,#16235,#16236,
    #16237,#16238,#16239));
#16230 = ORIENTED_EDGE('',*,*,#15922,.F.);
#16231 = ORIENTED_EDGE('',*,*,#16191,.F.);
#16232 = ORIENTED_EDGE('',*,*,#16158,.F.);
#16233 = ORIENTED_EDGE('',*,*,#16127,.F.);
#16234 = ORIENTED_EDGE('',*,*,#16096,.F.);
#16235 = ORIENTED_EDGE('',*,*,#16065,.F.);
#16236 = ORIENTED_EDGE('',*,*,#16050,.F.);
#16237 = ORIENTED_EDGE('',*,*,#16001,.F.);
#16238 = ORIENTED_EDGE('',*,*,#15968,.F.);
#16239 = ORIENTED_EDGE('',*,*,#15937,.F.);
#16240 = PLANE('',#16241);
#16241 = AXIS2_PLACEMENT_3D('',#16242,#16243,#16244);
#16242 = CARTESIAN_POINT('',(-0.8,0.767512637046,-1.15));
#16243 = DIRECTION('',(-3.491481338843E-15,0.,1.));
#16244 = DIRECTION('',(1.,0.,3.491481338843E-15));
#16245 = MANIFOLD_SOLID_BREP('',#16246);
#16246 = CLOSED_SHELL('',(#16247,#16289,#16329,#16369,#16409,#16449,
    #16498,#16547,#16596,#16645,#16695,#16744,#16793,#16842,#16891,
    #16931,#16949,#16959,#16983,#17006,#17029,#17047,#17065,#17083,
    #17101,#17125,#17142,#17164,#17186,#17203,#17221,#17239,#17263,
    #17281,#17299,#17321,#17338,#17355,#17377,#17395,#17413,#17431,
    #17449,#17466,#17483));
#16247 = ADVANCED_FACE('',(#16248),#16284,.F.);
#16248 = FACE_BOUND('',#16249,.F.);
#16249 = EDGE_LOOP('',(#16250,#16260,#16269,#16277));
#16250 = ORIENTED_EDGE('',*,*,#16251,.T.);
#16251 = EDGE_CURVE('',#16252,#16254,#16256,.T.);
#16252 = VERTEX_POINT('',#16253);
#16253 = CARTESIAN_POINT('',(-0.575061033199,1.35,-1.075061033199));
#16254 = VERTEX_POINT('',#16255);
#16255 = CARTESIAN_POINT('',(-0.575061033199,1.45,-1.075061033199));
#16256 = LINE('',#16257,#16258);
#16257 = CARTESIAN_POINT('',(-0.575061033199,1.35,-1.075061033199));
#16258 = VECTOR('',#16259,1.);
#16259 = DIRECTION('',(0.,1.,0.));
#16260 = ORIENTED_EDGE('',*,*,#16261,.F.);
#16261 = EDGE_CURVE('',#16262,#16254,#16264,.T.);
#16262 = VERTEX_POINT('',#16263);
#16263 = CARTESIAN_POINT('',(-0.275061033199,1.45,-1.075061033199));
#16264 = CIRCLE('',#16265,0.15);
#16265 = AXIS2_PLACEMENT_3D('',#16266,#16267,#16268);
#16266 = CARTESIAN_POINT('',(-0.425061033199,1.45,-1.075061033199));
#16267 = DIRECTION('',(0.,1.,0.));
#16268 = DIRECTION('',(-1.,0.,-2.891205793295E-15));
#16269 = ORIENTED_EDGE('',*,*,#16270,.F.);
#16270 = EDGE_CURVE('',#16271,#16262,#16273,.T.);
#16271 = VERTEX_POINT('',#16272);
#16272 = CARTESIAN_POINT('',(-0.275061033199,1.35,-1.075061033199));
#16273 = LINE('',#16274,#16275);
#16274 = CARTESIAN_POINT('',(-0.275061033199,1.35,-1.075061033199));
#16275 = VECTOR('',#16276,1.);
#16276 = DIRECTION('',(0.,1.,0.));
#16277 = ORIENTED_EDGE('',*,*,#16278,.T.);
#16278 = EDGE_CURVE('',#16271,#16252,#16279,.T.);
#16279 = CIRCLE('',#16280,0.15);
#16280 = AXIS2_PLACEMENT_3D('',#16281,#16282,#16283);
#16281 = CARTESIAN_POINT('',(-0.425061033199,1.35,-1.075061033199));
#16282 = DIRECTION('',(0.,1.,0.));
#16283 = DIRECTION('',(-1.,0.,-2.891205793295E-15));
#16284 = CYLINDRICAL_SURFACE('',#16285,0.15);
#16285 = AXIS2_PLACEMENT_3D('',#16286,#16287,#16288);
#16286 = CARTESIAN_POINT('',(-0.425061033199,1.35,-1.075061033199));
#16287 = DIRECTION('',(0.,1.,0.));
#16288 = DIRECTION('',(-1.,0.,-2.891205793295E-15));
#16289 = ADVANCED_FACE('',(#16290),#16324,.F.);
#16290 = FACE_BOUND('',#16291,.T.);
#16291 = EDGE_LOOP('',(#16292,#16302,#16310,#16318));
#16292 = ORIENTED_EDGE('',*,*,#16293,.T.);
#16293 = EDGE_CURVE('',#16294,#16296,#16298,.T.);
#16294 = VERTEX_POINT('',#16295);
#16295 = CARTESIAN_POINT('',(-0.7,0.875,1.45));
#16296 = VERTEX_POINT('',#16297);
#16297 = CARTESIAN_POINT('',(0.7,0.875,1.45));
#16298 = LINE('',#16299,#16300);
#16299 = CARTESIAN_POINT('',(0.8,0.875,1.45));
#16300 = VECTOR('',#16301,1.);
#16301 = DIRECTION('',(1.,-0.,3.220430795722E-15));
#16302 = ORIENTED_EDGE('',*,*,#16303,.T.);
#16303 = EDGE_CURVE('',#16296,#16304,#16306,.T.);
#16304 = VERTEX_POINT('',#16305);
#16305 = CARTESIAN_POINT('',(0.7,1.025,1.45));
#16306 = LINE('',#16307,#16308);
#16307 = CARTESIAN_POINT('',(0.7,1.025,1.45));
#16308 = VECTOR('',#16309,1.);
#16309 = DIRECTION('',(-0.,1.,-0.));
#16310 = ORIENTED_EDGE('',*,*,#16311,.F.);
#16311 = EDGE_CURVE('',#16312,#16304,#16314,.T.);
#16312 = VERTEX_POINT('',#16313);
#16313 = CARTESIAN_POINT('',(-0.7,1.025,1.45));
#16314 = LINE('',#16315,#16316);
#16315 = CARTESIAN_POINT('',(0.8,1.025,1.45));
#16316 = VECTOR('',#16317,1.);
#16317 = DIRECTION('',(1.,-0.,3.220430795722E-15));
#16318 = ORIENTED_EDGE('',*,*,#16319,.T.);
#16319 = EDGE_CURVE('',#16312,#16294,#16320,.T.);
#16320 = LINE('',#16321,#16322);
#16321 = CARTESIAN_POINT('',(-0.7,1.025,1.45));
#16322 = VECTOR('',#16323,1.);
#16323 = DIRECTION('',(0.,-1.,0.));
#16324 = PLANE('',#16325);
#16325 = AXIS2_PLACEMENT_3D('',#16326,#16327,#16328);
#16326 = CARTESIAN_POINT('',(0.8,1.025,1.45));
#16327 = DIRECTION('',(3.220430795722E-15,0.,-1.));
#16328 = DIRECTION('',(-1.,0.,-3.220430795722E-15));
#16329 = ADVANCED_FACE('',(#16330),#16364,.F.);
#16330 = FACE_BOUND('',#16331,.T.);
#16331 = EDGE_LOOP('',(#16332,#16342,#16350,#16358));
#16332 = ORIENTED_EDGE('',*,*,#16333,.F.);
#16333 = EDGE_CURVE('',#16334,#16336,#16338,.T.);
#16334 = VERTEX_POINT('',#16335);
#16335 = CARTESIAN_POINT('',(0.8,1.025,1.35));
#16336 = VERTEX_POINT('',#16337);
#16337 = CARTESIAN_POINT('',(0.8,1.025,-1.35));
#16338 = LINE('',#16339,#16340);
#16339 = CARTESIAN_POINT('',(0.8,1.025,-1.45));
#16340 = VECTOR('',#16341,1.);
#16341 = DIRECTION('',(2.930687111695E-15,0.,-1.));
#16342 = ORIENTED_EDGE('',*,*,#16343,.T.);
#16343 = EDGE_CURVE('',#16334,#16344,#16346,.T.);
#16344 = VERTEX_POINT('',#16345);
#16345 = CARTESIAN_POINT('',(0.8,0.875,1.35));
#16346 = LINE('',#16347,#16348);
#16347 = CARTESIAN_POINT('',(0.8,1.025,1.35));
#16348 = VECTOR('',#16349,1.);
#16349 = DIRECTION('',(0.,-1.,0.));
#16350 = ORIENTED_EDGE('',*,*,#16351,.T.);
#16351 = EDGE_CURVE('',#16344,#16352,#16354,.T.);
#16352 = VERTEX_POINT('',#16353);
#16353 = CARTESIAN_POINT('',(0.8,0.875,-1.35));
#16354 = LINE('',#16355,#16356);
#16355 = CARTESIAN_POINT('',(0.8,0.875,-1.45));
#16356 = VECTOR('',#16357,1.);
#16357 = DIRECTION('',(2.930687111695E-15,0.,-1.));
#16358 = ORIENTED_EDGE('',*,*,#16359,.T.);
#16359 = EDGE_CURVE('',#16352,#16336,#16360,.T.);
#16360 = LINE('',#16361,#16362);
#16361 = CARTESIAN_POINT('',(0.8,1.025,-1.35));
#16362 = VECTOR('',#16363,1.);
#16363 = DIRECTION('',(-0.,1.,-0.));
#16364 = PLANE('',#16365);
#16365 = AXIS2_PLACEMENT_3D('',#16366,#16367,#16368);
#16366 = CARTESIAN_POINT('',(0.8,1.025,-1.45));
#16367 = DIRECTION('',(-1.,0.,-2.930687111695E-15));
#16368 = DIRECTION('',(-2.930687111695E-15,0.,1.));
#16369 = ADVANCED_FACE('',(#16370),#16404,.F.);
#16370 = FACE_BOUND('',#16371,.T.);
#16371 = EDGE_LOOP('',(#16372,#16382,#16390,#16398));
#16372 = ORIENTED_EDGE('',*,*,#16373,.F.);
#16373 = EDGE_CURVE('',#16374,#16376,#16378,.T.);
#16374 = VERTEX_POINT('',#16375);
#16375 = CARTESIAN_POINT('',(0.7,1.025,-1.45));
#16376 = VERTEX_POINT('',#16377);
#16377 = CARTESIAN_POINT('',(-0.7,1.025,-1.45));
#16378 = LINE('',#16379,#16380);
#16379 = CARTESIAN_POINT('',(0.8,1.025,-1.45));
#16380 = VECTOR('',#16381,1.);
#16381 = DIRECTION('',(-1.,0.,-3.220430795722E-15));
#16382 = ORIENTED_EDGE('',*,*,#16383,.T.);
#16383 = EDGE_CURVE('',#16374,#16384,#16386,.T.);
#16384 = VERTEX_POINT('',#16385);
#16385 = CARTESIAN_POINT('',(0.7,0.875,-1.45));
#16386 = LINE('',#16387,#16388);
#16387 = CARTESIAN_POINT('',(0.7,1.025,-1.45));
#16388 = VECTOR('',#16389,1.);
#16389 = DIRECTION('',(0.,-1.,0.));
#16390 = ORIENTED_EDGE('',*,*,#16391,.T.);
#16391 = EDGE_CURVE('',#16384,#16392,#16394,.T.);
#16392 = VERTEX_POINT('',#16393);
#16393 = CARTESIAN_POINT('',(-0.7,0.875,-1.45));
#16394 = LINE('',#16395,#16396);
#16395 = CARTESIAN_POINT('',(0.8,0.875,-1.45));
#16396 = VECTOR('',#16397,1.);
#16397 = DIRECTION('',(-1.,0.,-3.220430795722E-15));
#16398 = ORIENTED_EDGE('',*,*,#16399,.T.);
#16399 = EDGE_CURVE('',#16392,#16376,#16400,.T.);
#16400 = LINE('',#16401,#16402);
#16401 = CARTESIAN_POINT('',(-0.7,1.025,-1.45));
#16402 = VECTOR('',#16403,1.);
#16403 = DIRECTION('',(-0.,1.,-0.));
#16404 = PLANE('',#16405);
#16405 = AXIS2_PLACEMENT_3D('',#16406,#16407,#16408);
#16406 = CARTESIAN_POINT('',(0.8,1.025,-1.45));
#16407 = DIRECTION('',(-3.220430795722E-15,0.,1.));
#16408 = DIRECTION('',(1.,0.,3.220430795722E-15));
#16409 = ADVANCED_FACE('',(#16410),#16444,.F.);
#16410 = FACE_BOUND('',#16411,.T.);
#16411 = EDGE_LOOP('',(#16412,#16422,#16430,#16438));
#16412 = ORIENTED_EDGE('',*,*,#16413,.T.);
#16413 = EDGE_CURVE('',#16414,#16416,#16418,.T.);
#16414 = VERTEX_POINT('',#16415);
#16415 = CARTESIAN_POINT('',(-0.8,0.875,-1.35));
#16416 = VERTEX_POINT('',#16417);
#16417 = CARTESIAN_POINT('',(-0.8,0.875,1.35));
#16418 = LINE('',#16419,#16420);
#16419 = CARTESIAN_POINT('',(-0.8,0.875,-1.45));
#16420 = VECTOR('',#16421,1.);
#16421 = DIRECTION('',(-3.454095057033E-15,0.,1.));
#16422 = ORIENTED_EDGE('',*,*,#16423,.T.);
#16423 = EDGE_CURVE('',#16416,#16424,#16426,.T.);
#16424 = VERTEX_POINT('',#16425);
#16425 = CARTESIAN_POINT('',(-0.8,1.025,1.35));
#16426 = LINE('',#16427,#16428);
#16427 = CARTESIAN_POINT('',(-0.8,1.025,1.35));
#16428 = VECTOR('',#16429,1.);
#16429 = DIRECTION('',(-0.,1.,-0.));
#16430 = ORIENTED_EDGE('',*,*,#16431,.F.);
#16431 = EDGE_CURVE('',#16432,#16424,#16434,.T.);
#16432 = VERTEX_POINT('',#16433);
#16433 = CARTESIAN_POINT('',(-0.8,1.025,-1.35));
#16434 = LINE('',#16435,#16436);
#16435 = CARTESIAN_POINT('',(-0.8,1.025,-1.45));
#16436 = VECTOR('',#16437,1.);
#16437 = DIRECTION('',(-3.454095057033E-15,0.,1.));
#16438 = ORIENTED_EDGE('',*,*,#16439,.T.);
#16439 = EDGE_CURVE('',#16432,#16414,#16440,.T.);
#16440 = LINE('',#16441,#16442);
#16441 = CARTESIAN_POINT('',(-0.8,1.025,-1.35));
#16442 = VECTOR('',#16443,1.);
#16443 = DIRECTION('',(0.,-1.,0.));
#16444 = PLANE('',#16445);
#16445 = AXIS2_PLACEMENT_3D('',#16446,#16447,#16448);
#16446 = CARTESIAN_POINT('',(-0.8,1.025,-1.45));
#16447 = DIRECTION('',(1.,0.,3.454095057033E-15));
#16448 = DIRECTION('',(3.454095057033E-15,0.,-1.));
#16449 = ADVANCED_FACE('',(#16450),#16493,.T.);
#16450 = FACE_BOUND('',#16451,.T.);
#16451 = EDGE_LOOP('',(#16452,#16453,#16462,#16470,#16478,#16486));
#16452 = ORIENTED_EDGE('',*,*,#16431,.T.);
#16453 = ORIENTED_EDGE('',*,*,#16454,.T.);
#16454 = EDGE_CURVE('',#16424,#16455,#16457,.T.);
#16455 = VERTEX_POINT('',#16456);
#16456 = CARTESIAN_POINT('',(-0.799988631207,1.025064475631,
    1.351507855905));
#16457 = ( BOUNDED_CURVE() B_SPLINE_CURVE(3,(#16458,#16459,#16460,#16461
),.UNSPECIFIED.,.F.,.F.) B_SPLINE_CURVE_WITH_KNOTS((4,4),(
    -2.6645352591E-15,1.507913049648E-02),.PIECEWISE_BEZIER_KNOTS.) 
CURVE() GEOMETRIC_REPRESENTATION_ITEM() RATIONAL_B_SPLINE_CURVE((1.,
0.999981051742,0.999981051742,1.)) REPRESENTATION_ITEM('') );
#16458 = CARTESIAN_POINT('',(-0.8,1.025,1.35));
#16459 = CARTESIAN_POINT('',(-0.8,1.025,1.350502642445));
#16460 = CARTESIAN_POINT('',(-0.79999621033,1.025021492284,
    1.351005270604));
#16461 = CARTESIAN_POINT('',(-0.799988631207,1.025064475631,
    1.351507855905));
#16462 = ORIENTED_EDGE('',*,*,#16463,.T.);
#16463 = EDGE_CURVE('',#16455,#16464,#16466,.T.);
#16464 = VERTEX_POINT('',#16465);
#16465 = CARTESIAN_POINT('',(-0.739631845382,1.367364817767,
    1.291151070081));
#16466 = LINE('',#16467,#16468);
#16467 = CARTESIAN_POINT('',(-0.717996564996,1.490064590084,
    1.269515789695));
#16468 = VECTOR('',#16469,1.);
#16469 = DIRECTION('',(0.171087869746,0.970287525248,-0.171087869746));
#16470 = ORIENTED_EDGE('',*,*,#16471,.T.);
#16471 = EDGE_CURVE('',#16464,#16472,#16474,.T.);
#16472 = VERTEX_POINT('',#16473);
#16473 = CARTESIAN_POINT('',(-0.739631845382,1.367364817767,
    -1.291151070081));
#16474 = LINE('',#16475,#16476);
#16475 = CARTESIAN_POINT('',(-0.739631845382,1.367364817767,
    -1.375061033199));
#16476 = VECTOR('',#16477,1.);
#16477 = DIRECTION('',(3.454095057033E-15,6.999020052605E-32,-1.));
#16478 = ORIENTED_EDGE('',*,*,#16479,.T.);
#16479 = EDGE_CURVE('',#16472,#16480,#16482,.T.);
#16480 = VERTEX_POINT('',#16481);
#16481 = CARTESIAN_POINT('',(-0.799988631207,1.025064475631,
    -1.351507855905));
#16482 = LINE('',#16483,#16484);
#16483 = CARTESIAN_POINT('',(-0.802882636601,1.00865175545,-1.3544018613
    ));
#16484 = VECTOR('',#16485,1.);
#16485 = DIRECTION('',(-0.171087869746,-0.970287525248,-0.171087869746)
  );
#16486 = ORIENTED_EDGE('',*,*,#16487,.T.);
#16487 = EDGE_CURVE('',#16480,#16432,#16488,.T.);
#16488 = ( BOUNDED_CURVE() B_SPLINE_CURVE(3,(#16489,#16490,#16491,#16492
),.UNSPECIFIED.,.F.,.F.) B_SPLINE_CURVE_WITH_KNOTS((4,4),(6.268106176683
,6.28318530718),.PIECEWISE_BEZIER_KNOTS.) CURVE() 
GEOMETRIC_REPRESENTATION_ITEM() RATIONAL_B_SPLINE_CURVE((1.,
0.999981051742,0.999981051742,1.)) REPRESENTATION_ITEM('') );
#16489 = CARTESIAN_POINT('',(-0.799988631207,1.025064475631,
    -1.351507855905));
#16490 = CARTESIAN_POINT('',(-0.79999621033,1.025021492284,
    -1.351005270604));
#16491 = CARTESIAN_POINT('',(-0.8,1.025,-1.350502642445));
#16492 = CARTESIAN_POINT('',(-0.8,1.025,-1.35));
#16493 = PLANE('',#16494);
#16494 = AXIS2_PLACEMENT_3D('',#16495,#16496,#16497);
#16495 = CARTESIAN_POINT('',(-0.8,1.025,-1.45));
#16496 = DIRECTION('',(-0.984807753012,0.173648177667,
    -3.401619591808E-15));
#16497 = DIRECTION('',(-0.173648177667,-0.984807753012,
    -6.062893718482E-16));
#16498 = ADVANCED_FACE('',(#16499),#16542,.T.);
#16499 = FACE_BOUND('',#16500,.T.);
#16500 = EDGE_LOOP('',(#16501,#16502,#16511,#16519,#16527,#16535));
#16501 = ORIENTED_EDGE('',*,*,#16311,.T.);
#16502 = ORIENTED_EDGE('',*,*,#16503,.T.);
#16503 = EDGE_CURVE('',#16304,#16504,#16506,.T.);
#16504 = VERTEX_POINT('',#16505);
#16505 = CARTESIAN_POINT('',(0.701507855905,1.025064475631,
    1.449988631207));
#16506 = ( BOUNDED_CURVE() B_SPLINE_CURVE(3,(#16507,#16508,#16509,#16510
),.UNSPECIFIED.,.F.,.F.) B_SPLINE_CURVE_WITH_KNOTS((4,4),(0.,
1.507913049648E-02),.PIECEWISE_BEZIER_KNOTS.) CURVE() 
GEOMETRIC_REPRESENTATION_ITEM() RATIONAL_B_SPLINE_CURVE((1.,
0.999981051742,0.999981051742,1.)) REPRESENTATION_ITEM('') );
#16507 = CARTESIAN_POINT('',(0.7,1.025,1.45));
#16508 = CARTESIAN_POINT('',(0.700502642445,1.025,1.45));
#16509 = CARTESIAN_POINT('',(0.701005270604,1.025021492284,1.44999621033
    ));
#16510 = CARTESIAN_POINT('',(0.701507855905,1.025064475631,
    1.449988631207));
#16511 = ORIENTED_EDGE('',*,*,#16512,.T.);
#16512 = EDGE_CURVE('',#16504,#16513,#16515,.T.);
#16513 = VERTEX_POINT('',#16514);
#16514 = CARTESIAN_POINT('',(0.641151070081,1.367364817767,
    1.389631845382));
#16515 = LINE('',#16516,#16517);
#16516 = CARTESIAN_POINT('',(0.657568166621,1.274258836627,
    1.406048941923));
#16517 = VECTOR('',#16518,1.);
#16518 = DIRECTION('',(-0.171087869746,0.970287525248,-0.171087869746));
#16519 = ORIENTED_EDGE('',*,*,#16520,.T.);
#16520 = EDGE_CURVE('',#16513,#16521,#16523,.T.);
#16521 = VERTEX_POINT('',#16522);
#16522 = CARTESIAN_POINT('',(-0.641151070081,1.367364817767,
    1.389631845382));
#16523 = LINE('',#16524,#16525);
#16524 = CARTESIAN_POINT('',(-0.725061033199,1.367364817767,
    1.389631845382));
#16525 = VECTOR('',#16526,1.);
#16526 = DIRECTION('',(-1.,-0.,-3.220430795722E-15));
#16527 = ORIENTED_EDGE('',*,*,#16528,.T.);
#16528 = EDGE_CURVE('',#16521,#16529,#16531,.T.);
#16529 = VERTEX_POINT('',#16530);
#16530 = CARTESIAN_POINT('',(-0.701507855905,1.025064475631,
    1.449988631207));
#16531 = LINE('',#16532,#16533);
#16532 = CARTESIAN_POINT('',(-0.7044018613,1.00865175545,1.452882636601)
  );
#16533 = VECTOR('',#16534,1.);
#16534 = DIRECTION('',(-0.171087869746,-0.970287525248,0.171087869746));
#16535 = ORIENTED_EDGE('',*,*,#16536,.T.);
#16536 = EDGE_CURVE('',#16529,#16312,#16537,.T.);
#16537 = ( BOUNDED_CURVE() B_SPLINE_CURVE(3,(#16538,#16539,#16540,#16541
),.UNSPECIFIED.,.F.,.F.) B_SPLINE_CURVE_WITH_KNOTS((4,4),(6.268106176683
,6.28318530718),.PIECEWISE_BEZIER_KNOTS.) CURVE() 
GEOMETRIC_REPRESENTATION_ITEM() RATIONAL_B_SPLINE_CURVE((1.,
0.999981051742,0.999981051742,1.)) REPRESENTATION_ITEM('') );
#16538 = CARTESIAN_POINT('',(-0.701507855905,1.025064475631,
    1.449988631207));
#16539 = CARTESIAN_POINT('',(-0.701005270604,1.025021492284,
    1.44999621033));
#16540 = CARTESIAN_POINT('',(-0.700502642445,1.025,1.45));
#16541 = CARTESIAN_POINT('',(-0.7,1.025,1.45));
#16542 = PLANE('',#16543);
#16543 = AXIS2_PLACEMENT_3D('',#16544,#16545,#16546);
#16544 = CARTESIAN_POINT('',(-0.8,1.025,1.45));
#16545 = DIRECTION('',(-3.171505215666E-15,0.173648177667,0.984807753012
    ));
#16546 = DIRECTION('',(6.062893718482E-16,0.984807753012,-0.173648177667
    ));
#16547 = ADVANCED_FACE('',(#16548),#16591,.T.);
#16548 = FACE_BOUND('',#16549,.T.);
#16549 = EDGE_LOOP('',(#16550,#16560,#16567,#16568,#16577,#16585));
#16550 = ORIENTED_EDGE('',*,*,#16551,.T.);
#16551 = EDGE_CURVE('',#16552,#16554,#16556,.T.);
#16552 = VERTEX_POINT('',#16553);
#16553 = CARTESIAN_POINT('',(0.739631845382,1.367364817767,
    1.291151070081));
#16554 = VERTEX_POINT('',#16555);
#16555 = CARTESIAN_POINT('',(0.799988631207,1.025064475631,
    1.351507855905));
#16556 = LINE('',#16557,#16558);
#16557 = CARTESIAN_POINT('',(0.802882636601,1.00865175545,1.3544018613)
  );
#16558 = VECTOR('',#16559,1.);
#16559 = DIRECTION('',(0.171087869746,-0.970287525248,0.171087869746));
#16560 = ORIENTED_EDGE('',*,*,#16561,.T.);
#16561 = EDGE_CURVE('',#16554,#16334,#16562,.T.);
#16562 = ( BOUNDED_CURVE() B_SPLINE_CURVE(3,(#16563,#16564,#16565,#16566
),.UNSPECIFIED.,.F.,.F.) B_SPLINE_CURVE_WITH_KNOTS((4,4),(6.268106176683
,6.28318530718),.PIECEWISE_BEZIER_KNOTS.) CURVE() 
GEOMETRIC_REPRESENTATION_ITEM() RATIONAL_B_SPLINE_CURVE((1.,
0.999981051742,0.999981051742,1.)) REPRESENTATION_ITEM('') );
#16563 = CARTESIAN_POINT('',(0.799988631207,1.025064475631,
    1.351507855905));
#16564 = CARTESIAN_POINT('',(0.79999621033,1.025021492284,1.351005270604
    ));
#16565 = CARTESIAN_POINT('',(0.8,1.025,1.350502642445));
#16566 = CARTESIAN_POINT('',(0.8,1.025,1.35));
#16567 = ORIENTED_EDGE('',*,*,#16333,.T.);
#16568 = ORIENTED_EDGE('',*,*,#16569,.T.);
#16569 = EDGE_CURVE('',#16336,#16570,#16572,.T.);
#16570 = VERTEX_POINT('',#16571);
#16571 = CARTESIAN_POINT('',(0.799988631207,1.025064475631,
    -1.351507855905));
#16572 = ( BOUNDED_CURVE() B_SPLINE_CURVE(3,(#16573,#16574,#16575,#16576
),.UNSPECIFIED.,.F.,.F.) B_SPLINE_CURVE_WITH_KNOTS((4,4),(
    7.622827667245E-16,1.507913049648E-02),.PIECEWISE_BEZIER_KNOTS.) 
CURVE() GEOMETRIC_REPRESENTATION_ITEM() RATIONAL_B_SPLINE_CURVE((1.,
0.999981051742,0.999981051742,1.)) REPRESENTATION_ITEM('') );
#16573 = CARTESIAN_POINT('',(0.8,1.025,-1.35));
#16574 = CARTESIAN_POINT('',(0.8,1.025,-1.350502642445));
#16575 = CARTESIAN_POINT('',(0.79999621033,1.025021492284,
    -1.351005270604));
#16576 = CARTESIAN_POINT('',(0.799988631207,1.025064475631,
    -1.351507855905));
#16577 = ORIENTED_EDGE('',*,*,#16578,.T.);
#16578 = EDGE_CURVE('',#16570,#16579,#16581,.T.);
#16579 = VERTEX_POINT('',#16580);
#16580 = CARTESIAN_POINT('',(0.739631845382,1.367364817767,
    -1.291151070081));
#16581 = LINE('',#16582,#16583);
#16582 = CARTESIAN_POINT('',(0.717996564996,1.490064590084,
    -1.269515789695));
#16583 = VECTOR('',#16584,1.);
#16584 = DIRECTION('',(-0.171087869746,0.970287525248,0.171087869746));
#16585 = ORIENTED_EDGE('',*,*,#16586,.T.);
#16586 = EDGE_CURVE('',#16579,#16552,#16587,.T.);
#16587 = LINE('',#16588,#16589);
#16588 = CARTESIAN_POINT('',(0.739631845382,1.367364817767,
    1.375061033199));
#16589 = VECTOR('',#16590,1.);
#16590 = DIRECTION('',(-2.930687111695E-15,1.498071213891E-33,1.));
#16591 = PLANE('',#16592);
#16592 = AXIS2_PLACEMENT_3D('',#16593,#16594,#16595);
#16593 = CARTESIAN_POINT('',(0.8,1.025,1.45));
#16594 = DIRECTION('',(0.984807753012,0.173648177667,2.886163389251E-15)
  );
#16595 = DIRECTION('',(-0.173648177667,0.984807753012,
    -6.062893718482E-16));
#16596 = ADVANCED_FACE('',(#16597),#16640,.T.);
#16597 = FACE_BOUND('',#16598,.T.);
#16598 = EDGE_LOOP('',(#16599,#16609,#16616,#16617,#16626,#16634));
#16599 = ORIENTED_EDGE('',*,*,#16600,.T.);
#16600 = EDGE_CURVE('',#16601,#16603,#16605,.T.);
#16601 = VERTEX_POINT('',#16602);
#16602 = CARTESIAN_POINT('',(0.641151070081,1.367364817767,
    -1.389631845382));
#16603 = VERTEX_POINT('',#16604);
#16604 = CARTESIAN_POINT('',(0.701507855905,1.025064475631,
    -1.449988631207));
#16605 = LINE('',#16606,#16607);
#16606 = CARTESIAN_POINT('',(0.7044018613,1.00865175545,-1.452882636601)
  );
#16607 = VECTOR('',#16608,1.);
#16608 = DIRECTION('',(0.171087869746,-0.970287525248,-0.171087869746));
#16609 = ORIENTED_EDGE('',*,*,#16610,.T.);
#16610 = EDGE_CURVE('',#16603,#16374,#16611,.T.);
#16611 = ( BOUNDED_CURVE() B_SPLINE_CURVE(3,(#16612,#16613,#16614,#16615
),.UNSPECIFIED.,.F.,.F.) B_SPLINE_CURVE_WITH_KNOTS((4,4),(6.268106176683
,6.28318530718),.PIECEWISE_BEZIER_KNOTS.) CURVE() 
GEOMETRIC_REPRESENTATION_ITEM() RATIONAL_B_SPLINE_CURVE((1.,
0.999981051742,0.999981051742,1.)) REPRESENTATION_ITEM('') );
#16612 = CARTESIAN_POINT('',(0.701507855905,1.025064475631,
    -1.449988631207));
#16613 = CARTESIAN_POINT('',(0.701005270604,1.025021492284,
    -1.44999621033));
#16614 = CARTESIAN_POINT('',(0.700502642445,1.025,-1.45));
#16615 = CARTESIAN_POINT('',(0.7,1.025,-1.45));
#16616 = ORIENTED_EDGE('',*,*,#16373,.T.);
#16617 = ORIENTED_EDGE('',*,*,#16618,.T.);
#16618 = EDGE_CURVE('',#16376,#16619,#16621,.T.);
#16619 = VERTEX_POINT('',#16620);
#16620 = CARTESIAN_POINT('',(-0.701507855905,1.025064475631,
    -1.449988631207));
#16621 = ( BOUNDED_CURVE() B_SPLINE_CURVE(3,(#16622,#16623,#16624,#16625
),.UNSPECIFIED.,.F.,.F.) B_SPLINE_CURVE_WITH_KNOTS((4,4),(0.,
1.507913049648E-02),.PIECEWISE_BEZIER_KNOTS.) CURVE() 
GEOMETRIC_REPRESENTATION_ITEM() RATIONAL_B_SPLINE_CURVE((1.,
0.999981051742,0.999981051742,1.)) REPRESENTATION_ITEM('') );
#16622 = CARTESIAN_POINT('',(-0.7,1.025,-1.45));
#16623 = CARTESIAN_POINT('',(-0.700502642445,1.025,-1.45));
#16624 = CARTESIAN_POINT('',(-0.701005270604,1.025021492284,
    -1.44999621033));
#16625 = CARTESIAN_POINT('',(-0.701507855905,1.025064475631,
    -1.449988631207));
#16626 = ORIENTED_EDGE('',*,*,#16627,.T.);
#16627 = EDGE_CURVE('',#16619,#16628,#16630,.T.);
#16628 = VERTEX_POINT('',#16629);
#16629 = CARTESIAN_POINT('',(-0.641151070081,1.367364817767,
    -1.389631845382));
#16630 = LINE('',#16631,#16632);
#16631 = CARTESIAN_POINT('',(-0.657568166621,1.274258836627,
    -1.406048941923));
#16632 = VECTOR('',#16633,1.);
#16633 = DIRECTION('',(0.171087869746,0.970287525248,0.171087869746));
#16634 = ORIENTED_EDGE('',*,*,#16635,.T.);
#16635 = EDGE_CURVE('',#16628,#16601,#16636,.T.);
#16636 = LINE('',#16637,#16638);
#16637 = CARTESIAN_POINT('',(0.725061033199,1.367364817767,
    -1.389631845382));
#16638 = VECTOR('',#16639,1.);
#16639 = DIRECTION('',(1.,-0.,3.220430795722E-15));
#16640 = PLANE('',#16641);
#16641 = AXIS2_PLACEMENT_3D('',#16642,#16643,#16644);
#16642 = CARTESIAN_POINT('',(0.8,1.025,-1.45));
#16643 = DIRECTION('',(3.171505215666E-15,0.173648177667,-0.984807753012
    ));
#16644 = DIRECTION('',(6.062893718482E-16,-0.984807753012,
    -0.173648177667));
#16645 = ADVANCED_FACE('',(#16646,#16680),#16690,.T.);
#16646 = FACE_BOUND('',#16647,.T.);
#16647 = EDGE_LOOP('',(#16648,#16658,#16666,#16674));
#16648 = ORIENTED_EDGE('',*,*,#16649,.T.);
#16649 = EDGE_CURVE('',#16650,#16652,#16654,.T.);
#16650 = VERTEX_POINT('',#16651);
#16651 = CARTESIAN_POINT('',(-0.641151070081,1.45,-1.291151070081));
#16652 = VERTEX_POINT('',#16653);
#16653 = CARTESIAN_POINT('',(-0.641151070081,1.45,1.291151070081));
#16654 = LINE('',#16655,#16656);
#16655 = CARTESIAN_POINT('',(-0.641151070081,1.45,1.375061033199));
#16656 = VECTOR('',#16657,1.);
#16657 = DIRECTION('',(-3.454095057033E-15,-0.,1.));
#16658 = ORIENTED_EDGE('',*,*,#16659,.T.);
#16659 = EDGE_CURVE('',#16652,#16660,#16662,.T.);
#16660 = VERTEX_POINT('',#16661);
#16661 = CARTESIAN_POINT('',(0.641151070081,1.45,1.291151070081));
#16662 = LINE('',#16663,#16664);
#16663 = CARTESIAN_POINT('',(0.725061033199,1.45,1.291151070081));
#16664 = VECTOR('',#16665,1.);
#16665 = DIRECTION('',(1.,-0.,3.220430795722E-15));
#16666 = ORIENTED_EDGE('',*,*,#16667,.T.);
#16667 = EDGE_CURVE('',#16660,#16668,#16670,.T.);
#16668 = VERTEX_POINT('',#16669);
#16669 = CARTESIAN_POINT('',(0.641151070081,1.45,-1.291151070081));
#16670 = LINE('',#16671,#16672);
#16671 = CARTESIAN_POINT('',(0.641151070081,1.45,-1.375061033199));
#16672 = VECTOR('',#16673,1.);
#16673 = DIRECTION('',(2.930687111695E-15,-0.,-1.));
#16674 = ORIENTED_EDGE('',*,*,#16675,.T.);
#16675 = EDGE_CURVE('',#16668,#16650,#16676,.T.);
#16676 = LINE('',#16677,#16678);
#16677 = CARTESIAN_POINT('',(-0.725061033199,1.45,-1.291151070081));
#16678 = VECTOR('',#16679,1.);
#16679 = DIRECTION('',(-1.,0.,-3.220430795722E-15));
#16680 = FACE_BOUND('',#16681,.T.);
#16681 = EDGE_LOOP('',(#16682,#16689));
#16682 = ORIENTED_EDGE('',*,*,#16683,.F.);
#16683 = EDGE_CURVE('',#16254,#16262,#16684,.T.);
#16684 = CIRCLE('',#16685,0.15);
#16685 = AXIS2_PLACEMENT_3D('',#16686,#16687,#16688);
#16686 = CARTESIAN_POINT('',(-0.425061033199,1.45,-1.075061033199));
#16687 = DIRECTION('',(0.,1.,0.));
#16688 = DIRECTION('',(-1.,0.,-2.891205793295E-15));
#16689 = ORIENTED_EDGE('',*,*,#16261,.F.);
#16690 = PLANE('',#16691);
#16691 = AXIS2_PLACEMENT_3D('',#16692,#16693,#16694);
#16692 = CARTESIAN_POINT('',(0.,1.45,0.));
#16693 = DIRECTION('',(0.,1.,0.));
#16694 = DIRECTION('',(-1.,0.,-3.491481338843E-15));
#16695 = ADVANCED_FACE('',(#16696),#16739,.T.);
#16696 = FACE_BOUND('',#16697,.T.);
#16697 = EDGE_LOOP('',(#16698,#16699,#16708,#16716,#16724,#16732));
#16698 = ORIENTED_EDGE('',*,*,#16351,.F.);
#16699 = ORIENTED_EDGE('',*,*,#16700,.T.);
#16700 = EDGE_CURVE('',#16344,#16701,#16703,.T.);
#16701 = VERTEX_POINT('',#16702);
#16702 = CARTESIAN_POINT('',(0.799988631207,0.874935524369,
    1.351507855905));
#16703 = ( BOUNDED_CURVE() B_SPLINE_CURVE(3,(#16704,#16705,#16706,#16707
),.UNSPECIFIED.,.F.,.F.) B_SPLINE_CURVE_WITH_KNOTS((4,4),(3.14159265359,
3.156671784086),.PIECEWISE_BEZIER_KNOTS.) CURVE() 
GEOMETRIC_REPRESENTATION_ITEM() RATIONAL_B_SPLINE_CURVE((1.,
0.999981051742,0.999981051742,1.)) REPRESENTATION_ITEM('') );
#16704 = CARTESIAN_POINT('',(0.8,0.875,1.35));
#16705 = CARTESIAN_POINT('',(0.8,0.875,1.350502642445));
#16706 = CARTESIAN_POINT('',(0.79999621033,0.874978507716,1.351005270604
    ));
#16707 = CARTESIAN_POINT('',(0.799988631207,0.874935524369,
    1.351507855905));
#16708 = ORIENTED_EDGE('',*,*,#16709,.T.);
#16709 = EDGE_CURVE('',#16701,#16710,#16712,.T.);
#16710 = VERTEX_POINT('',#16711);
#16711 = CARTESIAN_POINT('',(0.68673375117,0.232635182233,1.238252975869
    ));
#16712 = LINE('',#16713,#16714);
#16713 = CARTESIAN_POINT('',(0.717996564996,0.409935409916,
    1.269515789695));
#16714 = VECTOR('',#16715,1.);
#16715 = DIRECTION('',(-0.171087869746,-0.970287525248,-0.171087869746)
  );
#16716 = ORIENTED_EDGE('',*,*,#16717,.T.);
#16717 = EDGE_CURVE('',#16710,#16718,#16720,.T.);
#16718 = VERTEX_POINT('',#16719);
#16719 = CARTESIAN_POINT('',(0.68673375117,0.232635182233,
    -1.238252975869));
#16720 = LINE('',#16721,#16722);
#16721 = CARTESIAN_POINT('',(0.68673375117,0.232635182233,
    -1.322162938986));
#16722 = VECTOR('',#16723,1.);
#16723 = DIRECTION('',(2.930687111695E-15,1.498071213891E-33,-1.));
#16724 = ORIENTED_EDGE('',*,*,#16725,.T.);
#16725 = EDGE_CURVE('',#16718,#16726,#16728,.T.);
#16726 = VERTEX_POINT('',#16727);
#16727 = CARTESIAN_POINT('',(0.799988631207,0.874935524369,
    -1.351507855905));
#16728 = LINE('',#16729,#16730);
#16729 = CARTESIAN_POINT('',(0.802882636601,0.89134824455,-1.3544018613)
  );
#16730 = VECTOR('',#16731,1.);
#16731 = DIRECTION('',(0.171087869746,0.970287525248,-0.171087869746));
#16732 = ORIENTED_EDGE('',*,*,#16733,.T.);
#16733 = EDGE_CURVE('',#16726,#16352,#16734,.T.);
#16734 = ( BOUNDED_CURVE() B_SPLINE_CURVE(3,(#16735,#16736,#16737,#16738
),.UNSPECIFIED.,.F.,.F.) B_SPLINE_CURVE_WITH_KNOTS((4,4),(3.126513523093
,3.14159265359),.PIECEWISE_BEZIER_KNOTS.) CURVE() 
GEOMETRIC_REPRESENTATION_ITEM() RATIONAL_B_SPLINE_CURVE((1.,
0.999981051742,0.999981051742,1.)) REPRESENTATION_ITEM('') );
#16735 = CARTESIAN_POINT('',(0.799988631207,0.874935524369,
    -1.351507855905));
#16736 = CARTESIAN_POINT('',(0.79999621033,0.874978507716,
    -1.351005270604));
#16737 = CARTESIAN_POINT('',(0.8,0.875,-1.350502642445));
#16738 = CARTESIAN_POINT('',(0.8,0.875,-1.35));
#16739 = PLANE('',#16740);
#16740 = AXIS2_PLACEMENT_3D('',#16741,#16742,#16743);
#16741 = CARTESIAN_POINT('',(0.8,0.875,-1.45));
#16742 = DIRECTION('',(0.984807753012,-0.173648177667,2.886163389251E-15
    ));
#16743 = DIRECTION('',(0.173648177667,0.984807753012,6.062893718482E-16)
  );
#16744 = ADVANCED_FACE('',(#16745),#16788,.T.);
#16745 = FACE_BOUND('',#16746,.T.);
#16746 = EDGE_LOOP('',(#16747,#16757,#16764,#16765,#16774,#16782));
#16747 = ORIENTED_EDGE('',*,*,#16748,.T.);
#16748 = EDGE_CURVE('',#16749,#16751,#16753,.T.);
#16749 = VERTEX_POINT('',#16750);
#16750 = CARTESIAN_POINT('',(0.588252975869,0.232635182233,1.33673375117
    ));
#16751 = VERTEX_POINT('',#16752);
#16752 = CARTESIAN_POINT('',(0.701507855905,0.874935524369,
    1.449988631207));
#16753 = LINE('',#16754,#16755);
#16754 = CARTESIAN_POINT('',(0.7044018613,0.89134824455,1.452882636601)
  );
#16755 = VECTOR('',#16756,1.);
#16756 = DIRECTION('',(0.171087869746,0.970287525248,0.171087869746));
#16757 = ORIENTED_EDGE('',*,*,#16758,.T.);
#16758 = EDGE_CURVE('',#16751,#16296,#16759,.T.);
#16759 = ( BOUNDED_CURVE() B_SPLINE_CURVE(3,(#16760,#16761,#16762,#16763
),.UNSPECIFIED.,.F.,.F.) B_SPLINE_CURVE_WITH_KNOTS((4,4),(3.126513523093
,3.14159265359),.PIECEWISE_BEZIER_KNOTS.) CURVE() 
GEOMETRIC_REPRESENTATION_ITEM() RATIONAL_B_SPLINE_CURVE((1.,
0.999981051742,0.999981051742,1.)) REPRESENTATION_ITEM('') );
#16760 = CARTESIAN_POINT('',(0.701507855905,0.874935524369,
    1.449988631207));
#16761 = CARTESIAN_POINT('',(0.701005270604,0.874978507716,1.44999621033
    ));
#16762 = CARTESIAN_POINT('',(0.700502642445,0.875,1.45));
#16763 = CARTESIAN_POINT('',(0.7,0.875,1.45));
#16764 = ORIENTED_EDGE('',*,*,#16293,.F.);
#16765 = ORIENTED_EDGE('',*,*,#16766,.T.);
#16766 = EDGE_CURVE('',#16294,#16767,#16769,.T.);
#16767 = VERTEX_POINT('',#16768);
#16768 = CARTESIAN_POINT('',(-0.701507855905,0.874935524369,
    1.449988631207));
#16769 = ( BOUNDED_CURVE() B_SPLINE_CURVE(3,(#16770,#16771,#16772,#16773
),.UNSPECIFIED.,.F.,.F.) B_SPLINE_CURVE_WITH_KNOTS((4,4),(3.14159265359,
3.156671784086),.PIECEWISE_BEZIER_KNOTS.) CURVE() 
GEOMETRIC_REPRESENTATION_ITEM() RATIONAL_B_SPLINE_CURVE((1.,
0.999981051742,0.999981051742,1.)) REPRESENTATION_ITEM('') );
#16770 = CARTESIAN_POINT('',(-0.7,0.875,1.45));
#16771 = CARTESIAN_POINT('',(-0.700502642445,0.875,1.45));
#16772 = CARTESIAN_POINT('',(-0.701005270604,0.874978507716,
    1.44999621033));
#16773 = CARTESIAN_POINT('',(-0.701507855905,0.874935524369,
    1.449988631207));
#16774 = ORIENTED_EDGE('',*,*,#16775,.T.);
#16775 = EDGE_CURVE('',#16767,#16776,#16778,.T.);
#16776 = VERTEX_POINT('',#16777);
#16777 = CARTESIAN_POINT('',(-0.588252975869,0.232635182233,
    1.33673375117));
#16778 = LINE('',#16779,#16780);
#16779 = CARTESIAN_POINT('',(-0.657568166621,0.625741163373,
    1.406048941923));
#16780 = VECTOR('',#16781,1.);
#16781 = DIRECTION('',(0.171087869746,-0.970287525248,-0.171087869746));
#16782 = ORIENTED_EDGE('',*,*,#16783,.T.);
#16783 = EDGE_CURVE('',#16776,#16749,#16784,.T.);
#16784 = LINE('',#16785,#16786);
#16785 = CARTESIAN_POINT('',(0.672162938986,0.232635182233,1.33673375117
    ));
#16786 = VECTOR('',#16787,1.);
#16787 = DIRECTION('',(1.,-0.,3.220430795722E-15));
#16788 = PLANE('',#16789);
#16789 = AXIS2_PLACEMENT_3D('',#16790,#16791,#16792);
#16790 = CARTESIAN_POINT('',(0.8,0.875,1.45));
#16791 = DIRECTION('',(-3.171505215666E-15,-0.173648177667,
    0.984807753012));
#16792 = DIRECTION('',(-6.062893718482E-16,0.984807753012,0.173648177667
    ));
#16793 = ADVANCED_FACE('',(#16794),#16837,.T.);
#16794 = FACE_BOUND('',#16795,.T.);
#16795 = EDGE_LOOP('',(#16796,#16806,#16813,#16814,#16823,#16831));
#16796 = ORIENTED_EDGE('',*,*,#16797,.T.);
#16797 = EDGE_CURVE('',#16798,#16800,#16802,.T.);
#16798 = VERTEX_POINT('',#16799);
#16799 = CARTESIAN_POINT('',(-0.68673375117,0.232635182233,
    1.238252975869));
#16800 = VERTEX_POINT('',#16801);
#16801 = CARTESIAN_POINT('',(-0.799988631207,0.874935524369,
    1.351507855905));
#16802 = LINE('',#16803,#16804);
#16803 = CARTESIAN_POINT('',(-0.802882636601,0.89134824455,1.3544018613)
  );
#16804 = VECTOR('',#16805,1.);
#16805 = DIRECTION('',(-0.171087869746,0.970287525248,0.171087869746));
#16806 = ORIENTED_EDGE('',*,*,#16807,.T.);
#16807 = EDGE_CURVE('',#16800,#16416,#16808,.T.);
#16808 = ( BOUNDED_CURVE() B_SPLINE_CURVE(3,(#16809,#16810,#16811,#16812
),.UNSPECIFIED.,.F.,.F.) B_SPLINE_CURVE_WITH_KNOTS((4,4),(3.126513523093
,3.14159265359),.PIECEWISE_BEZIER_KNOTS.) CURVE() 
GEOMETRIC_REPRESENTATION_ITEM() RATIONAL_B_SPLINE_CURVE((1.,
0.999981051742,0.999981051742,1.)) REPRESENTATION_ITEM('') );
#16809 = CARTESIAN_POINT('',(-0.799988631207,0.874935524369,
    1.351507855905));
#16810 = CARTESIAN_POINT('',(-0.79999621033,0.874978507716,
    1.351005270604));
#16811 = CARTESIAN_POINT('',(-0.8,0.875,1.350502642445));
#16812 = CARTESIAN_POINT('',(-0.8,0.875,1.35));
#16813 = ORIENTED_EDGE('',*,*,#16413,.F.);
#16814 = ORIENTED_EDGE('',*,*,#16815,.T.);
#16815 = EDGE_CURVE('',#16414,#16816,#16818,.T.);
#16816 = VERTEX_POINT('',#16817);
#16817 = CARTESIAN_POINT('',(-0.799988631207,0.874935524369,
    -1.351507855905));
#16818 = ( BOUNDED_CURVE() B_SPLINE_CURVE(3,(#16819,#16820,#16821,#16822
),.UNSPECIFIED.,.F.,.F.) B_SPLINE_CURVE_WITH_KNOTS((4,4),(3.14159265359,
3.156671784086),.PIECEWISE_BEZIER_KNOTS.) CURVE() 
GEOMETRIC_REPRESENTATION_ITEM() RATIONAL_B_SPLINE_CURVE((1.,
0.999981051742,0.999981051742,1.)) REPRESENTATION_ITEM('') );
#16819 = CARTESIAN_POINT('',(-0.8,0.875,-1.35));
#16820 = CARTESIAN_POINT('',(-0.8,0.875,-1.350502642445));
#16821 = CARTESIAN_POINT('',(-0.79999621033,0.874978507716,
    -1.351005270604));
#16822 = CARTESIAN_POINT('',(-0.799988631207,0.874935524369,
    -1.351507855905));
#16823 = ORIENTED_EDGE('',*,*,#16824,.T.);
#16824 = EDGE_CURVE('',#16816,#16825,#16827,.T.);
#16825 = VERTEX_POINT('',#16826);
#16826 = CARTESIAN_POINT('',(-0.68673375117,0.232635182233,
    -1.238252975869));
#16827 = LINE('',#16828,#16829);
#16828 = CARTESIAN_POINT('',(-0.717996564996,0.409935409916,
    -1.269515789695));
#16829 = VECTOR('',#16830,1.);
#16830 = DIRECTION('',(0.171087869746,-0.970287525248,0.171087869746));
#16831 = ORIENTED_EDGE('',*,*,#16832,.T.);
#16832 = EDGE_CURVE('',#16825,#16798,#16833,.T.);
#16833 = LINE('',#16834,#16835);
#16834 = CARTESIAN_POINT('',(-0.68673375117,0.232635182233,
    1.322162938986));
#16835 = VECTOR('',#16836,1.);
#16836 = DIRECTION('',(-3.454095057033E-15,6.999020052605E-32,1.));
#16837 = PLANE('',#16838);
#16838 = AXIS2_PLACEMENT_3D('',#16839,#16840,#16841);
#16839 = CARTESIAN_POINT('',(-0.8,0.875,1.45));
#16840 = DIRECTION('',(-0.984807753012,-0.173648177667,
    -3.401619591808E-15));
#16841 = DIRECTION('',(0.173648177667,-0.984807753012,6.062893718482E-16
    ));
#16842 = ADVANCED_FACE('',(#16843),#16886,.T.);
#16843 = FACE_BOUND('',#16844,.T.);
#16844 = EDGE_LOOP('',(#16845,#16846,#16855,#16863,#16871,#16879));
#16845 = ORIENTED_EDGE('',*,*,#16391,.F.);
#16846 = ORIENTED_EDGE('',*,*,#16847,.T.);
#16847 = EDGE_CURVE('',#16384,#16848,#16850,.T.);
#16848 = VERTEX_POINT('',#16849);
#16849 = CARTESIAN_POINT('',(0.701507855905,0.874935524369,
    -1.449988631207));
#16850 = ( BOUNDED_CURVE() B_SPLINE_CURVE(3,(#16851,#16852,#16853,#16854
),.UNSPECIFIED.,.F.,.F.) B_SPLINE_CURVE_WITH_KNOTS((4,4),(3.14159265359,
3.156671784086),.PIECEWISE_BEZIER_KNOTS.) CURVE() 
GEOMETRIC_REPRESENTATION_ITEM() RATIONAL_B_SPLINE_CURVE((1.,
0.999981051742,0.999981051742,1.)) REPRESENTATION_ITEM('') );
#16851 = CARTESIAN_POINT('',(0.7,0.875,-1.45));
#16852 = CARTESIAN_POINT('',(0.700502642445,0.875,-1.45));
#16853 = CARTESIAN_POINT('',(0.701005270604,0.874978507716,
    -1.44999621033));
#16854 = CARTESIAN_POINT('',(0.701507855905,0.874935524369,
    -1.449988631207));
#16855 = ORIENTED_EDGE('',*,*,#16856,.T.);
#16856 = EDGE_CURVE('',#16848,#16857,#16859,.T.);
#16857 = VERTEX_POINT('',#16858);
#16858 = CARTESIAN_POINT('',(0.588252975869,0.232635182233,
    -1.33673375117));
#16859 = LINE('',#16860,#16861);
#16860 = CARTESIAN_POINT('',(0.657568166621,0.625741163373,
    -1.406048941923));
#16861 = VECTOR('',#16862,1.);
#16862 = DIRECTION('',(-0.171087869746,-0.970287525248,0.171087869746));
#16863 = ORIENTED_EDGE('',*,*,#16864,.T.);
#16864 = EDGE_CURVE('',#16857,#16865,#16867,.T.);
#16865 = VERTEX_POINT('',#16866);
#16866 = CARTESIAN_POINT('',(-0.588252975869,0.232635182233,
    -1.33673375117));
#16867 = LINE('',#16868,#16869);
#16868 = CARTESIAN_POINT('',(-0.672162938986,0.232635182233,
    -1.33673375117));
#16869 = VECTOR('',#16870,1.);
#16870 = DIRECTION('',(-1.,-0.,-3.220430795722E-15));
#16871 = ORIENTED_EDGE('',*,*,#16872,.T.);
#16872 = EDGE_CURVE('',#16865,#16873,#16875,.T.);
#16873 = VERTEX_POINT('',#16874);
#16874 = CARTESIAN_POINT('',(-0.701507855905,0.874935524369,
    -1.449988631207));
#16875 = LINE('',#16876,#16877);
#16876 = CARTESIAN_POINT('',(-0.7044018613,0.89134824455,-1.452882636601
    ));
#16877 = VECTOR('',#16878,1.);
#16878 = DIRECTION('',(-0.171087869746,0.970287525248,-0.171087869746));
#16879 = ORIENTED_EDGE('',*,*,#16880,.T.);
#16880 = EDGE_CURVE('',#16873,#16392,#16881,.T.);
#16881 = ( BOUNDED_CURVE() B_SPLINE_CURVE(3,(#16882,#16883,#16884,#16885
),.UNSPECIFIED.,.F.,.F.) B_SPLINE_CURVE_WITH_KNOTS((4,4),(3.126513523093
,3.14159265359),.PIECEWISE_BEZIER_KNOTS.) CURVE() 
GEOMETRIC_REPRESENTATION_ITEM() RATIONAL_B_SPLINE_CURVE((1.,
0.999981051742,0.999981051742,1.)) REPRESENTATION_ITEM('') );
#16882 = CARTESIAN_POINT('',(-0.701507855905,0.874935524369,
    -1.449988631207));
#16883 = CARTESIAN_POINT('',(-0.701005270604,0.874978507716,
    -1.44999621033));
#16884 = CARTESIAN_POINT('',(-0.700502642445,0.875,-1.45));
#16885 = CARTESIAN_POINT('',(-0.7,0.875,-1.45));
#16886 = PLANE('',#16887);
#16887 = AXIS2_PLACEMENT_3D('',#16888,#16889,#16890);
#16888 = CARTESIAN_POINT('',(-0.8,0.875,-1.45));
#16889 = DIRECTION('',(3.171505215666E-15,-0.173648177667,
    -0.984807753012));
#16890 = DIRECTION('',(-6.062893718482E-16,-0.984807753012,
    0.173648177667));
#16891 = ADVANCED_FACE('',(#16892),#16926,.T.);
#16892 = FACE_BOUND('',#16893,.T.);
#16893 = EDGE_LOOP('',(#16894,#16904,#16912,#16920));
#16894 = ORIENTED_EDGE('',*,*,#16895,.T.);
#16895 = EDGE_CURVE('',#16896,#16898,#16900,.T.);
#16896 = VERTEX_POINT('',#16897);
#16897 = CARTESIAN_POINT('',(-0.588252975869,0.15,1.238252975869));
#16898 = VERTEX_POINT('',#16899);
#16899 = CARTESIAN_POINT('',(-0.588252975869,0.15,-1.238252975869));
#16900 = LINE('',#16901,#16902);
#16901 = CARTESIAN_POINT('',(-0.588252975869,0.15,-1.322162938986));
#16902 = VECTOR('',#16903,1.);
#16903 = DIRECTION('',(3.454095057033E-15,-0.,-1.));
#16904 = ORIENTED_EDGE('',*,*,#16905,.T.);
#16905 = EDGE_CURVE('',#16898,#16906,#16908,.T.);
#16906 = VERTEX_POINT('',#16907);
#16907 = CARTESIAN_POINT('',(0.588252975869,0.15,-1.238252975869));
#16908 = LINE('',#16909,#16910);
#16909 = CARTESIAN_POINT('',(0.672162938986,0.15,-1.238252975869));
#16910 = VECTOR('',#16911,1.);
#16911 = DIRECTION('',(1.,-0.,3.220430795722E-15));
#16912 = ORIENTED_EDGE('',*,*,#16913,.T.);
#16913 = EDGE_CURVE('',#16906,#16914,#16916,.T.);
#16914 = VERTEX_POINT('',#16915);
#16915 = CARTESIAN_POINT('',(0.588252975869,0.15,1.238252975869));
#16916 = LINE('',#16917,#16918);
#16917 = CARTESIAN_POINT('',(0.588252975869,0.15,1.322162938986));
#16918 = VECTOR('',#16919,1.);
#16919 = DIRECTION('',(-2.930687111695E-15,-0.,1.));
#16920 = ORIENTED_EDGE('',*,*,#16921,.T.);
#16921 = EDGE_CURVE('',#16914,#16896,#16922,.T.);
#16922 = LINE('',#16923,#16924);
#16923 = CARTESIAN_POINT('',(-0.672162938986,0.15,1.238252975869));
#16924 = VECTOR('',#16925,1.);
#16925 = DIRECTION('',(-1.,-0.,-3.220430795722E-15));
#16926 = PLANE('',#16927);
#16927 = AXIS2_PLACEMENT_3D('',#16928,#16929,#16930);
#16928 = CARTESIAN_POINT('',(0.,0.15,0.));
#16929 = DIRECTION('',(0.,-1.,0.));
#16930 = DIRECTION('',(1.,0.,3.491481338843E-15));
#16931 = ADVANCED_FACE('',(#16932),#16944,.F.);
#16932 = FACE_BOUND('',#16933,.F.);
#16933 = EDGE_LOOP('',(#16934,#16935,#16936,#16943));
#16934 = ORIENTED_EDGE('',*,*,#16683,.F.);
#16935 = ORIENTED_EDGE('',*,*,#16251,.F.);
#16936 = ORIENTED_EDGE('',*,*,#16937,.T.);
#16937 = EDGE_CURVE('',#16252,#16271,#16938,.T.);
#16938 = CIRCLE('',#16939,0.15);
#16939 = AXIS2_PLACEMENT_3D('',#16940,#16941,#16942);
#16940 = CARTESIAN_POINT('',(-0.425061033199,1.35,-1.075061033199));
#16941 = DIRECTION('',(0.,1.,0.));
#16942 = DIRECTION('',(-1.,0.,-2.891205793295E-15));
#16943 = ORIENTED_EDGE('',*,*,#16270,.T.);
#16944 = CYLINDRICAL_SURFACE('',#16945,0.15);
#16945 = AXIS2_PLACEMENT_3D('',#16946,#16947,#16948);
#16946 = CARTESIAN_POINT('',(-0.425061033199,1.35,-1.075061033199));
#16947 = DIRECTION('',(0.,1.,0.));
#16948 = DIRECTION('',(-1.,0.,-2.891205793295E-15));
#16949 = ADVANCED_FACE('',(#16950),#16954,.T.);
#16950 = FACE_BOUND('',#16951,.T.);
#16951 = EDGE_LOOP('',(#16952,#16953));
#16952 = ORIENTED_EDGE('',*,*,#16937,.T.);
#16953 = ORIENTED_EDGE('',*,*,#16278,.T.);
#16954 = PLANE('',#16955);
#16955 = AXIS2_PLACEMENT_3D('',#16956,#16957,#16958);
#16956 = CARTESIAN_POINT('',(-0.425061033199,1.35,-1.075061033199));
#16957 = DIRECTION('',(0.,1.,0.));
#16958 = DIRECTION('',(-1.,0.,-3.491481338843E-15));
#16959 = ADVANCED_FACE('',(#16960),#16978,.T.);
#16960 = FACE_BOUND('',#16961,.T.);
#16961 = EDGE_LOOP('',(#16962,#16969,#16970,#16977));
#16962 = ORIENTED_EDGE('',*,*,#16963,.F.);
#16963 = EDGE_CURVE('',#16521,#16652,#16964,.T.);
#16964 = CIRCLE('',#16965,0.1);
#16965 = AXIS2_PLACEMENT_3D('',#16966,#16967,#16968);
#16966 = CARTESIAN_POINT('',(-0.641151070081,1.35,1.291151070081));
#16967 = DIRECTION('',(-1.,0.,-3.302783215818E-15));
#16968 = DIRECTION('',(-3.302783215818E-15,0.,1.));
#16969 = ORIENTED_EDGE('',*,*,#16520,.F.);
#16970 = ORIENTED_EDGE('',*,*,#16971,.F.);
#16971 = EDGE_CURVE('',#16660,#16513,#16972,.T.);
#16972 = CIRCLE('',#16973,0.1);
#16973 = AXIS2_PLACEMENT_3D('',#16974,#16975,#16976);
#16974 = CARTESIAN_POINT('',(0.641151070081,1.35,1.291151070081));
#16975 = DIRECTION('',(1.,-0.,3.302783215818E-15));
#16976 = DIRECTION('',(3.302783215818E-15,0.,-1.));
#16977 = ORIENTED_EDGE('',*,*,#16659,.F.);
#16978 = CYLINDRICAL_SURFACE('',#16979,0.1);
#16979 = AXIS2_PLACEMENT_3D('',#16980,#16981,#16982);
#16980 = CARTESIAN_POINT('',(-4.158062668019E-15,1.35,1.291151070081));
#16981 = DIRECTION('',(1.,-0.,3.220430795722E-15));
#16982 = DIRECTION('',(3.220430795722E-15,0.,-1.));
#16983 = ADVANCED_FACE('',(#16984),#17001,.T.);
#16984 = FACE_BOUND('',#16985,.T.);
#16985 = EDGE_LOOP('',(#16986,#16993,#16994));
#16986 = ORIENTED_EDGE('',*,*,#16987,.F.);
#16987 = EDGE_CURVE('',#16521,#16464,#16988,.T.);
#16988 = CIRCLE('',#16989,0.1);
#16989 = AXIS2_PLACEMENT_3D('',#16990,#16991,#16992);
#16990 = CARTESIAN_POINT('',(-0.641151070081,1.35,1.291151070081));
#16991 = DIRECTION('',(-0.171087869746,-0.970287525248,0.171087869746));
#16992 = DIRECTION('',(-0.984807753012,0.173648177667,1.537311944411E-14
    ));
#16993 = ORIENTED_EDGE('',*,*,#16963,.T.);
#16994 = ORIENTED_EDGE('',*,*,#16995,.F.);
#16995 = EDGE_CURVE('',#16464,#16652,#16996,.T.);
#16996 = CIRCLE('',#16997,0.1);
#16997 = AXIS2_PLACEMENT_3D('',#16998,#16999,#17000);
#16998 = CARTESIAN_POINT('',(-0.641151070081,1.35,1.291151070081));
#16999 = DIRECTION('',(6.605566431637E-15,0.,-1.));
#17000 = DIRECTION('',(1.,0.,6.605566431637E-15));
#17001 = SPHERICAL_SURFACE('',#17002,0.1);
#17002 = AXIS2_PLACEMENT_3D('',#17003,#17004,#17005);
#17003 = CARTESIAN_POINT('',(-0.641151070081,1.35,1.291151070081));
#17004 = DIRECTION('',(0.,1.,0.));
#17005 = DIRECTION('',(1.,0.,0.));
#17006 = ADVANCED_FACE('',(#17007),#17024,.T.);
#17007 = FACE_BOUND('',#17008,.T.);
#17008 = EDGE_LOOP('',(#17009,#17016,#17017));
#17009 = ORIENTED_EDGE('',*,*,#17010,.F.);
#17010 = EDGE_CURVE('',#16660,#16552,#17011,.T.);
#17011 = CIRCLE('',#17012,0.1);
#17012 = AXIS2_PLACEMENT_3D('',#17013,#17014,#17015);
#17013 = CARTESIAN_POINT('',(0.641151070081,1.35,1.291151070081));
#17014 = DIRECTION('',(1.819507286108E-15,2.168404344971E-15,-1.));
#17015 = DIRECTION('',(-3.503246160812E-45,-1.,-2.168404344971E-15));
#17016 = ORIENTED_EDGE('',*,*,#16971,.T.);
#17017 = ORIENTED_EDGE('',*,*,#17018,.F.);
#17018 = EDGE_CURVE('',#16552,#16513,#17019,.T.);
#17019 = CIRCLE('',#17020,0.1);
#17020 = AXIS2_PLACEMENT_3D('',#17021,#17022,#17023);
#17021 = CARTESIAN_POINT('',(0.641151070081,1.35,1.291151070081));
#17022 = DIRECTION('',(0.171087869746,-0.970287525248,0.171087869746));
#17023 = DIRECTION('',(9.73179870023E-15,0.173648177667,0.984807753012)
  );
#17024 = SPHERICAL_SURFACE('',#17025,0.1);
#17025 = AXIS2_PLACEMENT_3D('',#17026,#17027,#17028);
#17026 = CARTESIAN_POINT('',(0.641151070081,1.35,1.291151070081));
#17027 = DIRECTION('',(0.,1.,0.));
#17028 = DIRECTION('',(1.,0.,0.));
#17029 = ADVANCED_FACE('',(#17030),#17042,.T.);
#17030 = FACE_BOUND('',#17031,.T.);
#17031 = EDGE_LOOP('',(#17032,#17033,#17034,#17041));
#17032 = ORIENTED_EDGE('',*,*,#16995,.T.);
#17033 = ORIENTED_EDGE('',*,*,#16649,.F.);
#17034 = ORIENTED_EDGE('',*,*,#17035,.F.);
#17035 = EDGE_CURVE('',#16472,#16650,#17036,.T.);
#17036 = CIRCLE('',#17037,0.1);
#17037 = AXIS2_PLACEMENT_3D('',#17038,#17039,#17040);
#17038 = CARTESIAN_POINT('',(-0.641151070081,1.35,-1.291151070081));
#17039 = DIRECTION('',(3.639014572217E-15,-4.336808689942E-15,-1.));
#17040 = DIRECTION('',(1.68155815719E-44,1.,-4.336808689942E-15));
#17041 = ORIENTED_EDGE('',*,*,#16471,.F.);
#17042 = CYLINDRICAL_SURFACE('',#17043,0.1);
#17043 = AXIS2_PLACEMENT_3D('',#17044,#17045,#17046);
#17044 = CARTESIAN_POINT('',(-0.641151070081,1.35,-2.214596741979E-15));
#17045 = DIRECTION('',(-3.454095057033E-15,0.,1.));
#17046 = DIRECTION('',(1.,0.,3.454095057033E-15));
#17047 = ADVANCED_FACE('',(#17048),#17060,.T.);
#17048 = FACE_BOUND('',#17049,.T.);
#17049 = EDGE_LOOP('',(#17050,#17051,#17052,#17059));
#17050 = ORIENTED_EDGE('',*,*,#16987,.T.);
#17051 = ORIENTED_EDGE('',*,*,#16463,.F.);
#17052 = ORIENTED_EDGE('',*,*,#17053,.F.);
#17053 = EDGE_CURVE('',#16529,#16455,#17054,.T.);
#17054 = ( BOUNDED_CURVE() B_SPLINE_CURVE(3,(#17055,#17056,#17057,#17058
),.UNSPECIFIED.,.F.,.F.) B_SPLINE_CURVE_WITH_KNOTS((4,4),(5.512866274279
,7.053504340081),.PIECEWISE_BEZIER_KNOTS.) CURVE() 
GEOMETRIC_REPRESENTATION_ITEM() RATIONAL_B_SPLINE_CURVE((1.,
0.811792362023,0.811792362023,1.)) REPRESENTATION_ITEM('') );
#17055 = CARTESIAN_POINT('',(-0.701507855905,1.025064475631,
    1.449988631207));
#17056 = CARTESIAN_POINT('',(-0.75868873981,1.029954841046,
    1.449126327838));
#17057 = CARTESIAN_POINT('',(-0.799126327838,1.029954841046,
    1.40868873981));
#17058 = CARTESIAN_POINT('',(-0.799988631207,1.025064475631,
    1.351507855905));
#17059 = ORIENTED_EDGE('',*,*,#16528,.F.);
#17060 = CYLINDRICAL_SURFACE('',#17061,1.E-01);
#17061 = AXIS2_PLACEMENT_3D('',#17062,#17063,#17064);
#17062 = CARTESIAN_POINT('',(-0.7044018613,0.991286937683,1.3544018613)
  );
#17063 = DIRECTION('',(-0.171087869746,-0.970287525248,0.171087869746));
#17064 = DIRECTION('',(0.984807753012,-0.173648177667,7.979727989493E-17
    ));
#17065 = ADVANCED_FACE('',(#17066),#17078,.T.);
#17066 = FACE_BOUND('',#17067,.T.);
#17067 = EDGE_LOOP('',(#17068,#17069,#17070,#17077));
#17068 = ORIENTED_EDGE('',*,*,#17018,.T.);
#17069 = ORIENTED_EDGE('',*,*,#16512,.F.);
#17070 = ORIENTED_EDGE('',*,*,#17071,.F.);
#17071 = EDGE_CURVE('',#16554,#16504,#17072,.T.);
#17072 = ( BOUNDED_CURVE() B_SPLINE_CURVE(3,(#17073,#17074,#17075,#17076
),.UNSPECIFIED.,.F.,.F.) B_SPLINE_CURVE_WITH_KNOTS((4,4),(2.371273620689
,3.911911686491),.PIECEWISE_BEZIER_KNOTS.) CURVE() 
GEOMETRIC_REPRESENTATION_ITEM() RATIONAL_B_SPLINE_CURVE((1.,
0.811792362023,0.811792362023,1.)) REPRESENTATION_ITEM('') );
#17073 = CARTESIAN_POINT('',(0.799988631207,1.025064475631,
    1.351507855905));
#17074 = CARTESIAN_POINT('',(0.799126327838,1.029954841046,1.40868873981
    ));
#17075 = CARTESIAN_POINT('',(0.75868873981,1.029954841046,1.449126327838
    ));
#17076 = CARTESIAN_POINT('',(0.701507855905,1.025064475631,
    1.449988631207));
#17077 = ORIENTED_EDGE('',*,*,#16551,.F.);
#17078 = CYLINDRICAL_SURFACE('',#17079,1.E-01);
#17079 = AXIS2_PLACEMENT_3D('',#17080,#17081,#17082);
#17080 = CARTESIAN_POINT('',(0.7044018613,0.991286937683,1.3544018613));
#17081 = DIRECTION('',(0.171087869746,-0.970287525248,0.171087869746));
#17082 = DIRECTION('',(7.285838599103E-17,-0.173648177667,
    -0.984807753012));
#17083 = ADVANCED_FACE('',(#17084),#17096,.T.);
#17084 = FACE_BOUND('',#17085,.T.);
#17085 = EDGE_LOOP('',(#17086,#17087,#17088,#17095));
#17086 = ORIENTED_EDGE('',*,*,#17010,.T.);
#17087 = ORIENTED_EDGE('',*,*,#16586,.F.);
#17088 = ORIENTED_EDGE('',*,*,#17089,.F.);
#17089 = EDGE_CURVE('',#16668,#16579,#17090,.T.);
#17090 = CIRCLE('',#17091,0.1);
#17091 = AXIS2_PLACEMENT_3D('',#17092,#17093,#17094);
#17092 = CARTESIAN_POINT('',(0.641151070081,1.35,-1.291151070081));
#17093 = DIRECTION('',(6.605566431637E-15,0.,-1.));
#17094 = DIRECTION('',(-1.,0.,-6.605566431637E-15));
#17095 = ORIENTED_EDGE('',*,*,#16667,.F.);
#17096 = CYLINDRICAL_SURFACE('',#17097,0.1);
#17097 = AXIS2_PLACEMENT_3D('',#17098,#17099,#17100);
#17098 = CARTESIAN_POINT('',(0.641151070081,1.35,1.879013177737E-15));
#17099 = DIRECTION('',(2.930687111695E-15,0.,-1.));
#17100 = DIRECTION('',(-1.,0.,-2.930687111695E-15));
#17101 = ADVANCED_FACE('',(#17102),#17120,.T.);
#17102 = FACE_BOUND('',#17103,.T.);
#17103 = EDGE_LOOP('',(#17104,#17111,#17112,#17119));
#17104 = ORIENTED_EDGE('',*,*,#17105,.F.);
#17105 = EDGE_CURVE('',#16650,#16628,#17106,.T.);
#17106 = CIRCLE('',#17107,0.1);
#17107 = AXIS2_PLACEMENT_3D('',#17108,#17109,#17110);
#17108 = CARTESIAN_POINT('',(-0.641151070081,1.35,-1.291151070081));
#17109 = DIRECTION('',(-1.,0.,-2.201855477212E-15));
#17110 = DIRECTION('',(-2.201855477212E-15,0.,1.));
#17111 = ORIENTED_EDGE('',*,*,#16675,.F.);
#17112 = ORIENTED_EDGE('',*,*,#17113,.F.);
#17113 = EDGE_CURVE('',#16601,#16668,#17114,.T.);
#17114 = CIRCLE('',#17115,0.1);
#17115 = AXIS2_PLACEMENT_3D('',#17116,#17117,#17118);
#17116 = CARTESIAN_POINT('',(0.641151070081,1.35,-1.291151070081));
#17117 = DIRECTION('',(1.,7.161769475678E-30,3.302783215818E-15));
#17118 = DIRECTION('',(3.302783215818E-15,3.593539467182E-46,-1.));
#17119 = ORIENTED_EDGE('',*,*,#16635,.F.);
#17120 = CYLINDRICAL_SURFACE('',#17121,0.1);
#17121 = AXIS2_PLACEMENT_3D('',#17122,#17123,#17124);
#17122 = CARTESIAN_POINT('',(4.158062668019E-15,1.35,-1.291151070081));
#17123 = DIRECTION('',(-1.,0.,-3.220430795722E-15));
#17124 = DIRECTION('',(-3.220430795722E-15,0.,1.));
#17125 = ADVANCED_FACE('',(#17126),#17137,.T.);
#17126 = FACE_BOUND('',#17127,.T.);
#17127 = EDGE_LOOP('',(#17128,#17129,#17130));
#17128 = ORIENTED_EDGE('',*,*,#17035,.T.);
#17129 = ORIENTED_EDGE('',*,*,#17105,.T.);
#17130 = ORIENTED_EDGE('',*,*,#17131,.F.);
#17131 = EDGE_CURVE('',#16472,#16628,#17132,.T.);
#17132 = CIRCLE('',#17133,1.E-01);
#17133 = AXIS2_PLACEMENT_3D('',#17134,#17135,#17136);
#17134 = CARTESIAN_POINT('',(-0.641151070081,1.35,-1.291151070081));
#17135 = DIRECTION('',(-0.171087869746,-0.970287525248,-0.171087869746)
  );
#17136 = DIRECTION('',(-1.144917494145E-15,-0.173648177667,
    0.984807753012));
#17137 = SPHERICAL_SURFACE('',#17138,0.1);
#17138 = AXIS2_PLACEMENT_3D('',#17139,#17140,#17141);
#17139 = CARTESIAN_POINT('',(-0.641151070081,1.35,-1.291151070081));
#17140 = DIRECTION('',(0.,1.,0.));
#17141 = DIRECTION('',(1.,0.,0.));
#17142 = ADVANCED_FACE('',(#17143),#17159,.T.);
#17143 = FACE_BOUND('',#17144,.T.);
#17144 = EDGE_LOOP('',(#17145,#17146,#17147,#17154,#17155,#17156,#17157,
    #17158));
#17145 = ORIENTED_EDGE('',*,*,#16423,.F.);
#17146 = ORIENTED_EDGE('',*,*,#16807,.F.);
#17147 = ORIENTED_EDGE('',*,*,#17148,.F.);
#17148 = EDGE_CURVE('',#16767,#16800,#17149,.T.);
#17149 = ( BOUNDED_CURVE() B_SPLINE_CURVE(3,(#17150,#17151,#17152,#17153
),.UNSPECIFIED.,.F.,.F.) B_SPLINE_CURVE_WITH_KNOTS((4,4),(5.512866274279
,7.053504340081),.PIECEWISE_BEZIER_KNOTS.) CURVE() 
GEOMETRIC_REPRESENTATION_ITEM() RATIONAL_B_SPLINE_CURVE((1.,
0.811792362023,0.811792362023,1.)) REPRESENTATION_ITEM('') );
#17150 = CARTESIAN_POINT('',(-0.701507855905,0.874935524369,
    1.449988631207));
#17151 = CARTESIAN_POINT('',(-0.75868873981,0.870045158954,
    1.449126327838));
#17152 = CARTESIAN_POINT('',(-0.799126327838,0.870045158954,
    1.40868873981));
#17153 = CARTESIAN_POINT('',(-0.799988631207,0.874935524369,
    1.351507855905));
#17154 = ORIENTED_EDGE('',*,*,#16766,.F.);
#17155 = ORIENTED_EDGE('',*,*,#16319,.F.);
#17156 = ORIENTED_EDGE('',*,*,#16536,.F.);
#17157 = ORIENTED_EDGE('',*,*,#17053,.T.);
#17158 = ORIENTED_EDGE('',*,*,#16454,.F.);
#17159 = CYLINDRICAL_SURFACE('',#17160,0.1);
#17160 = AXIS2_PLACEMENT_3D('',#17161,#17162,#17163);
#17161 = CARTESIAN_POINT('',(-0.7,1.025,1.35));
#17162 = DIRECTION('',(0.,-1.,0.));
#17163 = DIRECTION('',(0.,0.,-1.));
#17164 = ADVANCED_FACE('',(#17165),#17181,.T.);
#17165 = FACE_BOUND('',#17166,.T.);
#17166 = EDGE_LOOP('',(#17167,#17168,#17169,#17176,#17177,#17178,#17179,
    #17180));
#17167 = ORIENTED_EDGE('',*,*,#16303,.F.);
#17168 = ORIENTED_EDGE('',*,*,#16758,.F.);
#17169 = ORIENTED_EDGE('',*,*,#17170,.F.);
#17170 = EDGE_CURVE('',#16701,#16751,#17171,.T.);
#17171 = ( BOUNDED_CURVE() B_SPLINE_CURVE(3,(#17172,#17173,#17174,#17175
),.UNSPECIFIED.,.F.,.F.) B_SPLINE_CURVE_WITH_KNOTS((4,4),(5.512866274279
,7.053504340081),.PIECEWISE_BEZIER_KNOTS.) CURVE() 
GEOMETRIC_REPRESENTATION_ITEM() RATIONAL_B_SPLINE_CURVE((1.,
0.811792362023,0.811792362023,1.)) REPRESENTATION_ITEM('') );
#17172 = CARTESIAN_POINT('',(0.799988631207,0.874935524369,
    1.351507855905));
#17173 = CARTESIAN_POINT('',(0.799126327838,0.870045158954,1.40868873981
    ));
#17174 = CARTESIAN_POINT('',(0.75868873981,0.870045158954,1.449126327838
    ));
#17175 = CARTESIAN_POINT('',(0.701507855905,0.874935524369,
    1.449988631207));
#17176 = ORIENTED_EDGE('',*,*,#16700,.F.);
#17177 = ORIENTED_EDGE('',*,*,#16343,.F.);
#17178 = ORIENTED_EDGE('',*,*,#16561,.F.);
#17179 = ORIENTED_EDGE('',*,*,#17071,.T.);
#17180 = ORIENTED_EDGE('',*,*,#16503,.F.);
#17181 = CYLINDRICAL_SURFACE('',#17182,0.1);
#17182 = AXIS2_PLACEMENT_3D('',#17183,#17184,#17185);
#17183 = CARTESIAN_POINT('',(0.7,1.025,1.35));
#17184 = DIRECTION('',(0.,-1.,0.));
#17185 = DIRECTION('',(0.,0.,-1.));
#17186 = ADVANCED_FACE('',(#17187),#17198,.T.);
#17187 = FACE_BOUND('',#17188,.T.);
#17188 = EDGE_LOOP('',(#17189,#17190,#17191));
#17189 = ORIENTED_EDGE('',*,*,#17113,.T.);
#17190 = ORIENTED_EDGE('',*,*,#17089,.T.);
#17191 = ORIENTED_EDGE('',*,*,#17192,.F.);
#17192 = EDGE_CURVE('',#16601,#16579,#17193,.T.);
#17193 = CIRCLE('',#17194,1.E-01);
#17194 = AXIS2_PLACEMENT_3D('',#17195,#17196,#17197);
#17195 = CARTESIAN_POINT('',(0.641151070081,1.35,-1.291151070081));
#17196 = DIRECTION('',(0.171087869746,-0.970287525248,-0.171087869746));
#17197 = DIRECTION('',(-0.984807753012,-0.173648177667,
    -3.122502256758E-17));
#17198 = SPHERICAL_SURFACE('',#17199,0.1);
#17199 = AXIS2_PLACEMENT_3D('',#17200,#17201,#17202);
#17200 = CARTESIAN_POINT('',(0.641151070081,1.35,-1.291151070081));
#17201 = DIRECTION('',(0.,1.,0.));
#17202 = DIRECTION('',(1.,0.,0.));
#17203 = ADVANCED_FACE('',(#17204),#17216,.T.);
#17204 = FACE_BOUND('',#17205,.T.);
#17205 = EDGE_LOOP('',(#17206,#17207,#17208,#17215));
#17206 = ORIENTED_EDGE('',*,*,#17131,.T.);
#17207 = ORIENTED_EDGE('',*,*,#16627,.F.);
#17208 = ORIENTED_EDGE('',*,*,#17209,.F.);
#17209 = EDGE_CURVE('',#16480,#16619,#17210,.T.);
#17210 = ( BOUNDED_CURVE() B_SPLINE_CURVE(3,(#17211,#17212,#17213,#17214
),.UNSPECIFIED.,.F.,.F.) B_SPLINE_CURVE_WITH_KNOTS((4,4),(5.512866274279
,7.053504340081),.PIECEWISE_BEZIER_KNOTS.) CURVE() 
GEOMETRIC_REPRESENTATION_ITEM() RATIONAL_B_SPLINE_CURVE((1.,
0.811792362023,0.811792362023,1.)) REPRESENTATION_ITEM('') );
#17211 = CARTESIAN_POINT('',(-0.799988631207,1.025064475631,
    -1.351507855905));
#17212 = CARTESIAN_POINT('',(-0.799126327838,1.029954841046,
    -1.40868873981));
#17213 = CARTESIAN_POINT('',(-0.75868873981,1.029954841046,
    -1.449126327838));
#17214 = CARTESIAN_POINT('',(-0.701507855905,1.025064475631,
    -1.449988631207));
#17215 = ORIENTED_EDGE('',*,*,#16479,.F.);
#17216 = CYLINDRICAL_SURFACE('',#17217,1.E-01);
#17217 = AXIS2_PLACEMENT_3D('',#17218,#17219,#17220);
#17218 = CARTESIAN_POINT('',(-0.7044018613,0.991286937683,-1.3544018613)
  );
#17219 = DIRECTION('',(-0.171087869746,-0.970287525248,-0.171087869746)
  );
#17220 = DIRECTION('',(7.632783294298E-17,0.173648177667,-0.984807753012
    ));
#17221 = ADVANCED_FACE('',(#17222),#17234,.T.);
#17222 = FACE_BOUND('',#17223,.T.);
#17223 = EDGE_LOOP('',(#17224,#17225,#17226,#17233));
#17224 = ORIENTED_EDGE('',*,*,#17148,.T.);
#17225 = ORIENTED_EDGE('',*,*,#16797,.F.);
#17226 = ORIENTED_EDGE('',*,*,#17227,.F.);
#17227 = EDGE_CURVE('',#16776,#16798,#17228,.T.);
#17228 = CIRCLE('',#17229,0.1);
#17229 = AXIS2_PLACEMENT_3D('',#17230,#17231,#17232);
#17230 = CARTESIAN_POINT('',(-0.588252975869,0.25,1.238252975869));
#17231 = DIRECTION('',(0.171087869746,-0.970287525248,-0.171087869746));
#17232 = DIRECTION('',(0.984807753012,0.173648177667,1.387778780781E-17)
  );
#17233 = ORIENTED_EDGE('',*,*,#16775,.F.);
#17234 = CYLINDRICAL_SURFACE('',#17235,1.E-01);
#17235 = AXIS2_PLACEMENT_3D('',#17236,#17237,#17238);
#17236 = CARTESIAN_POINT('',(-0.7044018613,0.908713062317,1.3544018613)
  );
#17237 = DIRECTION('',(-0.171087869746,0.970287525248,0.171087869746));
#17238 = DIRECTION('',(-0.984807753012,-0.173648177667,
    -7.979727989493E-17));
#17239 = ADVANCED_FACE('',(#17240),#17258,.T.);
#17240 = FACE_BOUND('',#17241,.T.);
#17241 = EDGE_LOOP('',(#17242,#17249,#17250,#17257));
#17242 = ORIENTED_EDGE('',*,*,#17243,.F.);
#17243 = EDGE_CURVE('',#16749,#16914,#17244,.T.);
#17244 = CIRCLE('',#17245,0.1);
#17245 = AXIS2_PLACEMENT_3D('',#17246,#17247,#17248);
#17246 = CARTESIAN_POINT('',(0.588252975869,0.25,1.238252975869));
#17247 = DIRECTION('',(1.,0.,3.302783215818E-15));
#17248 = DIRECTION('',(3.302783215818E-15,0.,-1.));
#17249 = ORIENTED_EDGE('',*,*,#16783,.F.);
#17250 = ORIENTED_EDGE('',*,*,#17251,.F.);
#17251 = EDGE_CURVE('',#16896,#16776,#17252,.T.);
#17252 = CIRCLE('',#17253,0.1);
#17253 = AXIS2_PLACEMENT_3D('',#17254,#17255,#17256);
#17254 = CARTESIAN_POINT('',(-0.588252975869,0.25,1.238252975869));
#17255 = DIRECTION('',(-1.,0.,-1.100927738606E-15));
#17256 = DIRECTION('',(-1.100927738606E-15,0.,1.));
#17257 = ORIENTED_EDGE('',*,*,#16921,.F.);
#17258 = CYLINDRICAL_SURFACE('',#17259,0.1);
#17259 = AXIS2_PLACEMENT_3D('',#17260,#17261,#17262);
#17260 = CARTESIAN_POINT('',(-3.987708016381E-15,0.25,1.238252975869));
#17261 = DIRECTION('',(-1.,0.,-3.220430795722E-15));
#17262 = DIRECTION('',(-3.220430795722E-15,0.,1.));
#17263 = ADVANCED_FACE('',(#17264),#17276,.T.);
#17264 = FACE_BOUND('',#17265,.T.);
#17265 = EDGE_LOOP('',(#17266,#17267,#17268,#17275));
#17266 = ORIENTED_EDGE('',*,*,#17170,.T.);
#17267 = ORIENTED_EDGE('',*,*,#16748,.F.);
#17268 = ORIENTED_EDGE('',*,*,#17269,.F.);
#17269 = EDGE_CURVE('',#16710,#16749,#17270,.T.);
#17270 = CIRCLE('',#17271,1.E-01);
#17271 = AXIS2_PLACEMENT_3D('',#17272,#17273,#17274);
#17272 = CARTESIAN_POINT('',(0.588252975869,0.25,1.238252975869));
#17273 = DIRECTION('',(-0.171087869746,-0.970287525248,-0.171087869746)
  );
#17274 = DIRECTION('',(6.938893903907E-18,0.173648177667,-0.984807753012
    ));
#17275 = ORIENTED_EDGE('',*,*,#16709,.F.);
#17276 = CYLINDRICAL_SURFACE('',#17277,1.E-01);
#17277 = AXIS2_PLACEMENT_3D('',#17278,#17279,#17280);
#17278 = CARTESIAN_POINT('',(0.7044018613,0.908713062317,1.3544018613));
#17279 = DIRECTION('',(0.171087869746,0.970287525248,0.171087869746));
#17280 = DIRECTION('',(-7.285838599103E-17,-0.173648177667,
    0.984807753012));
#17281 = ADVANCED_FACE('',(#17282),#17294,.T.);
#17282 = FACE_BOUND('',#17283,.T.);
#17283 = EDGE_LOOP('',(#17284,#17285,#17286,#17293));
#17284 = ORIENTED_EDGE('',*,*,#17192,.T.);
#17285 = ORIENTED_EDGE('',*,*,#16578,.F.);
#17286 = ORIENTED_EDGE('',*,*,#17287,.F.);
#17287 = EDGE_CURVE('',#16603,#16570,#17288,.T.);
#17288 = ( BOUNDED_CURVE() B_SPLINE_CURVE(3,(#17289,#17290,#17291,#17292
),.UNSPECIFIED.,.F.,.F.) B_SPLINE_CURVE_WITH_KNOTS((4,4),(5.512866274279
,7.053504340081),.PIECEWISE_BEZIER_KNOTS.) CURVE() 
GEOMETRIC_REPRESENTATION_ITEM() RATIONAL_B_SPLINE_CURVE((1.,
0.811792362023,0.811792362023,1.)) REPRESENTATION_ITEM('') );
#17289 = CARTESIAN_POINT('',(0.701507855905,1.025064475631,
    -1.449988631207));
#17290 = CARTESIAN_POINT('',(0.75868873981,1.029954841046,
    -1.449126327838));
#17291 = CARTESIAN_POINT('',(0.799126327838,1.029954841046,
    -1.40868873981));
#17292 = CARTESIAN_POINT('',(0.799988631207,1.025064475631,
    -1.351507855905));
#17293 = ORIENTED_EDGE('',*,*,#16600,.F.);
#17294 = CYLINDRICAL_SURFACE('',#17295,1.E-01);
#17295 = AXIS2_PLACEMENT_3D('',#17296,#17297,#17298);
#17296 = CARTESIAN_POINT('',(0.7044018613,0.991286937683,-1.3544018613)
  );
#17297 = DIRECTION('',(0.171087869746,-0.970287525248,-0.171087869746));
#17298 = DIRECTION('',(0.984807753012,0.173648177667,5.898059818321E-17)
  );
#17299 = ADVANCED_FACE('',(#17300),#17316,.T.);
#17300 = FACE_BOUND('',#17301,.T.);
#17301 = EDGE_LOOP('',(#17302,#17303,#17304,#17311,#17312,#17313,#17314,
    #17315));
#17302 = ORIENTED_EDGE('',*,*,#16399,.F.);
#17303 = ORIENTED_EDGE('',*,*,#16880,.F.);
#17304 = ORIENTED_EDGE('',*,*,#17305,.F.);
#17305 = EDGE_CURVE('',#16816,#16873,#17306,.T.);
#17306 = ( BOUNDED_CURVE() B_SPLINE_CURVE(3,(#17307,#17308,#17309,#17310
),.UNSPECIFIED.,.F.,.F.) B_SPLINE_CURVE_WITH_KNOTS((4,4),(5.512866274279
,7.053504340081),.PIECEWISE_BEZIER_KNOTS.) CURVE() 
GEOMETRIC_REPRESENTATION_ITEM() RATIONAL_B_SPLINE_CURVE((1.,
0.811792362023,0.811792362023,1.)) REPRESENTATION_ITEM('') );
#17307 = CARTESIAN_POINT('',(-0.799988631207,0.874935524369,
    -1.351507855905));
#17308 = CARTESIAN_POINT('',(-0.799126327838,0.870045158954,
    -1.40868873981));
#17309 = CARTESIAN_POINT('',(-0.75868873981,0.870045158954,
    -1.449126327838));
#17310 = CARTESIAN_POINT('',(-0.701507855905,0.874935524369,
    -1.449988631207));
#17311 = ORIENTED_EDGE('',*,*,#16815,.F.);
#17312 = ORIENTED_EDGE('',*,*,#16439,.F.);
#17313 = ORIENTED_EDGE('',*,*,#16487,.F.);
#17314 = ORIENTED_EDGE('',*,*,#17209,.T.);
#17315 = ORIENTED_EDGE('',*,*,#16618,.F.);
#17316 = CYLINDRICAL_SURFACE('',#17317,0.1);
#17317 = AXIS2_PLACEMENT_3D('',#17318,#17319,#17320);
#17318 = CARTESIAN_POINT('',(-0.7,1.025,-1.35));
#17319 = DIRECTION('',(0.,-1.,0.));
#17320 = DIRECTION('',(0.,0.,-1.));
#17321 = ADVANCED_FACE('',(#17322),#17333,.T.);
#17322 = FACE_BOUND('',#17323,.T.);
#17323 = EDGE_LOOP('',(#17324,#17325,#17326));
#17324 = ORIENTED_EDGE('',*,*,#17251,.T.);
#17325 = ORIENTED_EDGE('',*,*,#17227,.T.);
#17326 = ORIENTED_EDGE('',*,*,#17327,.F.);
#17327 = EDGE_CURVE('',#16896,#16798,#17328,.T.);
#17328 = CIRCLE('',#17329,1.E-01);
#17329 = AXIS2_PLACEMENT_3D('',#17330,#17331,#17332);
#17330 = CARTESIAN_POINT('',(-0.588252975869,0.25,1.238252975869));
#17331 = DIRECTION('',(4.021362763321E-15,2.168404344971E-15,-1.));
#17332 = DIRECTION('',(1.,1.084202172486E-15,4.021362763321E-15));
#17333 = SPHERICAL_SURFACE('',#17334,0.1);
#17334 = AXIS2_PLACEMENT_3D('',#17335,#17336,#17337);
#17335 = CARTESIAN_POINT('',(-0.588252975869,0.25,1.238252975869));
#17336 = DIRECTION('',(0.,1.,0.));
#17337 = DIRECTION('',(1.,0.,0.));
#17338 = ADVANCED_FACE('',(#17339),#17350,.T.);
#17339 = FACE_BOUND('',#17340,.T.);
#17340 = EDGE_LOOP('',(#17341,#17342,#17343));
#17341 = ORIENTED_EDGE('',*,*,#17269,.T.);
#17342 = ORIENTED_EDGE('',*,*,#17243,.T.);
#17343 = ORIENTED_EDGE('',*,*,#17344,.F.);
#17344 = EDGE_CURVE('',#16710,#16914,#17345,.T.);
#17345 = CIRCLE('',#17346,0.1);
#17346 = AXIS2_PLACEMENT_3D('',#17347,#17348,#17349);
#17347 = CARTESIAN_POINT('',(0.588252975869,0.25,1.238252975869));
#17348 = DIRECTION('',(4.403710954424E-15,0.,-1.));
#17349 = DIRECTION('',(1.,0.,4.403710954424E-15));
#17350 = SPHERICAL_SURFACE('',#17351,0.1);
#17351 = AXIS2_PLACEMENT_3D('',#17352,#17353,#17354);
#17352 = CARTESIAN_POINT('',(0.588252975869,0.25,1.238252975869));
#17353 = DIRECTION('',(0.,1.,0.));
#17354 = DIRECTION('',(1.,0.,0.));
#17355 = ADVANCED_FACE('',(#17356),#17372,.T.);
#17356 = FACE_BOUND('',#17357,.T.);
#17357 = EDGE_LOOP('',(#17358,#17359,#17360,#17367,#17368,#17369,#17370,
    #17371));
#17358 = ORIENTED_EDGE('',*,*,#16359,.F.);
#17359 = ORIENTED_EDGE('',*,*,#16733,.F.);
#17360 = ORIENTED_EDGE('',*,*,#17361,.F.);
#17361 = EDGE_CURVE('',#16848,#16726,#17362,.T.);
#17362 = ( BOUNDED_CURVE() B_SPLINE_CURVE(3,(#17363,#17364,#17365,#17366
),.UNSPECIFIED.,.F.,.F.) B_SPLINE_CURVE_WITH_KNOTS((4,4),(5.512866274279
,7.053504340081),.PIECEWISE_BEZIER_KNOTS.) CURVE() 
GEOMETRIC_REPRESENTATION_ITEM() RATIONAL_B_SPLINE_CURVE((1.,
0.811792362023,0.811792362023,1.)) REPRESENTATION_ITEM('') );
#17363 = CARTESIAN_POINT('',(0.701507855905,0.874935524369,
    -1.449988631207));
#17364 = CARTESIAN_POINT('',(0.75868873981,0.870045158954,
    -1.449126327838));
#17365 = CARTESIAN_POINT('',(0.799126327838,0.870045158954,
    -1.40868873981));
#17366 = CARTESIAN_POINT('',(0.799988631207,0.874935524369,
    -1.351507855905));
#17367 = ORIENTED_EDGE('',*,*,#16847,.F.);
#17368 = ORIENTED_EDGE('',*,*,#16383,.F.);
#17369 = ORIENTED_EDGE('',*,*,#16610,.F.);
#17370 = ORIENTED_EDGE('',*,*,#17287,.T.);
#17371 = ORIENTED_EDGE('',*,*,#16569,.F.);
#17372 = CYLINDRICAL_SURFACE('',#17373,0.1);
#17373 = AXIS2_PLACEMENT_3D('',#17374,#17375,#17376);
#17374 = CARTESIAN_POINT('',(0.7,1.025,-1.35));
#17375 = DIRECTION('',(0.,-1.,0.));
#17376 = DIRECTION('',(0.,0.,-1.));
#17377 = ADVANCED_FACE('',(#17378),#17390,.T.);
#17378 = FACE_BOUND('',#17379,.T.);
#17379 = EDGE_LOOP('',(#17380,#17381,#17382,#17389));
#17380 = ORIENTED_EDGE('',*,*,#17305,.T.);
#17381 = ORIENTED_EDGE('',*,*,#16872,.F.);
#17382 = ORIENTED_EDGE('',*,*,#17383,.F.);
#17383 = EDGE_CURVE('',#16825,#16865,#17384,.T.);
#17384 = CIRCLE('',#17385,1.E-01);
#17385 = AXIS2_PLACEMENT_3D('',#17386,#17387,#17388);
#17386 = CARTESIAN_POINT('',(-0.588252975869,0.25,-1.238252975869));
#17387 = DIRECTION('',(0.171087869746,-0.970287525248,0.171087869746));
#17388 = DIRECTION('',(-1.387778780781E-17,-0.173648177667,
    -0.984807753012));
#17389 = ORIENTED_EDGE('',*,*,#16824,.F.);
#17390 = CYLINDRICAL_SURFACE('',#17391,1.E-01);
#17391 = AXIS2_PLACEMENT_3D('',#17392,#17393,#17394);
#17392 = CARTESIAN_POINT('',(-0.7044018613,0.908713062317,-1.3544018613)
  );
#17393 = DIRECTION('',(-0.171087869746,0.970287525248,-0.171087869746));
#17394 = DIRECTION('',(-7.632783294298E-17,0.173648177667,0.984807753012
    ));
#17395 = ADVANCED_FACE('',(#17396),#17408,.T.);
#17396 = FACE_BOUND('',#17397,.T.);
#17397 = EDGE_LOOP('',(#17398,#17399,#17400,#17407));
#17398 = ORIENTED_EDGE('',*,*,#17327,.T.);
#17399 = ORIENTED_EDGE('',*,*,#16832,.F.);
#17400 = ORIENTED_EDGE('',*,*,#17401,.F.);
#17401 = EDGE_CURVE('',#16898,#16825,#17402,.T.);
#17402 = CIRCLE('',#17403,0.1);
#17403 = AXIS2_PLACEMENT_3D('',#17404,#17405,#17406);
#17404 = CARTESIAN_POINT('',(-0.588252975869,0.25,-1.238252975869));
#17405 = DIRECTION('',(6.605566431637E-15,0.,-1.));
#17406 = DIRECTION('',(-1.,0.,-6.605566431637E-15));
#17407 = ORIENTED_EDGE('',*,*,#16895,.F.);
#17408 = CYLINDRICAL_SURFACE('',#17409,0.1);
#17409 = AXIS2_PLACEMENT_3D('',#17410,#17411,#17412);
#17410 = CARTESIAN_POINT('',(-0.588252975869,0.25,-2.031881696233E-15));
#17411 = DIRECTION('',(3.454095057033E-15,0.,-1.));
#17412 = DIRECTION('',(-1.,0.,-3.454095057033E-15));
#17413 = ADVANCED_FACE('',(#17414),#17426,.T.);
#17414 = FACE_BOUND('',#17415,.T.);
#17415 = EDGE_LOOP('',(#17416,#17417,#17418,#17425));
#17416 = ORIENTED_EDGE('',*,*,#17344,.T.);
#17417 = ORIENTED_EDGE('',*,*,#16913,.F.);
#17418 = ORIENTED_EDGE('',*,*,#17419,.F.);
#17419 = EDGE_CURVE('',#16718,#16906,#17420,.T.);
#17420 = CIRCLE('',#17421,1.E-01);
#17421 = AXIS2_PLACEMENT_3D('',#17422,#17423,#17424);
#17422 = CARTESIAN_POINT('',(0.588252975869,0.25,-1.238252975869));
#17423 = DIRECTION('',(1.819507286108E-15,-2.168404344971E-15,-1.));
#17424 = DIRECTION('',(7.006492321624E-46,1.,-2.168404344971E-15));
#17425 = ORIENTED_EDGE('',*,*,#16717,.F.);
#17426 = CYLINDRICAL_SURFACE('',#17427,0.1);
#17427 = AXIS2_PLACEMENT_3D('',#17428,#17429,#17430);
#17428 = CARTESIAN_POINT('',(0.588252975869,0.25,1.723985414795E-15));
#17429 = DIRECTION('',(-2.930687111695E-15,0.,1.));
#17430 = DIRECTION('',(1.,0.,2.930687111695E-15));
#17431 = ADVANCED_FACE('',(#17432),#17444,.T.);
#17432 = FACE_BOUND('',#17433,.T.);
#17433 = EDGE_LOOP('',(#17434,#17435,#17436,#17443));
#17434 = ORIENTED_EDGE('',*,*,#17361,.T.);
#17435 = ORIENTED_EDGE('',*,*,#16725,.F.);
#17436 = ORIENTED_EDGE('',*,*,#17437,.F.);
#17437 = EDGE_CURVE('',#16857,#16718,#17438,.T.);
#17438 = CIRCLE('',#17439,1.E-01);
#17439 = AXIS2_PLACEMENT_3D('',#17440,#17441,#17442);
#17440 = CARTESIAN_POINT('',(0.588252975869,0.25,-1.238252975869));
#17441 = DIRECTION('',(-0.171087869746,-0.970287525248,0.171087869746));
#17442 = DIRECTION('',(0.984807753012,-0.173648177667,
    -3.816391647149E-17));
#17443 = ORIENTED_EDGE('',*,*,#16856,.F.);
#17444 = CYLINDRICAL_SURFACE('',#17445,1.E-01);
#17445 = AXIS2_PLACEMENT_3D('',#17446,#17447,#17448);
#17446 = CARTESIAN_POINT('',(0.7044018613,0.908713062317,-1.3544018613)
  );
#17447 = DIRECTION('',(0.171087869746,0.970287525248,-0.171087869746));
#17448 = DIRECTION('',(-0.984807753012,0.173648177667,
    -5.898059818321E-17));
#17449 = ADVANCED_FACE('',(#17450),#17461,.T.);
#17450 = FACE_BOUND('',#17451,.T.);
#17451 = EDGE_LOOP('',(#17452,#17453,#17454));
#17452 = ORIENTED_EDGE('',*,*,#17401,.T.);
#17453 = ORIENTED_EDGE('',*,*,#17383,.T.);
#17454 = ORIENTED_EDGE('',*,*,#17455,.F.);
#17455 = EDGE_CURVE('',#16898,#16865,#17456,.T.);
#17456 = CIRCLE('',#17457,0.1);
#17457 = AXIS2_PLACEMENT_3D('',#17458,#17459,#17460);
#17458 = CARTESIAN_POINT('',(-0.588252975869,0.25,-1.238252975869));
#17459 = DIRECTION('',(1.,-1.084202172486E-15,3.49395731137E-15));
#17460 = DIRECTION('',(-3.49395731137E-15,2.616730550924E-31,1.));
#17461 = SPHERICAL_SURFACE('',#17462,0.1);
#17462 = AXIS2_PLACEMENT_3D('',#17463,#17464,#17465);
#17463 = CARTESIAN_POINT('',(-0.588252975869,0.25,-1.238252975869));
#17464 = DIRECTION('',(0.,1.,0.));
#17465 = DIRECTION('',(1.,0.,0.));
#17466 = ADVANCED_FACE('',(#17467),#17478,.T.);
#17467 = FACE_BOUND('',#17468,.T.);
#17468 = EDGE_LOOP('',(#17469,#17470,#17471));
#17469 = ORIENTED_EDGE('',*,*,#17437,.T.);
#17470 = ORIENTED_EDGE('',*,*,#17419,.T.);
#17471 = ORIENTED_EDGE('',*,*,#17472,.F.);
#17472 = EDGE_CURVE('',#16857,#16906,#17473,.T.);
#17473 = CIRCLE('',#17474,0.1);
#17474 = AXIS2_PLACEMENT_3D('',#17475,#17476,#17477);
#17475 = CARTESIAN_POINT('',(0.588252975869,0.25,-1.238252975869));
#17476 = DIRECTION('',(-1.,0.,-3.302783215818E-15));
#17477 = DIRECTION('',(3.302783215818E-15,1.084202172486E-15,-1.));
#17478 = SPHERICAL_SURFACE('',#17479,0.1);
#17479 = AXIS2_PLACEMENT_3D('',#17480,#17481,#17482);
#17480 = CARTESIAN_POINT('',(0.588252975869,0.25,-1.238252975869));
#17481 = DIRECTION('',(0.,1.,0.));
#17482 = DIRECTION('',(1.,0.,0.));
#17483 = ADVANCED_FACE('',(#17484),#17490,.T.);
#17484 = FACE_BOUND('',#17485,.T.);
#17485 = EDGE_LOOP('',(#17486,#17487,#17488,#17489));
#17486 = ORIENTED_EDGE('',*,*,#17455,.T.);
#17487 = ORIENTED_EDGE('',*,*,#16864,.F.);
#17488 = ORIENTED_EDGE('',*,*,#17472,.T.);
#17489 = ORIENTED_EDGE('',*,*,#16905,.F.);
#17490 = CYLINDRICAL_SURFACE('',#17491,0.1);
#17491 = AXIS2_PLACEMENT_3D('',#17492,#17493,#17494);
#17492 = CARTESIAN_POINT('',(3.987708016381E-15,0.25,-1.238252975869));
#17493 = DIRECTION('',(1.,0.,3.220430795722E-15));
#17494 = DIRECTION('',(3.220430795722E-15,0.,-1.));
#17495 = MANIFOLD_SOLID_BREP('',#17496);
#17496 = CLOSED_SHELL('',(#17497,#17539,#17570,#17603,#17634,#17667,
    #17698,#17729,#17760,#17793,#17815,#17833));
#17497 = ADVANCED_FACE('',(#17498),#17534,.F.);
#17498 = FACE_BOUND('',#17499,.F.);
#17499 = EDGE_LOOP('',(#17500,#17510,#17519,#17527));
#17500 = ORIENTED_EDGE('',*,*,#17501,.F.);
#17501 = EDGE_CURVE('',#17502,#17504,#17506,.T.);
#17502 = VERTEX_POINT('',#17503);
#17503 = CARTESIAN_POINT('',(0.8,0.875,-0.75));
#17504 = VERTEX_POINT('',#17505);
#17505 = CARTESIAN_POINT('',(0.8,0.875,-1.15));
#17506 = LINE('',#17507,#17508);
#17507 = CARTESIAN_POINT('',(0.8,0.875,-0.75));
#17508 = VECTOR('',#17509,1.);
#17509 = DIRECTION('',(3.491481338843E-15,0.,-1.));
#17510 = ORIENTED_EDGE('',*,*,#17511,.F.);
#17511 = EDGE_CURVE('',#17512,#17502,#17514,.T.);
#17512 = VERTEX_POINT('',#17513);
#17513 = CARTESIAN_POINT('',(0.907132499112,0.776239654222,-0.75));
#17514 = CIRCLE('',#17515,0.107487362954);
#17515 = AXIS2_PLACEMENT_3D('',#17516,#17517,#17518);
#17516 = CARTESIAN_POINT('',(0.8,0.767512637046,-0.75));
#17517 = DIRECTION('',(-3.491481338843E-15,0.,1.));
#17518 = DIRECTION('',(-1.,0.,-3.491481338843E-15));
#17519 = ORIENTED_EDGE('',*,*,#17520,.T.);
#17520 = EDGE_CURVE('',#17512,#17521,#17523,.T.);
#17521 = VERTEX_POINT('',#17522);
#17522 = CARTESIAN_POINT('',(0.907132499112,0.776239654222,-1.15));
#17523 = LINE('',#17524,#17525);
#17524 = CARTESIAN_POINT('',(0.907132499112,0.776239654222,-0.75));
#17525 = VECTOR('',#17526,1.);
#17526 = DIRECTION('',(3.491481338843E-15,0.,-1.));
#17527 = ORIENTED_EDGE('',*,*,#17528,.T.);
#17528 = EDGE_CURVE('',#17521,#17504,#17529,.T.);
#17529 = CIRCLE('',#17530,0.107487362954);
#17530 = AXIS2_PLACEMENT_3D('',#17531,#17532,#17533);
#17531 = CARTESIAN_POINT('',(0.8,0.767512637046,-1.15));
#17532 = DIRECTION('',(-3.491481338843E-15,0.,1.));
#17533 = DIRECTION('',(-1.,0.,-3.491481338843E-15));
#17534 = CYLINDRICAL_SURFACE('',#17535,0.107487362954);
#17535 = AXIS2_PLACEMENT_3D('',#17536,#17537,#17538);
#17536 = CARTESIAN_POINT('',(0.8,0.767512637046,-0.75));
#17537 = DIRECTION('',(3.491481338843E-15,0.,-1.));
#17538 = DIRECTION('',(1.,0.,3.491481338843E-15));
#17539 = ADVANCED_FACE('',(#17540),#17565,.F.);
#17540 = FACE_BOUND('',#17541,.T.);
#17541 = EDGE_LOOP('',(#17542,#17550,#17551,#17559));
#17542 = ORIENTED_EDGE('',*,*,#17543,.F.);
#17543 = EDGE_CURVE('',#17504,#17544,#17546,.T.);
#17544 = VERTEX_POINT('',#17545);
#17545 = CARTESIAN_POINT('',(0.8,1.025,-1.15));
#17546 = LINE('',#17547,#17548);
#17547 = CARTESIAN_POINT('',(0.8,1.025,-1.15));
#17548 = VECTOR('',#17549,1.);
#17549 = DIRECTION('',(0.,1.,0.));
#17550 = ORIENTED_EDGE('',*,*,#17501,.F.);
#17551 = ORIENTED_EDGE('',*,*,#17552,.T.);
#17552 = EDGE_CURVE('',#17502,#17553,#17555,.T.);
#17553 = VERTEX_POINT('',#17554);
#17554 = CARTESIAN_POINT('',(0.8,1.025,-0.75));
#17555 = LINE('',#17556,#17557);
#17556 = CARTESIAN_POINT('',(0.8,1.025,-0.75));
#17557 = VECTOR('',#17558,1.);
#17558 = DIRECTION('',(0.,1.,0.));
#17559 = ORIENTED_EDGE('',*,*,#17560,.T.);
#17560 = EDGE_CURVE('',#17553,#17544,#17561,.T.);
#17561 = LINE('',#17562,#17563);
#17562 = CARTESIAN_POINT('',(0.8,1.025,-0.75));
#17563 = VECTOR('',#17564,1.);
#17564 = DIRECTION('',(3.491481338843E-15,0.,-1.));
#17565 = PLANE('',#17566);
#17566 = AXIS2_PLACEMENT_3D('',#17567,#17568,#17569);
#17567 = CARTESIAN_POINT('',(0.8,1.025,-0.75));
#17568 = DIRECTION('',(1.,0.,3.491481338843E-15));
#17569 = DIRECTION('',(-3.491481338843E-15,0.,1.));
#17570 = ADVANCED_FACE('',(#17571),#17598,.T.);
#17571 = FACE_BOUND('',#17572,.T.);
#17572 = EDGE_LOOP('',(#17573,#17582,#17583,#17592));
#17573 = ORIENTED_EDGE('',*,*,#17574,.F.);
#17574 = EDGE_CURVE('',#17544,#17575,#17577,.T.);
#17575 = VERTEX_POINT('',#17576);
#17576 = CARTESIAN_POINT('',(1.056637282048,0.788418319139,-1.15));
#17577 = CIRCLE('',#17578,0.257487362954);
#17578 = AXIS2_PLACEMENT_3D('',#17579,#17580,#17581);
#17579 = CARTESIAN_POINT('',(0.8,0.767512637046,-1.15));
#17580 = DIRECTION('',(3.491481338843E-15,0.,-1.));
#17581 = DIRECTION('',(-1.,0.,-3.491481338843E-15));
#17582 = ORIENTED_EDGE('',*,*,#17560,.F.);
#17583 = ORIENTED_EDGE('',*,*,#17584,.T.);
#17584 = EDGE_CURVE('',#17553,#17585,#17587,.T.);
#17585 = VERTEX_POINT('',#17586);
#17586 = CARTESIAN_POINT('',(1.056637282048,0.788418319139,-0.75));
#17587 = CIRCLE('',#17588,0.257487362954);
#17588 = AXIS2_PLACEMENT_3D('',#17589,#17590,#17591);
#17589 = CARTESIAN_POINT('',(0.8,0.767512637046,-0.75));
#17590 = DIRECTION('',(3.491481338843E-15,0.,-1.));
#17591 = DIRECTION('',(-1.,0.,-3.491481338843E-15));
#17592 = ORIENTED_EDGE('',*,*,#17593,.T.);
#17593 = EDGE_CURVE('',#17585,#17575,#17594,.T.);
#17594 = LINE('',#17595,#17596);
#17595 = CARTESIAN_POINT('',(1.056637282048,0.788418319139,-0.75));
#17596 = VECTOR('',#17597,1.);
#17597 = DIRECTION('',(3.491481338843E-15,0.,-1.));
#17598 = CYLINDRICAL_SURFACE('',#17599,0.257487362954);
#17599 = AXIS2_PLACEMENT_3D('',#17600,#17601,#17602);
#17600 = CARTESIAN_POINT('',(0.8,0.767512637046,-0.75));
#17601 = DIRECTION('',(3.491481338843E-15,0.,-1.));
#17602 = DIRECTION('',(1.,0.,3.491481338843E-15));
#17603 = ADVANCED_FACE('',(#17604),#17629,.F.);
#17604 = FACE_BOUND('',#17605,.T.);
#17605 = EDGE_LOOP('',(#17606,#17614,#17615,#17623));
#17606 = ORIENTED_EDGE('',*,*,#17607,.F.);
#17607 = EDGE_CURVE('',#17575,#17608,#17610,.T.);
#17608 = VERTEX_POINT('',#17609);
#17609 = CARTESIAN_POINT('',(1.099504782936,0.262178664918,-1.15));
#17610 = LINE('',#17611,#17612);
#17611 = CARTESIAN_POINT('',(1.056637282048,0.788418319139,-1.15));
#17612 = VECTOR('',#17613,1.);
#17613 = DIRECTION('',(8.119109945247E-02,-0.996698552908,
    2.834772086185E-16));
#17614 = ORIENTED_EDGE('',*,*,#17593,.F.);
#17615 = ORIENTED_EDGE('',*,*,#17616,.T.);
#17616 = EDGE_CURVE('',#17585,#17617,#17619,.T.);
#17617 = VERTEX_POINT('',#17618);
#17618 = CARTESIAN_POINT('',(1.099504782936,0.262178664918,-0.75));
#17619 = LINE('',#17620,#17621);
#17620 = CARTESIAN_POINT('',(1.056637282048,0.788418319139,-0.75));
#17621 = VECTOR('',#17622,1.);
#17622 = DIRECTION('',(8.119109945247E-02,-0.996698552908,
    2.834772086185E-16));
#17623 = ORIENTED_EDGE('',*,*,#17624,.T.);
#17624 = EDGE_CURVE('',#17617,#17608,#17625,.T.);
#17625 = LINE('',#17626,#17627);
#17626 = CARTESIAN_POINT('',(1.099504782936,0.262178664918,-0.75));
#17627 = VECTOR('',#17628,1.);
#17628 = DIRECTION('',(3.491481338843E-15,0.,-1.));
#17629 = PLANE('',#17630);
#17630 = AXIS2_PLACEMENT_3D('',#17631,#17632,#17633);
#17631 = CARTESIAN_POINT('',(1.056637282048,0.788418319139,-0.75));
#17632 = DIRECTION('',(-0.996698552908,-8.119109945247E-02,
    -3.479954397932E-15));
#17633 = DIRECTION('',(-8.119109945247E-02,0.996698552908,
    -2.834772086185E-16));
#17634 = ADVANCED_FACE('',(#17635),#17662,.F.);
#17635 = FACE_BOUND('',#17636,.F.);
#17636 = EDGE_LOOP('',(#17637,#17647,#17654,#17655));
#17637 = ORIENTED_EDGE('',*,*,#17638,.F.);
#17638 = EDGE_CURVE('',#17639,#17641,#17643,.T.);
#17639 = VERTEX_POINT('',#17640);
#17640 = CARTESIAN_POINT('',(1.199139342637,0.163680152953,-0.75));
#17641 = VERTEX_POINT('',#17642);
#17642 = CARTESIAN_POINT('',(1.199139342637,0.163680152953,-1.15));
#17643 = LINE('',#17644,#17645);
#17644 = CARTESIAN_POINT('',(1.199139342637,0.163680152953,-0.75));
#17645 = VECTOR('',#17646,1.);
#17646 = DIRECTION('',(3.491481338843E-15,0.,-1.));
#17647 = ORIENTED_EDGE('',*,*,#17648,.F.);
#17648 = EDGE_CURVE('',#17617,#17639,#17649,.T.);
#17649 = CIRCLE('',#17650,0.107487362954);
#17650 = AXIS2_PLACEMENT_3D('',#17651,#17652,#17653);
#17651 = CARTESIAN_POINT('',(1.206637282048,0.270905682093,-0.75));
#17652 = DIRECTION('',(-3.491481338843E-15,0.,1.));
#17653 = DIRECTION('',(1.,0.,3.491481338843E-15));
#17654 = ORIENTED_EDGE('',*,*,#17624,.T.);
#17655 = ORIENTED_EDGE('',*,*,#17656,.T.);
#17656 = EDGE_CURVE('',#17608,#17641,#17657,.T.);
#17657 = CIRCLE('',#17658,0.107487362954);
#17658 = AXIS2_PLACEMENT_3D('',#17659,#17660,#17661);
#17659 = CARTESIAN_POINT('',(1.206637282048,0.270905682093,-1.15));
#17660 = DIRECTION('',(-3.491481338843E-15,0.,1.));
#17661 = DIRECTION('',(1.,0.,3.491481338843E-15));
#17662 = CYLINDRICAL_SURFACE('',#17663,0.107487362954);
#17663 = AXIS2_PLACEMENT_3D('',#17664,#17665,#17666);
#17664 = CARTESIAN_POINT('',(1.206637282048,0.270905682093,-0.75));
#17665 = DIRECTION('',(3.491481338843E-15,0.,-1.));
#17666 = DIRECTION('',(1.,0.,3.491481338843E-15));
#17667 = ADVANCED_FACE('',(#17668),#17693,.F.);
#17668 = FACE_BOUND('',#17669,.T.);
#17669 = EDGE_LOOP('',(#17670,#17678,#17679,#17687));
#17670 = ORIENTED_EDGE('',*,*,#17671,.F.);
#17671 = EDGE_CURVE('',#17641,#17672,#17674,.T.);
#17672 = VERTEX_POINT('',#17673);
#17673 = CARTESIAN_POINT('',(1.4,0.149634607539,-1.15));
#17674 = LINE('',#17675,#17676);
#17675 = CARTESIAN_POINT('',(1.199139342637,0.163680152953,-1.15));
#17676 = VECTOR('',#17677,1.);
#17677 = DIRECTION('',(0.99756405026,-6.975647374412E-02,
    3.482976265783E-15));
#17678 = ORIENTED_EDGE('',*,*,#17638,.F.);
#17679 = ORIENTED_EDGE('',*,*,#17680,.T.);
#17680 = EDGE_CURVE('',#17639,#17681,#17683,.T.);
#17681 = VERTEX_POINT('',#17682);
#17682 = CARTESIAN_POINT('',(1.4,0.149634607539,-0.75));
#17683 = LINE('',#17684,#17685);
#17684 = CARTESIAN_POINT('',(1.199139342637,0.163680152953,-0.75));
#17685 = VECTOR('',#17686,1.);
#17686 = DIRECTION('',(0.99756405026,-6.975647374412E-02,
    3.482976265783E-15));
#17687 = ORIENTED_EDGE('',*,*,#17688,.T.);
#17688 = EDGE_CURVE('',#17681,#17672,#17689,.T.);
#17689 = LINE('',#17690,#17691);
#17690 = CARTESIAN_POINT('',(1.4,0.149634607539,-0.75));
#17691 = VECTOR('',#17692,1.);
#17692 = DIRECTION('',(3.491481338843E-15,0.,-1.));
#17693 = PLANE('',#17694);
#17694 = AXIS2_PLACEMENT_3D('',#17695,#17696,#17697);
#17695 = CARTESIAN_POINT('',(1.199139342637,0.163680152953,-0.75));
#17696 = DIRECTION('',(-6.975647374412E-02,-0.99756405026,
    -2.435534263411E-16));
#17697 = DIRECTION('',(-0.99756405026,6.975647374412E-02,
    -3.482976265783E-15));
#17698 = ADVANCED_FACE('',(#17699),#17724,.F.);
#17699 = FACE_BOUND('',#17700,.T.);
#17700 = EDGE_LOOP('',(#17701,#17709,#17710,#17718));
#17701 = ORIENTED_EDGE('',*,*,#17702,.F.);
#17702 = EDGE_CURVE('',#17672,#17703,#17705,.T.);
#17703 = VERTEX_POINT('',#17704);
#17704 = CARTESIAN_POINT('',(1.389536528938,0.,-1.15));
#17705 = LINE('',#17706,#17707);
#17706 = CARTESIAN_POINT('',(1.4,0.149634607539,-1.15));
#17707 = VECTOR('',#17708,1.);
#17708 = DIRECTION('',(-6.975647374412E-02,-0.99756405026,
    -2.435534263411E-16));
#17709 = ORIENTED_EDGE('',*,*,#17688,.F.);
#17710 = ORIENTED_EDGE('',*,*,#17711,.T.);
#17711 = EDGE_CURVE('',#17681,#17712,#17714,.T.);
#17712 = VERTEX_POINT('',#17713);
#17713 = CARTESIAN_POINT('',(1.389536528938,0.,-0.75));
#17714 = LINE('',#17715,#17716);
#17715 = CARTESIAN_POINT('',(1.4,0.149634607539,-0.75));
#17716 = VECTOR('',#17717,1.);
#17717 = DIRECTION('',(-6.975647374412E-02,-0.99756405026,
    -2.435534263411E-16));
#17718 = ORIENTED_EDGE('',*,*,#17719,.T.);
#17719 = EDGE_CURVE('',#17712,#17703,#17720,.T.);
#17720 = LINE('',#17721,#17722);
#17721 = CARTESIAN_POINT('',(1.389536528938,0.,-0.75));
#17722 = VECTOR('',#17723,1.);
#17723 = DIRECTION('',(3.491481338843E-15,0.,-1.));
#17724 = PLANE('',#17725);
#17725 = AXIS2_PLACEMENT_3D('',#17726,#17727,#17728);
#17726 = CARTESIAN_POINT('',(1.4,0.149634607539,-0.75));
#17727 = DIRECTION('',(-0.99756405026,6.975647374412E-02,
    -3.482976265783E-15));
#17728 = DIRECTION('',(6.975647374412E-02,0.99756405026,
    2.435534263411E-16));
#17729 = ADVANCED_FACE('',(#17730),#17755,.F.);
#17730 = FACE_BOUND('',#17731,.T.);
#17731 = EDGE_LOOP('',(#17732,#17740,#17741,#17749));
#17732 = ORIENTED_EDGE('',*,*,#17733,.F.);
#17733 = EDGE_CURVE('',#17703,#17734,#17736,.T.);
#17734 = VERTEX_POINT('',#17735);
#17735 = CARTESIAN_POINT('',(1.188675871575,1.404554541429E-02,-1.15));
#17736 = LINE('',#17737,#17738);
#17737 = CARTESIAN_POINT('',(1.188675871575,1.404554541429E-02,-1.15));
#17738 = VECTOR('',#17739,1.);
#17739 = DIRECTION('',(-0.99756405026,6.975647374412E-02,
    -3.482976265783E-15));
#17740 = ORIENTED_EDGE('',*,*,#17719,.F.);
#17741 = ORIENTED_EDGE('',*,*,#17742,.T.);
#17742 = EDGE_CURVE('',#17712,#17743,#17745,.T.);
#17743 = VERTEX_POINT('',#17744);
#17744 = CARTESIAN_POINT('',(1.188675871575,1.404554541429E-02,-0.75));
#17745 = LINE('',#17746,#17747);
#17746 = CARTESIAN_POINT('',(1.188675871575,1.404554541429E-02,-0.75));
#17747 = VECTOR('',#17748,1.);
#17748 = DIRECTION('',(-0.99756405026,6.975647374412E-02,
    -3.482976265783E-15));
#17749 = ORIENTED_EDGE('',*,*,#17750,.T.);
#17750 = EDGE_CURVE('',#17743,#17734,#17751,.T.);
#17751 = LINE('',#17752,#17753);
#17752 = CARTESIAN_POINT('',(1.188675871575,1.404554541429E-02,-0.75));
#17753 = VECTOR('',#17754,1.);
#17754 = DIRECTION('',(3.491481338843E-15,0.,-1.));
#17755 = PLANE('',#17756);
#17756 = AXIS2_PLACEMENT_3D('',#17757,#17758,#17759);
#17757 = CARTESIAN_POINT('',(1.188675871575,1.404554541429E-02,-0.75));
#17758 = DIRECTION('',(6.975647374412E-02,0.99756405026,
    2.435534263411E-16));
#17759 = DIRECTION('',(0.99756405026,-6.975647374412E-02,
    3.482976265783E-15));
#17760 = ADVANCED_FACE('',(#17761),#17788,.T.);
#17761 = FACE_BOUND('',#17762,.T.);
#17762 = EDGE_LOOP('',(#17763,#17772,#17773,#17782));
#17763 = ORIENTED_EDGE('',*,*,#17764,.F.);
#17764 = EDGE_CURVE('',#17734,#17765,#17767,.T.);
#17765 = VERTEX_POINT('',#17766);
#17766 = CARTESIAN_POINT('',(0.95,0.25,-1.15));
#17767 = CIRCLE('',#17768,0.257487362954);
#17768 = AXIS2_PLACEMENT_3D('',#17769,#17770,#17771);
#17769 = CARTESIAN_POINT('',(1.206637282048,0.270905682093,-1.15));
#17770 = DIRECTION('',(3.491481338843E-15,0.,-1.));
#17771 = DIRECTION('',(1.,0.,3.491481338843E-15));
#17772 = ORIENTED_EDGE('',*,*,#17750,.F.);
#17773 = ORIENTED_EDGE('',*,*,#17774,.T.);
#17774 = EDGE_CURVE('',#17743,#17775,#17777,.T.);
#17775 = VERTEX_POINT('',#17776);
#17776 = CARTESIAN_POINT('',(0.95,0.25,-0.75));
#17777 = CIRCLE('',#17778,0.257487362954);
#17778 = AXIS2_PLACEMENT_3D('',#17779,#17780,#17781);
#17779 = CARTESIAN_POINT('',(1.206637282048,0.270905682093,-0.75));
#17780 = DIRECTION('',(3.491481338843E-15,0.,-1.));
#17781 = DIRECTION('',(1.,0.,3.491481338843E-15));
#17782 = ORIENTED_EDGE('',*,*,#17783,.T.);
#17783 = EDGE_CURVE('',#17775,#17765,#17784,.T.);
#17784 = LINE('',#17785,#17786);
#17785 = CARTESIAN_POINT('',(0.95,0.25,-0.75));
#17786 = VECTOR('',#17787,1.);
#17787 = DIRECTION('',(3.491481338843E-15,0.,-1.));
#17788 = CYLINDRICAL_SURFACE('',#17789,0.257487362954);
#17789 = AXIS2_PLACEMENT_3D('',#17790,#17791,#17792);
#17790 = CARTESIAN_POINT('',(1.206637282048,0.270905682093,-0.75));
#17791 = DIRECTION('',(3.491481338843E-15,0.,-1.));
#17792 = DIRECTION('',(1.,0.,3.491481338843E-15));
#17793 = ADVANCED_FACE('',(#17794),#17810,.F.);
#17794 = FACE_BOUND('',#17795,.T.);
#17795 = EDGE_LOOP('',(#17796,#17802,#17803,#17809));
#17796 = ORIENTED_EDGE('',*,*,#17797,.F.);
#17797 = EDGE_CURVE('',#17765,#17521,#17798,.T.);
#17798 = LINE('',#17799,#17800);
#17799 = CARTESIAN_POINT('',(0.907132499112,0.776239654222,-1.15));
#17800 = VECTOR('',#17801,1.);
#17801 = DIRECTION('',(-8.119109945247E-02,0.996698552908,
    -2.834772086185E-16));
#17802 = ORIENTED_EDGE('',*,*,#17783,.F.);
#17803 = ORIENTED_EDGE('',*,*,#17804,.T.);
#17804 = EDGE_CURVE('',#17775,#17512,#17805,.T.);
#17805 = LINE('',#17806,#17807);
#17806 = CARTESIAN_POINT('',(0.907132499112,0.776239654222,-0.75));
#17807 = VECTOR('',#17808,1.);
#17808 = DIRECTION('',(-8.119109945247E-02,0.996698552908,
    -2.834772086185E-16));
#17809 = ORIENTED_EDGE('',*,*,#17520,.T.);
#17810 = PLANE('',#17811);
#17811 = AXIS2_PLACEMENT_3D('',#17812,#17813,#17814);
#17812 = CARTESIAN_POINT('',(0.907132499112,0.776239654222,-0.75));
#17813 = DIRECTION('',(0.996698552908,8.119109945247E-02,
    3.479954397932E-15));
#17814 = DIRECTION('',(8.119109945247E-02,-0.996698552908,
    2.834772086185E-16));
#17815 = ADVANCED_FACE('',(#17816),#17828,.T.);
#17816 = FACE_BOUND('',#17817,.T.);
#17817 = EDGE_LOOP('',(#17818,#17819,#17820,#17821,#17822,#17823,#17824,
    #17825,#17826,#17827));
#17818 = ORIENTED_EDGE('',*,*,#17511,.F.);
#17819 = ORIENTED_EDGE('',*,*,#17804,.F.);
#17820 = ORIENTED_EDGE('',*,*,#17774,.F.);
#17821 = ORIENTED_EDGE('',*,*,#17742,.F.);
#17822 = ORIENTED_EDGE('',*,*,#17711,.F.);
#17823 = ORIENTED_EDGE('',*,*,#17680,.F.);
#17824 = ORIENTED_EDGE('',*,*,#17648,.F.);
#17825 = ORIENTED_EDGE('',*,*,#17616,.F.);
#17826 = ORIENTED_EDGE('',*,*,#17584,.F.);
#17827 = ORIENTED_EDGE('',*,*,#17552,.F.);
#17828 = PLANE('',#17829);
#17829 = AXIS2_PLACEMENT_3D('',#17830,#17831,#17832);
#17830 = CARTESIAN_POINT('',(0.8,0.767512637046,-0.75));
#17831 = DIRECTION('',(-3.491481338843E-15,0.,1.));
#17832 = DIRECTION('',(-1.,0.,-3.491481338843E-15));
#17833 = ADVANCED_FACE('',(#17834),#17846,.F.);
#17834 = FACE_BOUND('',#17835,.T.);
#17835 = EDGE_LOOP('',(#17836,#17837,#17838,#17839,#17840,#17841,#17842,
    #17843,#17844,#17845));
#17836 = ORIENTED_EDGE('',*,*,#17528,.T.);
#17837 = ORIENTED_EDGE('',*,*,#17543,.T.);
#17838 = ORIENTED_EDGE('',*,*,#17574,.T.);
#17839 = ORIENTED_EDGE('',*,*,#17607,.T.);
#17840 = ORIENTED_EDGE('',*,*,#17656,.T.);
#17841 = ORIENTED_EDGE('',*,*,#17671,.T.);
#17842 = ORIENTED_EDGE('',*,*,#17702,.T.);
#17843 = ORIENTED_EDGE('',*,*,#17733,.T.);
#17844 = ORIENTED_EDGE('',*,*,#17764,.T.);
#17845 = ORIENTED_EDGE('',*,*,#17797,.T.);
#17846 = PLANE('',#17847);
#17847 = AXIS2_PLACEMENT_3D('',#17848,#17849,#17850);
#17848 = CARTESIAN_POINT('',(0.8,0.767512637046,-1.15));
#17849 = DIRECTION('',(-3.491481338843E-15,0.,1.));
#17850 = DIRECTION('',(-1.,0.,-3.491481338843E-15));
#17851 = MANIFOLD_SOLID_BREP('',#17852);
#17852 = CLOSED_SHELL('',(#17853,#17895,#17926,#17959,#17990,#18023,
    #18054,#18085,#18116,#18149,#18171,#18189));
#17853 = ADVANCED_FACE('',(#17854),#17890,.F.);
#17854 = FACE_BOUND('',#17855,.F.);
#17855 = EDGE_LOOP('',(#17856,#17866,#17875,#17883));
#17856 = ORIENTED_EDGE('',*,*,#17857,.F.);
#17857 = EDGE_CURVE('',#17858,#17860,#17862,.T.);
#17858 = VERTEX_POINT('',#17859);
#17859 = CARTESIAN_POINT('',(0.8,0.875,1.15));
#17860 = VERTEX_POINT('',#17861);
#17861 = CARTESIAN_POINT('',(0.8,0.875,0.75));
#17862 = LINE('',#17863,#17864);
#17863 = CARTESIAN_POINT('',(0.8,0.875,1.15));
#17864 = VECTOR('',#17865,1.);
#17865 = DIRECTION('',(3.491481338843E-15,0.,-1.));
#17866 = ORIENTED_EDGE('',*,*,#17867,.F.);
#17867 = EDGE_CURVE('',#17868,#17858,#17870,.T.);
#17868 = VERTEX_POINT('',#17869);
#17869 = CARTESIAN_POINT('',(0.907132499112,0.776239654222,1.15));
#17870 = CIRCLE('',#17871,0.107487362954);
#17871 = AXIS2_PLACEMENT_3D('',#17872,#17873,#17874);
#17872 = CARTESIAN_POINT('',(0.8,0.767512637046,1.15));
#17873 = DIRECTION('',(-3.491481338843E-15,0.,1.));
#17874 = DIRECTION('',(-1.,0.,-3.491481338843E-15));
#17875 = ORIENTED_EDGE('',*,*,#17876,.T.);
#17876 = EDGE_CURVE('',#17868,#17877,#17879,.T.);
#17877 = VERTEX_POINT('',#17878);
#17878 = CARTESIAN_POINT('',(0.907132499112,0.776239654222,0.75));
#17879 = LINE('',#17880,#17881);
#17880 = CARTESIAN_POINT('',(0.907132499112,0.776239654222,1.15));
#17881 = VECTOR('',#17882,1.);
#17882 = DIRECTION('',(3.491481338843E-15,0.,-1.));
#17883 = ORIENTED_EDGE('',*,*,#17884,.T.);
#17884 = EDGE_CURVE('',#17877,#17860,#17885,.T.);
#17885 = CIRCLE('',#17886,0.107487362954);
#17886 = AXIS2_PLACEMENT_3D('',#17887,#17888,#17889);
#17887 = CARTESIAN_POINT('',(0.8,0.767512637046,0.75));
#17888 = DIRECTION('',(-3.491481338843E-15,0.,1.));
#17889 = DIRECTION('',(-1.,0.,-3.491481338843E-15));
#17890 = CYLINDRICAL_SURFACE('',#17891,0.107487362954);
#17891 = AXIS2_PLACEMENT_3D('',#17892,#17893,#17894);
#17892 = CARTESIAN_POINT('',(0.8,0.767512637046,1.15));
#17893 = DIRECTION('',(3.491481338843E-15,0.,-1.));
#17894 = DIRECTION('',(1.,0.,3.491481338843E-15));
#17895 = ADVANCED_FACE('',(#17896),#17921,.F.);
#17896 = FACE_BOUND('',#17897,.T.);
#17897 = EDGE_LOOP('',(#17898,#17906,#17907,#17915));
#17898 = ORIENTED_EDGE('',*,*,#17899,.F.);
#17899 = EDGE_CURVE('',#17860,#17900,#17902,.T.);
#17900 = VERTEX_POINT('',#17901);
#17901 = CARTESIAN_POINT('',(0.8,1.025,0.75));
#17902 = LINE('',#17903,#17904);
#17903 = CARTESIAN_POINT('',(0.8,1.025,0.75));
#17904 = VECTOR('',#17905,1.);
#17905 = DIRECTION('',(0.,1.,0.));
#17906 = ORIENTED_EDGE('',*,*,#17857,.F.);
#17907 = ORIENTED_EDGE('',*,*,#17908,.T.);
#17908 = EDGE_CURVE('',#17858,#17909,#17911,.T.);
#17909 = VERTEX_POINT('',#17910);
#17910 = CARTESIAN_POINT('',(0.8,1.025,1.15));
#17911 = LINE('',#17912,#17913);
#17912 = CARTESIAN_POINT('',(0.8,1.025,1.15));
#17913 = VECTOR('',#17914,1.);
#17914 = DIRECTION('',(0.,1.,0.));
#17915 = ORIENTED_EDGE('',*,*,#17916,.T.);
#17916 = EDGE_CURVE('',#17909,#17900,#17917,.T.);
#17917 = LINE('',#17918,#17919);
#17918 = CARTESIAN_POINT('',(0.8,1.025,1.15));
#17919 = VECTOR('',#17920,1.);
#17920 = DIRECTION('',(3.491481338843E-15,0.,-1.));
#17921 = PLANE('',#17922);
#17922 = AXIS2_PLACEMENT_3D('',#17923,#17924,#17925);
#17923 = CARTESIAN_POINT('',(0.8,1.025,1.15));
#17924 = DIRECTION('',(1.,0.,3.491481338843E-15));
#17925 = DIRECTION('',(-3.491481338843E-15,0.,1.));
#17926 = ADVANCED_FACE('',(#17927),#17954,.T.);
#17927 = FACE_BOUND('',#17928,.T.);
#17928 = EDGE_LOOP('',(#17929,#17938,#17939,#17948));
#17929 = ORIENTED_EDGE('',*,*,#17930,.F.);
#17930 = EDGE_CURVE('',#17900,#17931,#17933,.T.);
#17931 = VERTEX_POINT('',#17932);
#17932 = CARTESIAN_POINT('',(1.056637282048,0.788418319139,0.75));
#17933 = CIRCLE('',#17934,0.257487362954);
#17934 = AXIS2_PLACEMENT_3D('',#17935,#17936,#17937);
#17935 = CARTESIAN_POINT('',(0.8,0.767512637046,0.75));
#17936 = DIRECTION('',(3.491481338843E-15,0.,-1.));
#17937 = DIRECTION('',(-1.,0.,-3.491481338843E-15));
#17938 = ORIENTED_EDGE('',*,*,#17916,.F.);
#17939 = ORIENTED_EDGE('',*,*,#17940,.T.);
#17940 = EDGE_CURVE('',#17909,#17941,#17943,.T.);
#17941 = VERTEX_POINT('',#17942);
#17942 = CARTESIAN_POINT('',(1.056637282048,0.788418319139,1.15));
#17943 = CIRCLE('',#17944,0.257487362954);
#17944 = AXIS2_PLACEMENT_3D('',#17945,#17946,#17947);
#17945 = CARTESIAN_POINT('',(0.8,0.767512637046,1.15));
#17946 = DIRECTION('',(3.491481338843E-15,0.,-1.));
#17947 = DIRECTION('',(-1.,0.,-3.491481338843E-15));
#17948 = ORIENTED_EDGE('',*,*,#17949,.T.);
#17949 = EDGE_CURVE('',#17941,#17931,#17950,.T.);
#17950 = LINE('',#17951,#17952);
#17951 = CARTESIAN_POINT('',(1.056637282048,0.788418319139,1.15));
#17952 = VECTOR('',#17953,1.);
#17953 = DIRECTION('',(3.491481338843E-15,0.,-1.));
#17954 = CYLINDRICAL_SURFACE('',#17955,0.257487362954);
#17955 = AXIS2_PLACEMENT_3D('',#17956,#17957,#17958);
#17956 = CARTESIAN_POINT('',(0.8,0.767512637046,1.15));
#17957 = DIRECTION('',(3.491481338843E-15,0.,-1.));
#17958 = DIRECTION('',(1.,0.,3.491481338843E-15));
#17959 = ADVANCED_FACE('',(#17960),#17985,.F.);
#17960 = FACE_BOUND('',#17961,.T.);
#17961 = EDGE_LOOP('',(#17962,#17970,#17971,#17979));
#17962 = ORIENTED_EDGE('',*,*,#17963,.F.);
#17963 = EDGE_CURVE('',#17931,#17964,#17966,.T.);
#17964 = VERTEX_POINT('',#17965);
#17965 = CARTESIAN_POINT('',(1.099504782936,0.262178664918,0.75));
#17966 = LINE('',#17967,#17968);
#17967 = CARTESIAN_POINT('',(1.056637282048,0.788418319139,0.75));
#17968 = VECTOR('',#17969,1.);
#17969 = DIRECTION('',(8.119109945247E-02,-0.996698552908,
    2.834772086185E-16));
#17970 = ORIENTED_EDGE('',*,*,#17949,.F.);
#17971 = ORIENTED_EDGE('',*,*,#17972,.T.);
#17972 = EDGE_CURVE('',#17941,#17973,#17975,.T.);
#17973 = VERTEX_POINT('',#17974);
#17974 = CARTESIAN_POINT('',(1.099504782936,0.262178664918,1.15));
#17975 = LINE('',#17976,#17977);
#17976 = CARTESIAN_POINT('',(1.056637282048,0.788418319139,1.15));
#17977 = VECTOR('',#17978,1.);
#17978 = DIRECTION('',(8.119109945247E-02,-0.996698552908,
    2.834772086185E-16));
#17979 = ORIENTED_EDGE('',*,*,#17980,.T.);
#17980 = EDGE_CURVE('',#17973,#17964,#17981,.T.);
#17981 = LINE('',#17982,#17983);
#17982 = CARTESIAN_POINT('',(1.099504782936,0.262178664918,1.15));
#17983 = VECTOR('',#17984,1.);
#17984 = DIRECTION('',(3.491481338843E-15,0.,-1.));
#17985 = PLANE('',#17986);
#17986 = AXIS2_PLACEMENT_3D('',#17987,#17988,#17989);
#17987 = CARTESIAN_POINT('',(1.056637282048,0.788418319139,1.15));
#17988 = DIRECTION('',(-0.996698552908,-8.119109945247E-02,
    -3.479954397932E-15));
#17989 = DIRECTION('',(-8.119109945247E-02,0.996698552908,
    -2.834772086185E-16));
#17990 = ADVANCED_FACE('',(#17991),#18018,.F.);
#17991 = FACE_BOUND('',#17992,.F.);
#17992 = EDGE_LOOP('',(#17993,#18003,#18010,#18011));
#17993 = ORIENTED_EDGE('',*,*,#17994,.F.);
#17994 = EDGE_CURVE('',#17995,#17997,#17999,.T.);
#17995 = VERTEX_POINT('',#17996);
#17996 = CARTESIAN_POINT('',(1.199139342637,0.163680152953,1.15));
#17997 = VERTEX_POINT('',#17998);
#17998 = CARTESIAN_POINT('',(1.199139342637,0.163680152953,0.75));
#17999 = LINE('',#18000,#18001);
#18000 = CARTESIAN_POINT('',(1.199139342637,0.163680152953,1.15));
#18001 = VECTOR('',#18002,1.);
#18002 = DIRECTION('',(3.491481338843E-15,0.,-1.));
#18003 = ORIENTED_EDGE('',*,*,#18004,.F.);
#18004 = EDGE_CURVE('',#17973,#17995,#18005,.T.);
#18005 = CIRCLE('',#18006,0.107487362954);
#18006 = AXIS2_PLACEMENT_3D('',#18007,#18008,#18009);
#18007 = CARTESIAN_POINT('',(1.206637282048,0.270905682093,1.15));
#18008 = DIRECTION('',(-3.491481338843E-15,0.,1.));
#18009 = DIRECTION('',(1.,0.,3.491481338843E-15));
#18010 = ORIENTED_EDGE('',*,*,#17980,.T.);
#18011 = ORIENTED_EDGE('',*,*,#18012,.T.);
#18012 = EDGE_CURVE('',#17964,#17997,#18013,.T.);
#18013 = CIRCLE('',#18014,0.107487362954);
#18014 = AXIS2_PLACEMENT_3D('',#18015,#18016,#18017);
#18015 = CARTESIAN_POINT('',(1.206637282048,0.270905682093,0.75));
#18016 = DIRECTION('',(-3.491481338843E-15,0.,1.));
#18017 = DIRECTION('',(1.,0.,3.491481338843E-15));
#18018 = CYLINDRICAL_SURFACE('',#18019,0.107487362954);
#18019 = AXIS2_PLACEMENT_3D('',#18020,#18021,#18022);
#18020 = CARTESIAN_POINT('',(1.206637282048,0.270905682093,1.15));
#18021 = DIRECTION('',(3.491481338843E-15,0.,-1.));
#18022 = DIRECTION('',(1.,0.,3.491481338843E-15));
#18023 = ADVANCED_FACE('',(#18024),#18049,.F.);
#18024 = FACE_BOUND('',#18025,.T.);
#18025 = EDGE_LOOP('',(#18026,#18034,#18035,#18043));
#18026 = ORIENTED_EDGE('',*,*,#18027,.F.);
#18027 = EDGE_CURVE('',#17997,#18028,#18030,.T.);
#18028 = VERTEX_POINT('',#18029);
#18029 = CARTESIAN_POINT('',(1.4,0.149634607539,0.75));
#18030 = LINE('',#18031,#18032);
#18031 = CARTESIAN_POINT('',(1.199139342637,0.163680152953,0.75));
#18032 = VECTOR('',#18033,1.);
#18033 = DIRECTION('',(0.99756405026,-6.975647374412E-02,
    3.482976265783E-15));
#18034 = ORIENTED_EDGE('',*,*,#17994,.F.);
#18035 = ORIENTED_EDGE('',*,*,#18036,.T.);
#18036 = EDGE_CURVE('',#17995,#18037,#18039,.T.);
#18037 = VERTEX_POINT('',#18038);
#18038 = CARTESIAN_POINT('',(1.4,0.149634607539,1.15));
#18039 = LINE('',#18040,#18041);
#18040 = CARTESIAN_POINT('',(1.199139342637,0.163680152953,1.15));
#18041 = VECTOR('',#18042,1.);
#18042 = DIRECTION('',(0.99756405026,-6.975647374412E-02,
    3.482976265783E-15));
#18043 = ORIENTED_EDGE('',*,*,#18044,.T.);
#18044 = EDGE_CURVE('',#18037,#18028,#18045,.T.);
#18045 = LINE('',#18046,#18047);
#18046 = CARTESIAN_POINT('',(1.4,0.149634607539,1.15));
#18047 = VECTOR('',#18048,1.);
#18048 = DIRECTION('',(3.491481338843E-15,0.,-1.));
#18049 = PLANE('',#18050);
#18050 = AXIS2_PLACEMENT_3D('',#18051,#18052,#18053);
#18051 = CARTESIAN_POINT('',(1.199139342637,0.163680152953,1.15));
#18052 = DIRECTION('',(-6.975647374412E-02,-0.99756405026,
    -2.435534263411E-16));
#18053 = DIRECTION('',(-0.99756405026,6.975647374412E-02,
    -3.482976265783E-15));
#18054 = ADVANCED_FACE('',(#18055),#18080,.F.);
#18055 = FACE_BOUND('',#18056,.T.);
#18056 = EDGE_LOOP('',(#18057,#18065,#18066,#18074));
#18057 = ORIENTED_EDGE('',*,*,#18058,.F.);
#18058 = EDGE_CURVE('',#18028,#18059,#18061,.T.);
#18059 = VERTEX_POINT('',#18060);
#18060 = CARTESIAN_POINT('',(1.389536528938,0.,0.75));
#18061 = LINE('',#18062,#18063);
#18062 = CARTESIAN_POINT('',(1.4,0.149634607539,0.75));
#18063 = VECTOR('',#18064,1.);
#18064 = DIRECTION('',(-6.975647374412E-02,-0.99756405026,
    -2.435534263411E-16));
#18065 = ORIENTED_EDGE('',*,*,#18044,.F.);
#18066 = ORIENTED_EDGE('',*,*,#18067,.T.);
#18067 = EDGE_CURVE('',#18037,#18068,#18070,.T.);
#18068 = VERTEX_POINT('',#18069);
#18069 = CARTESIAN_POINT('',(1.389536528938,0.,1.15));
#18070 = LINE('',#18071,#18072);
#18071 = CARTESIAN_POINT('',(1.4,0.149634607539,1.15));
#18072 = VECTOR('',#18073,1.);
#18073 = DIRECTION('',(-6.975647374412E-02,-0.99756405026,
    -2.435534263411E-16));
#18074 = ORIENTED_EDGE('',*,*,#18075,.T.);
#18075 = EDGE_CURVE('',#18068,#18059,#18076,.T.);
#18076 = LINE('',#18077,#18078);
#18077 = CARTESIAN_POINT('',(1.389536528938,0.,1.15));
#18078 = VECTOR('',#18079,1.);
#18079 = DIRECTION('',(3.491481338843E-15,0.,-1.));
#18080 = PLANE('',#18081);
#18081 = AXIS2_PLACEMENT_3D('',#18082,#18083,#18084);
#18082 = CARTESIAN_POINT('',(1.4,0.149634607539,1.15));
#18083 = DIRECTION('',(-0.99756405026,6.975647374412E-02,
    -3.482976265783E-15));
#18084 = DIRECTION('',(6.975647374412E-02,0.99756405026,
    2.435534263411E-16));
#18085 = ADVANCED_FACE('',(#18086),#18111,.F.);
#18086 = FACE_BOUND('',#18087,.T.);
#18087 = EDGE_LOOP('',(#18088,#18096,#18097,#18105));
#18088 = ORIENTED_EDGE('',*,*,#18089,.F.);
#18089 = EDGE_CURVE('',#18059,#18090,#18092,.T.);
#18090 = VERTEX_POINT('',#18091);
#18091 = CARTESIAN_POINT('',(1.188675871575,1.404554541429E-02,0.75));
#18092 = LINE('',#18093,#18094);
#18093 = CARTESIAN_POINT('',(1.188675871575,1.404554541429E-02,0.75));
#18094 = VECTOR('',#18095,1.);
#18095 = DIRECTION('',(-0.99756405026,6.975647374412E-02,
    -3.482976265783E-15));
#18096 = ORIENTED_EDGE('',*,*,#18075,.F.);
#18097 = ORIENTED_EDGE('',*,*,#18098,.T.);
#18098 = EDGE_CURVE('',#18068,#18099,#18101,.T.);
#18099 = VERTEX_POINT('',#18100);
#18100 = CARTESIAN_POINT('',(1.188675871575,1.404554541429E-02,1.15));
#18101 = LINE('',#18102,#18103);
#18102 = CARTESIAN_POINT('',(1.188675871575,1.404554541429E-02,1.15));
#18103 = VECTOR('',#18104,1.);
#18104 = DIRECTION('',(-0.99756405026,6.975647374412E-02,
    -3.482976265783E-15));
#18105 = ORIENTED_EDGE('',*,*,#18106,.T.);
#18106 = EDGE_CURVE('',#18099,#18090,#18107,.T.);
#18107 = LINE('',#18108,#18109);
#18108 = CARTESIAN_POINT('',(1.188675871575,1.404554541429E-02,1.15));
#18109 = VECTOR('',#18110,1.);
#18110 = DIRECTION('',(3.491481338843E-15,0.,-1.));
#18111 = PLANE('',#18112);
#18112 = AXIS2_PLACEMENT_3D('',#18113,#18114,#18115);
#18113 = CARTESIAN_POINT('',(1.188675871575,1.404554541429E-02,1.15));
#18114 = DIRECTION('',(6.975647374412E-02,0.99756405026,
    2.435534263411E-16));
#18115 = DIRECTION('',(0.99756405026,-6.975647374412E-02,
    3.482976265783E-15));
#18116 = ADVANCED_FACE('',(#18117),#18144,.T.);
#18117 = FACE_BOUND('',#18118,.T.);
#18118 = EDGE_LOOP('',(#18119,#18128,#18129,#18138));
#18119 = ORIENTED_EDGE('',*,*,#18120,.F.);
#18120 = EDGE_CURVE('',#18090,#18121,#18123,.T.);
#18121 = VERTEX_POINT('',#18122);
#18122 = CARTESIAN_POINT('',(0.95,0.25,0.75));
#18123 = CIRCLE('',#18124,0.257487362954);
#18124 = AXIS2_PLACEMENT_3D('',#18125,#18126,#18127);
#18125 = CARTESIAN_POINT('',(1.206637282048,0.270905682093,0.75));
#18126 = DIRECTION('',(3.491481338843E-15,0.,-1.));
#18127 = DIRECTION('',(1.,0.,3.491481338843E-15));
#18128 = ORIENTED_EDGE('',*,*,#18106,.F.);
#18129 = ORIENTED_EDGE('',*,*,#18130,.T.);
#18130 = EDGE_CURVE('',#18099,#18131,#18133,.T.);
#18131 = VERTEX_POINT('',#18132);
#18132 = CARTESIAN_POINT('',(0.95,0.25,1.15));
#18133 = CIRCLE('',#18134,0.257487362954);
#18134 = AXIS2_PLACEMENT_3D('',#18135,#18136,#18137);
#18135 = CARTESIAN_POINT('',(1.206637282048,0.270905682093,1.15));
#18136 = DIRECTION('',(3.491481338843E-15,0.,-1.));
#18137 = DIRECTION('',(1.,0.,3.491481338843E-15));
#18138 = ORIENTED_EDGE('',*,*,#18139,.T.);
#18139 = EDGE_CURVE('',#18131,#18121,#18140,.T.);
#18140 = LINE('',#18141,#18142);
#18141 = CARTESIAN_POINT('',(0.95,0.25,1.15));
#18142 = VECTOR('',#18143,1.);
#18143 = DIRECTION('',(3.491481338843E-15,0.,-1.));
#18144 = CYLINDRICAL_SURFACE('',#18145,0.257487362954);
#18145 = AXIS2_PLACEMENT_3D('',#18146,#18147,#18148);
#18146 = CARTESIAN_POINT('',(1.206637282048,0.270905682093,1.15));
#18147 = DIRECTION('',(3.491481338843E-15,0.,-1.));
#18148 = DIRECTION('',(1.,0.,3.491481338843E-15));
#18149 = ADVANCED_FACE('',(#18150),#18166,.F.);
#18150 = FACE_BOUND('',#18151,.T.);
#18151 = EDGE_LOOP('',(#18152,#18158,#18159,#18165));
#18152 = ORIENTED_EDGE('',*,*,#18153,.F.);
#18153 = EDGE_CURVE('',#18121,#17877,#18154,.T.);
#18154 = LINE('',#18155,#18156);
#18155 = CARTESIAN_POINT('',(0.907132499112,0.776239654222,0.75));
#18156 = VECTOR('',#18157,1.);
#18157 = DIRECTION('',(-8.119109945247E-02,0.996698552908,
    -2.834772086185E-16));
#18158 = ORIENTED_EDGE('',*,*,#18139,.F.);
#18159 = ORIENTED_EDGE('',*,*,#18160,.T.);
#18160 = EDGE_CURVE('',#18131,#17868,#18161,.T.);
#18161 = LINE('',#18162,#18163);
#18162 = CARTESIAN_POINT('',(0.907132499112,0.776239654222,1.15));
#18163 = VECTOR('',#18164,1.);
#18164 = DIRECTION('',(-8.119109945247E-02,0.996698552908,
    -2.834772086185E-16));
#18165 = ORIENTED_EDGE('',*,*,#17876,.T.);
#18166 = PLANE('',#18167);
#18167 = AXIS2_PLACEMENT_3D('',#18168,#18169,#18170);
#18168 = CARTESIAN_POINT('',(0.907132499112,0.776239654222,1.15));
#18169 = DIRECTION('',(0.996698552908,8.119109945247E-02,
    3.479954397932E-15));
#18170 = DIRECTION('',(8.119109945247E-02,-0.996698552908,
    2.834772086185E-16));
#18171 = ADVANCED_FACE('',(#18172),#18184,.T.);
#18172 = FACE_BOUND('',#18173,.T.);
#18173 = EDGE_LOOP('',(#18174,#18175,#18176,#18177,#18178,#18179,#18180,
    #18181,#18182,#18183));
#18174 = ORIENTED_EDGE('',*,*,#17867,.F.);
#18175 = ORIENTED_EDGE('',*,*,#18160,.F.);
#18176 = ORIENTED_EDGE('',*,*,#18130,.F.);
#18177 = ORIENTED_EDGE('',*,*,#18098,.F.);
#18178 = ORIENTED_EDGE('',*,*,#18067,.F.);
#18179 = ORIENTED_EDGE('',*,*,#18036,.F.);
#18180 = ORIENTED_EDGE('',*,*,#18004,.F.);
#18181 = ORIENTED_EDGE('',*,*,#17972,.F.);
#18182 = ORIENTED_EDGE('',*,*,#17940,.F.);
#18183 = ORIENTED_EDGE('',*,*,#17908,.F.);
#18184 = PLANE('',#18185);
#18185 = AXIS2_PLACEMENT_3D('',#18186,#18187,#18188);
#18186 = CARTESIAN_POINT('',(0.8,0.767512637046,1.15));
#18187 = DIRECTION('',(-3.491481338843E-15,0.,1.));
#18188 = DIRECTION('',(-1.,0.,-3.491481338843E-15));
#18189 = ADVANCED_FACE('',(#18190),#18202,.F.);
#18190 = FACE_BOUND('',#18191,.T.);
#18191 = EDGE_LOOP('',(#18192,#18193,#18194,#18195,#18196,#18197,#18198,
    #18199,#18200,#18201));
#18192 = ORIENTED_EDGE('',*,*,#17884,.T.);
#18193 = ORIENTED_EDGE('',*,*,#17899,.T.);
#18194 = ORIENTED_EDGE('',*,*,#17930,.T.);
#18195 = ORIENTED_EDGE('',*,*,#17963,.T.);
#18196 = ORIENTED_EDGE('',*,*,#18012,.T.);
#18197 = ORIENTED_EDGE('',*,*,#18027,.T.);
#18198 = ORIENTED_EDGE('',*,*,#18058,.T.);
#18199 = ORIENTED_EDGE('',*,*,#18089,.T.);
#18200 = ORIENTED_EDGE('',*,*,#18120,.T.);
#18201 = ORIENTED_EDGE('',*,*,#18153,.T.);
#18202 = PLANE('',#18203);
#18203 = AXIS2_PLACEMENT_3D('',#18204,#18205,#18206);
#18204 = CARTESIAN_POINT('',(0.8,0.767512637046,0.75));
#18205 = DIRECTION('',(-3.491481338843E-15,0.,1.));
#18206 = DIRECTION('',(-1.,0.,-3.491481338843E-15));
#18207 = ( GEOMETRIC_REPRESENTATION_CONTEXT(3) 
GLOBAL_UNCERTAINTY_ASSIGNED_CONTEXT((#18211)) 
GLOBAL_UNIT_ASSIGNED_CONTEXT((#18208,#18209,#18210)) 
REPRESENTATION_CONTEXT('Context #1',
  '3D Context with UNIT and UNCERTAINTY') );
#18208 = ( LENGTH_UNIT() NAMED_UNIT(*) SI_UNIT(.MILLI.,.METRE.) );
#18209 = ( NAMED_UNIT(*) PLANE_ANGLE_UNIT() SI_UNIT($,.RADIAN.) );
#18210 = ( NAMED_UNIT(*) SI_UNIT($,.STERADIAN.) SOLID_ANGLE_UNIT() );
#18211 = UNCERTAINTY_MEASURE_WITH_UNIT(LENGTH_MEASURE(2.E-06),#18208,
  'distance_accuracy_value','confusion accuracy');
#18212 = CONTEXT_DEPENDENT_SHAPE_REPRESENTATION(#18213,#18215);
#18213 = ( REPRESENTATION_RELATIONSHIP('','',#15088,#15065) 
REPRESENTATION_RELATIONSHIP_WITH_TRANSFORMATION(#18214) 
SHAPE_REPRESENTATION_RELATIONSHIP() );
#18214 = ITEM_DEFINED_TRANSFORMATION('','',#11,#15066);
#18215 = PRODUCT_DEFINITION_SHAPE('Placement','Placement of an item',
  #18216);
#18216 = NEXT_ASSEMBLY_USAGE_OCCURRENCE('19','=>[0:1:1:15]','',#15060,
  #15083,$);
#18217 = PRODUCT_RELATED_PRODUCT_CATEGORY('part',$,(#15085));
#18218 = CONTEXT_DEPENDENT_SHAPE_REPRESENTATION(#18219,#18221);
#18219 = ( REPRESENTATION_RELATIONSHIP('','',#1332,#10) 
REPRESENTATION_RELATIONSHIP_WITH_TRANSFORMATION(#18220) 
SHAPE_REPRESENTATION_RELATIONSHIP() );
#18220 = ITEM_DEFINED_TRANSFORMATION('','',#11,#67);
#18221 = PRODUCT_DEFINITION_SHAPE('Placement','Placement of an item',
  #18222);
#18222 = NEXT_ASSEMBLY_USAGE_OCCURRENCE('21','K1','',#5,#1327,$);
#18223 = CONTEXT_DEPENDENT_SHAPE_REPRESENTATION(#18224,#18226);
#18224 = ( REPRESENTATION_RELATIONSHIP('','',#92,#10) 
REPRESENTATION_RELATIONSHIP_WITH_TRANSFORMATION(#18225) 
SHAPE_REPRESENTATION_RELATIONSHIP() );
#18225 = ITEM_DEFINED_TRANSFORMATION('','',#11,#71);
#18226 = PRODUCT_DEFINITION_SHAPE('Placement','Placement of an item',
  #18227);
#18227 = NEXT_ASSEMBLY_USAGE_OCCURRENCE('22','C4','',#5,#87,$);
#18228 = SHAPE_DEFINITION_REPRESENTATION(#18229,#18235);
#18229 = PRODUCT_DEFINITION_SHAPE('','',#18230);
#18230 = PRODUCT_DEFINITION('design','',#18231,#18234);
#18231 = PRODUCT_DEFINITION_FORMATION('','',#18232);
#18232 = PRODUCT(
  '_autosave-Color and gesture sensor APDS-9960 breakout_PCB',
  '_autosave-Color and gesture sensor APDS-9960 breakout_PCB','',(#18233
    ));
#18233 = PRODUCT_CONTEXT('',#2,'mechanical');
#18234 = PRODUCT_DEFINITION_CONTEXT('part definition',#2,'design');
#18235 = ADVANCED_BREP_SHAPE_REPRESENTATION('',(#11,#18236),#18877);
#18236 = MANIFOLD_SOLID_BREP('',#18237);
#18237 = CLOSED_SHELL('',(#18238,#18280,#18311,#18342,#18493,#18644,
    #18661,#18678,#18695,#18712,#18724,#18741,#18758,#18775,#18792,
    #18809,#18826,#18843,#18860));
#18238 = ADVANCED_FACE('',(#18239),#18275,.T.);
#18239 = FACE_BOUND('',#18240,.T.);
#18240 = EDGE_LOOP('',(#18241,#18251,#18260,#18268));
#18241 = ORIENTED_EDGE('',*,*,#18242,.T.);
#18242 = EDGE_CURVE('',#18243,#18245,#18247,.T.);
#18243 = VERTEX_POINT('',#18244);
#18244 = CARTESIAN_POINT('',(19.7,38.2,0.));
#18245 = VERTEX_POINT('',#18246);
#18246 = CARTESIAN_POINT('',(19.7,38.2,2.63));
#18247 = LINE('',#18248,#18249);
#18248 = CARTESIAN_POINT('',(19.7,38.2,0.));
#18249 = VECTOR('',#18250,1.);
#18250 = DIRECTION('',(0.,0.,1.));
#18251 = ORIENTED_EDGE('',*,*,#18252,.T.);
#18252 = EDGE_CURVE('',#18245,#18253,#18255,.T.);
#18253 = VERTEX_POINT('',#18254);
#18254 = CARTESIAN_POINT('',(22.2,35.7,2.63));
#18255 = CIRCLE('',#18256,2.499999839417);
#18256 = AXIS2_PLACEMENT_3D('',#18257,#18258,#18259);
#18257 = CARTESIAN_POINT('',(19.700000160583,35.700000160583,2.63));
#18258 = DIRECTION('',(0.,0.,-1.));
#18259 = DIRECTION('',(-6.423314275614E-08,1.,0.));
#18260 = ORIENTED_EDGE('',*,*,#18261,.F.);
#18261 = EDGE_CURVE('',#18262,#18253,#18264,.T.);
#18262 = VERTEX_POINT('',#18263);
#18263 = CARTESIAN_POINT('',(22.2,35.7,0.));
#18264 = LINE('',#18265,#18266);
#18265 = CARTESIAN_POINT('',(22.2,35.7,0.));
#18266 = VECTOR('',#18267,1.);
#18267 = DIRECTION('',(0.,0.,1.));
#18268 = ORIENTED_EDGE('',*,*,#18269,.F.);
#18269 = EDGE_CURVE('',#18243,#18262,#18270,.T.);
#18270 = CIRCLE('',#18271,2.499999839417);
#18271 = AXIS2_PLACEMENT_3D('',#18272,#18273,#18274);
#18272 = CARTESIAN_POINT('',(19.700000160583,35.700000160583,0.));
#18273 = DIRECTION('',(0.,0.,-1.));
#18274 = DIRECTION('',(-6.423314275614E-08,1.,0.));
#18275 = CYLINDRICAL_SURFACE('',#18276,2.499999839417);
#18276 = AXIS2_PLACEMENT_3D('',#18277,#18278,#18279);
#18277 = CARTESIAN_POINT('',(19.700000160583,35.700000160583,0.));
#18278 = DIRECTION('',(0.,0.,-1.));
#18279 = DIRECTION('',(-6.423314275614E-08,1.,0.));
#18280 = ADVANCED_FACE('',(#18281),#18306,.T.);
#18281 = FACE_BOUND('',#18282,.T.);
#18282 = EDGE_LOOP('',(#18283,#18293,#18299,#18300));
#18283 = ORIENTED_EDGE('',*,*,#18284,.T.);
#18284 = EDGE_CURVE('',#18285,#18287,#18289,.T.);
#18285 = VERTEX_POINT('',#18286);
#18286 = CARTESIAN_POINT('',(2.5,38.2,0.));
#18287 = VERTEX_POINT('',#18288);
#18288 = CARTESIAN_POINT('',(2.5,38.2,2.63));
#18289 = LINE('',#18290,#18291);
#18290 = CARTESIAN_POINT('',(2.5,38.2,0.));
#18291 = VECTOR('',#18292,1.);
#18292 = DIRECTION('',(0.,0.,1.));
#18293 = ORIENTED_EDGE('',*,*,#18294,.T.);
#18294 = EDGE_CURVE('',#18287,#18245,#18295,.T.);
#18295 = LINE('',#18296,#18297);
#18296 = CARTESIAN_POINT('',(2.5,38.2,2.63));
#18297 = VECTOR('',#18298,1.);
#18298 = DIRECTION('',(1.,0.,0.));
#18299 = ORIENTED_EDGE('',*,*,#18242,.F.);
#18300 = ORIENTED_EDGE('',*,*,#18301,.F.);
#18301 = EDGE_CURVE('',#18285,#18243,#18302,.T.);
#18302 = LINE('',#18303,#18304);
#18303 = CARTESIAN_POINT('',(2.5,38.2,0.));
#18304 = VECTOR('',#18305,1.);
#18305 = DIRECTION('',(1.,0.,0.));
#18306 = PLANE('',#18307);
#18307 = AXIS2_PLACEMENT_3D('',#18308,#18309,#18310);
#18308 = CARTESIAN_POINT('',(2.5,38.2,0.));
#18309 = DIRECTION('',(0.,1.,0.));
#18310 = DIRECTION('',(1.,0.,0.));
#18311 = ADVANCED_FACE('',(#18312),#18337,.T.);
#18312 = FACE_BOUND('',#18313,.T.);
#18313 = EDGE_LOOP('',(#18314,#18315,#18323,#18331));
#18314 = ORIENTED_EDGE('',*,*,#18261,.T.);
#18315 = ORIENTED_EDGE('',*,*,#18316,.T.);
#18316 = EDGE_CURVE('',#18253,#18317,#18319,.T.);
#18317 = VERTEX_POINT('',#18318);
#18318 = CARTESIAN_POINT('',(22.2,2.5,2.63));
#18319 = LINE('',#18320,#18321);
#18320 = CARTESIAN_POINT('',(22.2,35.7,2.63));
#18321 = VECTOR('',#18322,1.);
#18322 = DIRECTION('',(0.,-1.,0.));
#18323 = ORIENTED_EDGE('',*,*,#18324,.F.);
#18324 = EDGE_CURVE('',#18325,#18317,#18327,.T.);
#18325 = VERTEX_POINT('',#18326);
#18326 = CARTESIAN_POINT('',(22.2,2.5,0.));
#18327 = LINE('',#18328,#18329);
#18328 = CARTESIAN_POINT('',(22.2,2.5,0.));
#18329 = VECTOR('',#18330,1.);
#18330 = DIRECTION('',(0.,0.,1.));
#18331 = ORIENTED_EDGE('',*,*,#18332,.F.);
#18332 = EDGE_CURVE('',#18262,#18325,#18333,.T.);
#18333 = LINE('',#18334,#18335);
#18334 = CARTESIAN_POINT('',(22.2,35.7,0.));
#18335 = VECTOR('',#18336,1.);
#18336 = DIRECTION('',(0.,-1.,0.));
#18337 = PLANE('',#18338);
#18338 = AXIS2_PLACEMENT_3D('',#18339,#18340,#18341);
#18339 = CARTESIAN_POINT('',(22.2,35.7,0.));
#18340 = DIRECTION('',(1.,0.,-0.));
#18341 = DIRECTION('',(0.,-1.,0.));
#18342 = ADVANCED_FACE('',(#18343,#18389,#18400,#18411,#18422,#18433,
    #18444,#18455,#18466,#18477),#18488,.F.);
#18343 = FACE_BOUND('',#18344,.F.);
#18344 = EDGE_LOOP('',(#18345,#18346,#18347,#18356,#18364,#18373,#18381,
    #18388));
#18345 = ORIENTED_EDGE('',*,*,#18269,.F.);
#18346 = ORIENTED_EDGE('',*,*,#18301,.F.);
#18347 = ORIENTED_EDGE('',*,*,#18348,.F.);
#18348 = EDGE_CURVE('',#18349,#18285,#18351,.T.);
#18349 = VERTEX_POINT('',#18350);
#18350 = CARTESIAN_POINT('',(-1.33226762955E-15,35.7,0.));
#18351 = CIRCLE('',#18352,2.499999839417);
#18352 = AXIS2_PLACEMENT_3D('',#18353,#18354,#18355);
#18353 = CARTESIAN_POINT('',(2.499999839417,35.700000160583,0.));
#18354 = DIRECTION('',(0.,0.,-1.));
#18355 = DIRECTION('',(-1.,-6.423314133505E-08,-0.));
#18356 = ORIENTED_EDGE('',*,*,#18357,.F.);
#18357 = EDGE_CURVE('',#18358,#18349,#18360,.T.);
#18358 = VERTEX_POINT('',#18359);
#18359 = CARTESIAN_POINT('',(-2.22044604925E-16,2.5,0.));
#18360 = LINE('',#18361,#18362);
#18361 = CARTESIAN_POINT('',(0.,2.5,0.));
#18362 = VECTOR('',#18363,1.);
#18363 = DIRECTION('',(0.,1.,0.));
#18364 = ORIENTED_EDGE('',*,*,#18365,.F.);
#18365 = EDGE_CURVE('',#18366,#18358,#18368,.T.);
#18366 = VERTEX_POINT('',#18367);
#18367 = CARTESIAN_POINT('',(2.5,-2.22044604925E-16,0.));
#18368 = CIRCLE('',#18369,2.499999839417);
#18369 = AXIS2_PLACEMENT_3D('',#18370,#18371,#18372);
#18370 = CARTESIAN_POINT('',(2.499999839417,2.499999839417,0.));
#18371 = DIRECTION('',(0.,0.,-1.));
#18372 = DIRECTION('',(6.423314417722E-08,-1.,0.));
#18373 = ORIENTED_EDGE('',*,*,#18374,.F.);
#18374 = EDGE_CURVE('',#18375,#18366,#18377,.T.);
#18375 = VERTEX_POINT('',#18376);
#18376 = CARTESIAN_POINT('',(19.7,-4.440892098501E-16,0.));
#18377 = LINE('',#18378,#18379);
#18378 = CARTESIAN_POINT('',(19.7,-0.,0.));
#18379 = VECTOR('',#18380,1.);
#18380 = DIRECTION('',(-1.,0.,0.));
#18381 = ORIENTED_EDGE('',*,*,#18382,.F.);
#18382 = EDGE_CURVE('',#18325,#18375,#18383,.T.);
#18383 = CIRCLE('',#18384,2.499999839417);
#18384 = AXIS2_PLACEMENT_3D('',#18385,#18386,#18387);
#18385 = CARTESIAN_POINT('',(19.700000160583,2.499999839417,0.));
#18386 = DIRECTION('',(0.,0.,-1.));
#18387 = DIRECTION('',(1.,6.423314293377E-08,0.));
#18388 = ORIENTED_EDGE('',*,*,#18332,.F.);
#18389 = FACE_BOUND('',#18390,.F.);
#18390 = EDGE_LOOP('',(#18391));
#18391 = ORIENTED_EDGE('',*,*,#18392,.T.);
#18392 = EDGE_CURVE('',#18393,#18393,#18395,.T.);
#18393 = VERTEX_POINT('',#18394);
#18394 = CARTESIAN_POINT('',(3.1,1.5,0.));
#18395 = CIRCLE('',#18396,1.6);
#18396 = AXIS2_PLACEMENT_3D('',#18397,#18398,#18399);
#18397 = CARTESIAN_POINT('',(3.1,3.1,0.));
#18398 = DIRECTION('',(-0.,0.,-1.));
#18399 = DIRECTION('',(2.775557561563E-16,-1.,-0.));
#18400 = FACE_BOUND('',#18401,.F.);
#18401 = EDGE_LOOP('',(#18402));
#18402 = ORIENTED_EDGE('',*,*,#18403,.T.);
#18403 = EDGE_CURVE('',#18404,#18404,#18406,.T.);
#18404 = VERTEX_POINT('',#18405);
#18405 = CARTESIAN_POINT('',(7.29,1.1,0.));
#18406 = CIRCLE('',#18407,0.5);
#18407 = AXIS2_PLACEMENT_3D('',#18408,#18409,#18410);
#18408 = CARTESIAN_POINT('',(7.29,1.6,0.));
#18409 = DIRECTION('',(-0.,0.,-1.));
#18410 = DIRECTION('',(-0.,-1.,0.));
#18411 = FACE_BOUND('',#18412,.F.);
#18412 = EDGE_LOOP('',(#18413));
#18413 = ORIENTED_EDGE('',*,*,#18414,.T.);
#18414 = EDGE_CURVE('',#18415,#18415,#18417,.T.);
#18415 = VERTEX_POINT('',#18416);
#18416 = CARTESIAN_POINT('',(9.83,1.1,0.));
#18417 = CIRCLE('',#18418,0.5);
#18418 = AXIS2_PLACEMENT_3D('',#18419,#18420,#18421);
#18419 = CARTESIAN_POINT('',(9.83,1.6,0.));
#18420 = DIRECTION('',(-0.,0.,-1.));
#18421 = DIRECTION('',(-0.,-1.,0.));
#18422 = FACE_BOUND('',#18423,.F.);
#18423 = EDGE_LOOP('',(#18424));
#18424 = ORIENTED_EDGE('',*,*,#18425,.T.);
#18425 = EDGE_CURVE('',#18426,#18426,#18428,.T.);
#18426 = VERTEX_POINT('',#18427);
#18427 = CARTESIAN_POINT('',(12.37,1.1,0.));
#18428 = CIRCLE('',#18429,0.5);
#18429 = AXIS2_PLACEMENT_3D('',#18430,#18431,#18432);
#18430 = CARTESIAN_POINT('',(12.37,1.6,0.));
#18431 = DIRECTION('',(-0.,0.,-1.));
#18432 = DIRECTION('',(-0.,-1.,0.));
#18433 = FACE_BOUND('',#18434,.F.);
#18434 = EDGE_LOOP('',(#18435));
#18435 = ORIENTED_EDGE('',*,*,#18436,.T.);
#18436 = EDGE_CURVE('',#18437,#18437,#18439,.T.);
#18437 = VERTEX_POINT('',#18438);
#18438 = CARTESIAN_POINT('',(14.91,1.1,0.));
#18439 = CIRCLE('',#18440,0.5);
#18440 = AXIS2_PLACEMENT_3D('',#18441,#18442,#18443);
#18441 = CARTESIAN_POINT('',(14.91,1.6,0.));
#18442 = DIRECTION('',(-0.,0.,-1.));
#18443 = DIRECTION('',(-0.,-1.,0.));
#18444 = FACE_BOUND('',#18445,.F.);
#18445 = EDGE_LOOP('',(#18446));
#18446 = ORIENTED_EDGE('',*,*,#18447,.T.);
#18447 = EDGE_CURVE('',#18448,#18448,#18450,.T.);
#18448 = VERTEX_POINT('',#18449);
#18449 = CARTESIAN_POINT('',(3.1,33.5,0.));
#18450 = CIRCLE('',#18451,1.6);
#18451 = AXIS2_PLACEMENT_3D('',#18452,#18453,#18454);
#18452 = CARTESIAN_POINT('',(3.1,35.1,0.));
#18453 = DIRECTION('',(-0.,0.,-1.));
#18454 = DIRECTION('',(-0.,-1.,0.));
#18455 = FACE_BOUND('',#18456,.F.);
#18456 = EDGE_LOOP('',(#18457));
#18457 = ORIENTED_EDGE('',*,*,#18458,.T.);
#18458 = EDGE_CURVE('',#18459,#18459,#18461,.T.);
#18459 = VERTEX_POINT('',#18460);
#18460 = CARTESIAN_POINT('',(8.56,36.1,0.));
#18461 = CIRCLE('',#18462,0.5);
#18462 = AXIS2_PLACEMENT_3D('',#18463,#18464,#18465);
#18463 = CARTESIAN_POINT('',(8.56,36.6,0.));
#18464 = DIRECTION('',(-0.,0.,-1.));
#18465 = DIRECTION('',(-0.,-1.,0.));
#18466 = FACE_BOUND('',#18467,.F.);
#18467 = EDGE_LOOP('',(#18468));
#18468 = ORIENTED_EDGE('',*,*,#18469,.T.);
#18469 = EDGE_CURVE('',#18470,#18470,#18472,.T.);
#18470 = VERTEX_POINT('',#18471);
#18471 = CARTESIAN_POINT('',(11.1,36.1,0.));
#18472 = CIRCLE('',#18473,0.5);
#18473 = AXIS2_PLACEMENT_3D('',#18474,#18475,#18476);
#18474 = CARTESIAN_POINT('',(11.1,36.6,0.));
#18475 = DIRECTION('',(-0.,0.,-1.));
#18476 = DIRECTION('',(-0.,-1.,0.));
#18477 = FACE_BOUND('',#18478,.F.);
#18478 = EDGE_LOOP('',(#18479));
#18479 = ORIENTED_EDGE('',*,*,#18480,.T.);
#18480 = EDGE_CURVE('',#18481,#18481,#18483,.T.);
#18481 = VERTEX_POINT('',#18482);
#18482 = CARTESIAN_POINT('',(13.64,36.1,0.));
#18483 = CIRCLE('',#18484,0.5);
#18484 = AXIS2_PLACEMENT_3D('',#18485,#18486,#18487);
#18485 = CARTESIAN_POINT('',(13.64,36.6,0.));
#18486 = DIRECTION('',(-0.,0.,-1.));
#18487 = DIRECTION('',(-0.,-1.,0.));
#18488 = PLANE('',#18489);
#18489 = AXIS2_PLACEMENT_3D('',#18490,#18491,#18492);
#18490 = CARTESIAN_POINT('',(0.,0.,0.));
#18491 = DIRECTION('',(0.,0.,1.));
#18492 = DIRECTION('',(1.,0.,-0.));
#18493 = ADVANCED_FACE('',(#18494,#18540,#18551,#18562,#18573,#18584,
    #18595,#18606,#18617,#18628),#18639,.T.);
#18494 = FACE_BOUND('',#18495,.T.);
#18495 = EDGE_LOOP('',(#18496,#18497,#18498,#18507,#18515,#18524,#18532,
    #18539));
#18496 = ORIENTED_EDGE('',*,*,#18252,.F.);
#18497 = ORIENTED_EDGE('',*,*,#18294,.F.);
#18498 = ORIENTED_EDGE('',*,*,#18499,.F.);
#18499 = EDGE_CURVE('',#18500,#18287,#18502,.T.);
#18500 = VERTEX_POINT('',#18501);
#18501 = CARTESIAN_POINT('',(-1.33226762955E-15,35.7,2.63));
#18502 = CIRCLE('',#18503,2.499999839417);
#18503 = AXIS2_PLACEMENT_3D('',#18504,#18505,#18506);
#18504 = CARTESIAN_POINT('',(2.499999839417,35.700000160583,2.63));
#18505 = DIRECTION('',(0.,0.,-1.));
#18506 = DIRECTION('',(-1.,-6.423314133505E-08,-0.));
#18507 = ORIENTED_EDGE('',*,*,#18508,.F.);
#18508 = EDGE_CURVE('',#18509,#18500,#18511,.T.);
#18509 = VERTEX_POINT('',#18510);
#18510 = CARTESIAN_POINT('',(-2.22044604925E-16,2.5,2.63));
#18511 = LINE('',#18512,#18513);
#18512 = CARTESIAN_POINT('',(0.,2.5,2.63));
#18513 = VECTOR('',#18514,1.);
#18514 = DIRECTION('',(0.,1.,0.));
#18515 = ORIENTED_EDGE('',*,*,#18516,.F.);
#18516 = EDGE_CURVE('',#18517,#18509,#18519,.T.);
#18517 = VERTEX_POINT('',#18518);
#18518 = CARTESIAN_POINT('',(2.5,-2.22044604925E-16,2.63));
#18519 = CIRCLE('',#18520,2.499999839417);
#18520 = AXIS2_PLACEMENT_3D('',#18521,#18522,#18523);
#18521 = CARTESIAN_POINT('',(2.499999839417,2.499999839417,2.63));
#18522 = DIRECTION('',(0.,0.,-1.));
#18523 = DIRECTION('',(6.423314417722E-08,-1.,0.));
#18524 = ORIENTED_EDGE('',*,*,#18525,.F.);
#18525 = EDGE_CURVE('',#18526,#18517,#18528,.T.);
#18526 = VERTEX_POINT('',#18527);
#18527 = CARTESIAN_POINT('',(19.7,-4.440892098501E-16,2.63));
#18528 = LINE('',#18529,#18530);
#18529 = CARTESIAN_POINT('',(19.7,0.,2.63));
#18530 = VECTOR('',#18531,1.);
#18531 = DIRECTION('',(-1.,0.,0.));
#18532 = ORIENTED_EDGE('',*,*,#18533,.F.);
#18533 = EDGE_CURVE('',#18317,#18526,#18534,.T.);
#18534 = CIRCLE('',#18535,2.499999839417);
#18535 = AXIS2_PLACEMENT_3D('',#18536,#18537,#18538);
#18536 = CARTESIAN_POINT('',(19.700000160583,2.499999839417,2.63));
#18537 = DIRECTION('',(0.,0.,-1.));
#18538 = DIRECTION('',(1.,6.423314293377E-08,0.));
#18539 = ORIENTED_EDGE('',*,*,#18316,.F.);
#18540 = FACE_BOUND('',#18541,.T.);
#18541 = EDGE_LOOP('',(#18542));
#18542 = ORIENTED_EDGE('',*,*,#18543,.T.);
#18543 = EDGE_CURVE('',#18544,#18544,#18546,.T.);
#18544 = VERTEX_POINT('',#18545);
#18545 = CARTESIAN_POINT('',(3.1,1.5,2.63));
#18546 = CIRCLE('',#18547,1.6);
#18547 = AXIS2_PLACEMENT_3D('',#18548,#18549,#18550);
#18548 = CARTESIAN_POINT('',(3.1,3.1,2.63));
#18549 = DIRECTION('',(-0.,0.,-1.));
#18550 = DIRECTION('',(2.775557561563E-16,-1.,-0.));
#18551 = FACE_BOUND('',#18552,.T.);
#18552 = EDGE_LOOP('',(#18553));
#18553 = ORIENTED_EDGE('',*,*,#18554,.T.);
#18554 = EDGE_CURVE('',#18555,#18555,#18557,.T.);
#18555 = VERTEX_POINT('',#18556);
#18556 = CARTESIAN_POINT('',(7.29,1.1,2.63));
#18557 = CIRCLE('',#18558,0.5);
#18558 = AXIS2_PLACEMENT_3D('',#18559,#18560,#18561);
#18559 = CARTESIAN_POINT('',(7.29,1.6,2.63));
#18560 = DIRECTION('',(-0.,0.,-1.));
#18561 = DIRECTION('',(-0.,-1.,0.));
#18562 = FACE_BOUND('',#18563,.T.);
#18563 = EDGE_LOOP('',(#18564));
#18564 = ORIENTED_EDGE('',*,*,#18565,.T.);
#18565 = EDGE_CURVE('',#18566,#18566,#18568,.T.);
#18566 = VERTEX_POINT('',#18567);
#18567 = CARTESIAN_POINT('',(9.83,1.1,2.63));
#18568 = CIRCLE('',#18569,0.5);
#18569 = AXIS2_PLACEMENT_3D('',#18570,#18571,#18572);
#18570 = CARTESIAN_POINT('',(9.83,1.6,2.63));
#18571 = DIRECTION('',(-0.,0.,-1.));
#18572 = DIRECTION('',(-0.,-1.,0.));
#18573 = FACE_BOUND('',#18574,.T.);
#18574 = EDGE_LOOP('',(#18575));
#18575 = ORIENTED_EDGE('',*,*,#18576,.T.);
#18576 = EDGE_CURVE('',#18577,#18577,#18579,.T.);
#18577 = VERTEX_POINT('',#18578);
#18578 = CARTESIAN_POINT('',(12.37,1.1,2.63));
#18579 = CIRCLE('',#18580,0.5);
#18580 = AXIS2_PLACEMENT_3D('',#18581,#18582,#18583);
#18581 = CARTESIAN_POINT('',(12.37,1.6,2.63));
#18582 = DIRECTION('',(-0.,0.,-1.));
#18583 = DIRECTION('',(-0.,-1.,0.));
#18584 = FACE_BOUND('',#18585,.T.);
#18585 = EDGE_LOOP('',(#18586));
#18586 = ORIENTED_EDGE('',*,*,#18587,.T.);
#18587 = EDGE_CURVE('',#18588,#18588,#18590,.T.);
#18588 = VERTEX_POINT('',#18589);
#18589 = CARTESIAN_POINT('',(14.91,1.1,2.63));
#18590 = CIRCLE('',#18591,0.5);
#18591 = AXIS2_PLACEMENT_3D('',#18592,#18593,#18594);
#18592 = CARTESIAN_POINT('',(14.91,1.6,2.63));
#18593 = DIRECTION('',(-0.,0.,-1.));
#18594 = DIRECTION('',(-0.,-1.,0.));
#18595 = FACE_BOUND('',#18596,.T.);
#18596 = EDGE_LOOP('',(#18597));
#18597 = ORIENTED_EDGE('',*,*,#18598,.T.);
#18598 = EDGE_CURVE('',#18599,#18599,#18601,.T.);
#18599 = VERTEX_POINT('',#18600);
#18600 = CARTESIAN_POINT('',(3.1,33.5,2.63));
#18601 = CIRCLE('',#18602,1.6);
#18602 = AXIS2_PLACEMENT_3D('',#18603,#18604,#18605);
#18603 = CARTESIAN_POINT('',(3.1,35.1,2.63));
#18604 = DIRECTION('',(-0.,0.,-1.));
#18605 = DIRECTION('',(-0.,-1.,0.));
#18606 = FACE_BOUND('',#18607,.T.);
#18607 = EDGE_LOOP('',(#18608));
#18608 = ORIENTED_EDGE('',*,*,#18609,.T.);
#18609 = EDGE_CURVE('',#18610,#18610,#18612,.T.);
#18610 = VERTEX_POINT('',#18611);
#18611 = CARTESIAN_POINT('',(8.56,36.1,2.63));
#18612 = CIRCLE('',#18613,0.5);
#18613 = AXIS2_PLACEMENT_3D('',#18614,#18615,#18616);
#18614 = CARTESIAN_POINT('',(8.56,36.6,2.63));
#18615 = DIRECTION('',(-0.,0.,-1.));
#18616 = DIRECTION('',(-0.,-1.,0.));
#18617 = FACE_BOUND('',#18618,.T.);
#18618 = EDGE_LOOP('',(#18619));
#18619 = ORIENTED_EDGE('',*,*,#18620,.T.);
#18620 = EDGE_CURVE('',#18621,#18621,#18623,.T.);
#18621 = VERTEX_POINT('',#18622);
#18622 = CARTESIAN_POINT('',(11.1,36.1,2.63));
#18623 = CIRCLE('',#18624,0.5);
#18624 = AXIS2_PLACEMENT_3D('',#18625,#18626,#18627);
#18625 = CARTESIAN_POINT('',(11.1,36.6,2.63));
#18626 = DIRECTION('',(-0.,0.,-1.));
#18627 = DIRECTION('',(-0.,-1.,0.));
#18628 = FACE_BOUND('',#18629,.T.);
#18629 = EDGE_LOOP('',(#18630));
#18630 = ORIENTED_EDGE('',*,*,#18631,.T.);
#18631 = EDGE_CURVE('',#18632,#18632,#18634,.T.);
#18632 = VERTEX_POINT('',#18633);
#18633 = CARTESIAN_POINT('',(13.64,36.1,2.63));
#18634 = CIRCLE('',#18635,0.5);
#18635 = AXIS2_PLACEMENT_3D('',#18636,#18637,#18638);
#18636 = CARTESIAN_POINT('',(13.64,36.6,2.63));
#18637 = DIRECTION('',(-0.,0.,-1.));
#18638 = DIRECTION('',(-0.,-1.,0.));
#18639 = PLANE('',#18640);
#18640 = AXIS2_PLACEMENT_3D('',#18641,#18642,#18643);
#18641 = CARTESIAN_POINT('',(0.,0.,2.63));
#18642 = DIRECTION('',(0.,0.,1.));
#18643 = DIRECTION('',(1.,0.,-0.));
#18644 = ADVANCED_FACE('',(#18645),#18656,.T.);
#18645 = FACE_BOUND('',#18646,.T.);
#18646 = EDGE_LOOP('',(#18647,#18653,#18654,#18655));
#18647 = ORIENTED_EDGE('',*,*,#18648,.T.);
#18648 = EDGE_CURVE('',#18349,#18500,#18649,.T.);
#18649 = LINE('',#18650,#18651);
#18650 = CARTESIAN_POINT('',(-1.33226762955E-15,35.7,0.));
#18651 = VECTOR('',#18652,1.);
#18652 = DIRECTION('',(0.,0.,1.));
#18653 = ORIENTED_EDGE('',*,*,#18499,.T.);
#18654 = ORIENTED_EDGE('',*,*,#18284,.F.);
#18655 = ORIENTED_EDGE('',*,*,#18348,.F.);
#18656 = CYLINDRICAL_SURFACE('',#18657,2.499999839417);
#18657 = AXIS2_PLACEMENT_3D('',#18658,#18659,#18660);
#18658 = CARTESIAN_POINT('',(2.499999839417,35.700000160583,0.));
#18659 = DIRECTION('',(0.,0.,-1.));
#18660 = DIRECTION('',(-1.,-6.423314133505E-08,-0.));
#18661 = ADVANCED_FACE('',(#18662),#18673,.T.);
#18662 = FACE_BOUND('',#18663,.T.);
#18663 = EDGE_LOOP('',(#18664,#18665,#18666,#18672));
#18664 = ORIENTED_EDGE('',*,*,#18324,.T.);
#18665 = ORIENTED_EDGE('',*,*,#18533,.T.);
#18666 = ORIENTED_EDGE('',*,*,#18667,.F.);
#18667 = EDGE_CURVE('',#18375,#18526,#18668,.T.);
#18668 = LINE('',#18669,#18670);
#18669 = CARTESIAN_POINT('',(19.7,-4.440892098501E-16,0.));
#18670 = VECTOR('',#18671,1.);
#18671 = DIRECTION('',(0.,0.,1.));
#18672 = ORIENTED_EDGE('',*,*,#18382,.F.);
#18673 = CYLINDRICAL_SURFACE('',#18674,2.499999839417);
#18674 = AXIS2_PLACEMENT_3D('',#18675,#18676,#18677);
#18675 = CARTESIAN_POINT('',(19.700000160583,2.499999839417,0.));
#18676 = DIRECTION('',(0.,0.,-1.));
#18677 = DIRECTION('',(1.,6.423314293377E-08,0.));
#18678 = ADVANCED_FACE('',(#18679),#18690,.T.);
#18679 = FACE_BOUND('',#18680,.T.);
#18680 = EDGE_LOOP('',(#18681,#18687,#18688,#18689));
#18681 = ORIENTED_EDGE('',*,*,#18682,.T.);
#18682 = EDGE_CURVE('',#18358,#18509,#18683,.T.);
#18683 = LINE('',#18684,#18685);
#18684 = CARTESIAN_POINT('',(-2.22044604925E-16,2.5,0.));
#18685 = VECTOR('',#18686,1.);
#18686 = DIRECTION('',(0.,0.,1.));
#18687 = ORIENTED_EDGE('',*,*,#18508,.T.);
#18688 = ORIENTED_EDGE('',*,*,#18648,.F.);
#18689 = ORIENTED_EDGE('',*,*,#18357,.F.);
#18690 = PLANE('',#18691);
#18691 = AXIS2_PLACEMENT_3D('',#18692,#18693,#18694);
#18692 = CARTESIAN_POINT('',(0.,2.5,0.));
#18693 = DIRECTION('',(-1.,0.,0.));
#18694 = DIRECTION('',(0.,1.,0.));
#18695 = ADVANCED_FACE('',(#18696),#18707,.T.);
#18696 = FACE_BOUND('',#18697,.T.);
#18697 = EDGE_LOOP('',(#18698,#18699,#18700,#18706));
#18698 = ORIENTED_EDGE('',*,*,#18667,.T.);
#18699 = ORIENTED_EDGE('',*,*,#18525,.T.);
#18700 = ORIENTED_EDGE('',*,*,#18701,.F.);
#18701 = EDGE_CURVE('',#18366,#18517,#18702,.T.);
#18702 = LINE('',#18703,#18704);
#18703 = CARTESIAN_POINT('',(2.5,-2.22044604925E-16,0.));
#18704 = VECTOR('',#18705,1.);
#18705 = DIRECTION('',(0.,0.,1.));
#18706 = ORIENTED_EDGE('',*,*,#18374,.F.);
#18707 = PLANE('',#18708);
#18708 = AXIS2_PLACEMENT_3D('',#18709,#18710,#18711);
#18709 = CARTESIAN_POINT('',(19.7,0.,0.));
#18710 = DIRECTION('',(0.,-1.,0.));
#18711 = DIRECTION('',(-1.,0.,0.));
#18712 = ADVANCED_FACE('',(#18713),#18719,.T.);
#18713 = FACE_BOUND('',#18714,.T.);
#18714 = EDGE_LOOP('',(#18715,#18716,#18717,#18718));
#18715 = ORIENTED_EDGE('',*,*,#18701,.T.);
#18716 = ORIENTED_EDGE('',*,*,#18516,.T.);
#18717 = ORIENTED_EDGE('',*,*,#18682,.F.);
#18718 = ORIENTED_EDGE('',*,*,#18365,.F.);
#18719 = CYLINDRICAL_SURFACE('',#18720,2.499999839417);
#18720 = AXIS2_PLACEMENT_3D('',#18721,#18722,#18723);
#18721 = CARTESIAN_POINT('',(2.499999839417,2.499999839417,0.));
#18722 = DIRECTION('',(0.,0.,-1.));
#18723 = DIRECTION('',(6.423314417722E-08,-1.,0.));
#18724 = ADVANCED_FACE('',(#18725),#18736,.F.);
#18725 = FACE_BOUND('',#18726,.T.);
#18726 = EDGE_LOOP('',(#18727,#18728,#18734,#18735));
#18727 = ORIENTED_EDGE('',*,*,#18392,.T.);
#18728 = ORIENTED_EDGE('',*,*,#18729,.T.);
#18729 = EDGE_CURVE('',#18393,#18544,#18730,.T.);
#18730 = LINE('',#18731,#18732);
#18731 = CARTESIAN_POINT('',(3.1,1.5,-4.5E-02));
#18732 = VECTOR('',#18733,1.);
#18733 = DIRECTION('',(0.,0.,1.));
#18734 = ORIENTED_EDGE('',*,*,#18543,.F.);
#18735 = ORIENTED_EDGE('',*,*,#18729,.F.);
#18736 = CYLINDRICAL_SURFACE('',#18737,1.6);
#18737 = AXIS2_PLACEMENT_3D('',#18738,#18739,#18740);
#18738 = CARTESIAN_POINT('',(3.1,3.1,-4.5E-02));
#18739 = DIRECTION('',(-0.,0.,-1.));
#18740 = DIRECTION('',(2.775557561563E-16,-1.,-0.));
#18741 = ADVANCED_FACE('',(#18742),#18753,.F.);
#18742 = FACE_BOUND('',#18743,.T.);
#18743 = EDGE_LOOP('',(#18744,#18745,#18751,#18752));
#18744 = ORIENTED_EDGE('',*,*,#18403,.T.);
#18745 = ORIENTED_EDGE('',*,*,#18746,.T.);
#18746 = EDGE_CURVE('',#18404,#18555,#18747,.T.);
#18747 = LINE('',#18748,#18749);
#18748 = CARTESIAN_POINT('',(7.29,1.1,-4.5E-02));
#18749 = VECTOR('',#18750,1.);
#18750 = DIRECTION('',(0.,0.,1.));
#18751 = ORIENTED_EDGE('',*,*,#18554,.F.);
#18752 = ORIENTED_EDGE('',*,*,#18746,.F.);
#18753 = CYLINDRICAL_SURFACE('',#18754,0.5);
#18754 = AXIS2_PLACEMENT_3D('',#18755,#18756,#18757);
#18755 = CARTESIAN_POINT('',(7.29,1.6,-4.5E-02));
#18756 = DIRECTION('',(-0.,-0.,-1.));
#18757 = DIRECTION('',(-0.,-1.,0.));
#18758 = ADVANCED_FACE('',(#18759),#18770,.F.);
#18759 = FACE_BOUND('',#18760,.T.);
#18760 = EDGE_LOOP('',(#18761,#18762,#18768,#18769));
#18761 = ORIENTED_EDGE('',*,*,#18414,.T.);
#18762 = ORIENTED_EDGE('',*,*,#18763,.T.);
#18763 = EDGE_CURVE('',#18415,#18566,#18764,.T.);
#18764 = LINE('',#18765,#18766);
#18765 = CARTESIAN_POINT('',(9.83,1.1,-4.5E-02));
#18766 = VECTOR('',#18767,1.);
#18767 = DIRECTION('',(0.,0.,1.));
#18768 = ORIENTED_EDGE('',*,*,#18565,.F.);
#18769 = ORIENTED_EDGE('',*,*,#18763,.F.);
#18770 = CYLINDRICAL_SURFACE('',#18771,0.5);
#18771 = AXIS2_PLACEMENT_3D('',#18772,#18773,#18774);
#18772 = CARTESIAN_POINT('',(9.83,1.6,-4.5E-02));
#18773 = DIRECTION('',(-0.,-0.,-1.));
#18774 = DIRECTION('',(-0.,-1.,0.));
#18775 = ADVANCED_FACE('',(#18776),#18787,.F.);
#18776 = FACE_BOUND('',#18777,.T.);
#18777 = EDGE_LOOP('',(#18778,#18779,#18785,#18786));
#18778 = ORIENTED_EDGE('',*,*,#18425,.T.);
#18779 = ORIENTED_EDGE('',*,*,#18780,.T.);
#18780 = EDGE_CURVE('',#18426,#18577,#18781,.T.);
#18781 = LINE('',#18782,#18783);
#18782 = CARTESIAN_POINT('',(12.37,1.1,-4.5E-02));
#18783 = VECTOR('',#18784,1.);
#18784 = DIRECTION('',(0.,0.,1.));
#18785 = ORIENTED_EDGE('',*,*,#18576,.F.);
#18786 = ORIENTED_EDGE('',*,*,#18780,.F.);
#18787 = CYLINDRICAL_SURFACE('',#18788,0.5);
#18788 = AXIS2_PLACEMENT_3D('',#18789,#18790,#18791);
#18789 = CARTESIAN_POINT('',(12.37,1.6,-4.5E-02));
#18790 = DIRECTION('',(-0.,-0.,-1.));
#18791 = DIRECTION('',(-0.,-1.,0.));
#18792 = ADVANCED_FACE('',(#18793),#18804,.F.);
#18793 = FACE_BOUND('',#18794,.T.);
#18794 = EDGE_LOOP('',(#18795,#18796,#18802,#18803));
#18795 = ORIENTED_EDGE('',*,*,#18436,.T.);
#18796 = ORIENTED_EDGE('',*,*,#18797,.T.);
#18797 = EDGE_CURVE('',#18437,#18588,#18798,.T.);
#18798 = LINE('',#18799,#18800);
#18799 = CARTESIAN_POINT('',(14.91,1.1,-4.5E-02));
#18800 = VECTOR('',#18801,1.);
#18801 = DIRECTION('',(0.,0.,1.));
#18802 = ORIENTED_EDGE('',*,*,#18587,.F.);
#18803 = ORIENTED_EDGE('',*,*,#18797,.F.);
#18804 = CYLINDRICAL_SURFACE('',#18805,0.5);
#18805 = AXIS2_PLACEMENT_3D('',#18806,#18807,#18808);
#18806 = CARTESIAN_POINT('',(14.91,1.6,-4.5E-02));
#18807 = DIRECTION('',(-0.,-0.,-1.));
#18808 = DIRECTION('',(-0.,-1.,0.));
#18809 = ADVANCED_FACE('',(#18810),#18821,.F.);
#18810 = FACE_BOUND('',#18811,.T.);
#18811 = EDGE_LOOP('',(#18812,#18813,#18819,#18820));
#18812 = ORIENTED_EDGE('',*,*,#18447,.T.);
#18813 = ORIENTED_EDGE('',*,*,#18814,.T.);
#18814 = EDGE_CURVE('',#18448,#18599,#18815,.T.);
#18815 = LINE('',#18816,#18817);
#18816 = CARTESIAN_POINT('',(3.1,33.5,-4.5E-02));
#18817 = VECTOR('',#18818,1.);
#18818 = DIRECTION('',(0.,0.,1.));
#18819 = ORIENTED_EDGE('',*,*,#18598,.F.);
#18820 = ORIENTED_EDGE('',*,*,#18814,.F.);
#18821 = CYLINDRICAL_SURFACE('',#18822,1.6);
#18822 = AXIS2_PLACEMENT_3D('',#18823,#18824,#18825);
#18823 = CARTESIAN_POINT('',(3.1,35.1,-4.5E-02));
#18824 = DIRECTION('',(-0.,-0.,-1.));
#18825 = DIRECTION('',(-0.,-1.,0.));
#18826 = ADVANCED_FACE('',(#18827),#18838,.F.);
#18827 = FACE_BOUND('',#18828,.T.);
#18828 = EDGE_LOOP('',(#18829,#18830,#18836,#18837));
#18829 = ORIENTED_EDGE('',*,*,#18458,.T.);
#18830 = ORIENTED_EDGE('',*,*,#18831,.T.);
#18831 = EDGE_CURVE('',#18459,#18610,#18832,.T.);
#18832 = LINE('',#18833,#18834);
#18833 = CARTESIAN_POINT('',(8.56,36.1,-4.5E-02));
#18834 = VECTOR('',#18835,1.);
#18835 = DIRECTION('',(0.,0.,1.));
#18836 = ORIENTED_EDGE('',*,*,#18609,.F.);
#18837 = ORIENTED_EDGE('',*,*,#18831,.F.);
#18838 = CYLINDRICAL_SURFACE('',#18839,0.5);
#18839 = AXIS2_PLACEMENT_3D('',#18840,#18841,#18842);
#18840 = CARTESIAN_POINT('',(8.56,36.6,-4.5E-02));
#18841 = DIRECTION('',(-0.,-0.,-1.));
#18842 = DIRECTION('',(-0.,-1.,0.));
#18843 = ADVANCED_FACE('',(#18844),#18855,.F.);
#18844 = FACE_BOUND('',#18845,.T.);
#18845 = EDGE_LOOP('',(#18846,#18847,#18853,#18854));
#18846 = ORIENTED_EDGE('',*,*,#18469,.T.);
#18847 = ORIENTED_EDGE('',*,*,#18848,.T.);
#18848 = EDGE_CURVE('',#18470,#18621,#18849,.T.);
#18849 = LINE('',#18850,#18851);
#18850 = CARTESIAN_POINT('',(11.1,36.1,-4.5E-02));
#18851 = VECTOR('',#18852,1.);
#18852 = DIRECTION('',(0.,0.,1.));
#18853 = ORIENTED_EDGE('',*,*,#18620,.F.);
#18854 = ORIENTED_EDGE('',*,*,#18848,.F.);
#18855 = CYLINDRICAL_SURFACE('',#18856,0.5);
#18856 = AXIS2_PLACEMENT_3D('',#18857,#18858,#18859);
#18857 = CARTESIAN_POINT('',(11.1,36.6,-4.5E-02));
#18858 = DIRECTION('',(-0.,-0.,-1.));
#18859 = DIRECTION('',(-0.,-1.,0.));
#18860 = ADVANCED_FACE('',(#18861),#18872,.F.);
#18861 = FACE_BOUND('',#18862,.T.);
#18862 = EDGE_LOOP('',(#18863,#18864,#18870,#18871));
#18863 = ORIENTED_EDGE('',*,*,#18480,.T.);
#18864 = ORIENTED_EDGE('',*,*,#18865,.T.);
#18865 = EDGE_CURVE('',#18481,#18632,#18866,.T.);
#18866 = LINE('',#18867,#18868);
#18867 = CARTESIAN_POINT('',(13.64,36.1,-4.5E-02));
#18868 = VECTOR('',#18869,1.);
#18869 = DIRECTION('',(0.,0.,1.));
#18870 = ORIENTED_EDGE('',*,*,#18631,.F.);
#18871 = ORIENTED_EDGE('',*,*,#18865,.F.);
#18872 = CYLINDRICAL_SURFACE('',#18873,0.5);
#18873 = AXIS2_PLACEMENT_3D('',#18874,#18875,#18876);
#18874 = CARTESIAN_POINT('',(13.64,36.6,-4.5E-02));
#18875 = DIRECTION('',(-0.,-0.,-1.));
#18876 = DIRECTION('',(-0.,-1.,0.));
#18877 = ( GEOMETRIC_REPRESENTATION_CONTEXT(3) 
GLOBAL_UNCERTAINTY_ASSIGNED_CONTEXT((#18881)) 
GLOBAL_UNIT_ASSIGNED_CONTEXT((#18878,#18879,#18880)) 
REPRESENTATION_CONTEXT('Context #1',
  '3D Context with UNIT and UNCERTAINTY') );
#18878 = ( LENGTH_UNIT() NAMED_UNIT(*) SI_UNIT(.MILLI.,.METRE.) );
#18879 = ( NAMED_UNIT(*) PLANE_ANGLE_UNIT() SI_UNIT($,.RADIAN.) );
#18880 = ( NAMED_UNIT(*) SI_UNIT($,.STERADIAN.) SOLID_ANGLE_UNIT() );
#18881 = UNCERTAINTY_MEASURE_WITH_UNIT(LENGTH_MEASURE(1.E-07),#18878,
  'distance_accuracy_value','confusion accuracy');
#18882 = CONTEXT_DEPENDENT_SHAPE_REPRESENTATION(#18883,#18885);
#18883 = ( REPRESENTATION_RELATIONSHIP('','',#18235,#10) 
REPRESENTATION_RELATIONSHIP_WITH_TRANSFORMATION(#18884) 
SHAPE_REPRESENTATION_RELATIONSHIP() );
#18884 = ITEM_DEFINED_TRANSFORMATION('','',#11,#75);
#18885 = PRODUCT_DEFINITION_SHAPE('Placement','Placement of an item',
  #18886);
#18886 = NEXT_ASSEMBLY_USAGE_OCCURRENCE('23','=>[0:1:1:16]','',#5,#18230
  ,$);
#18887 = PRODUCT_RELATED_PRODUCT_CATEGORY('part',$,(#18232));
#18888 = MECHANICAL_DESIGN_GEOMETRIC_PRESENTATION_REPRESENTATION('',(
    #18889,#18897,#18904),#1314);
#18889 = STYLED_ITEM('color',(#18890),#116);
#18890 = PRESENTATION_STYLE_ASSIGNMENT((#18891));
#18891 = SURFACE_STYLE_USAGE(.BOTH.,#18892);
#18892 = SURFACE_SIDE_STYLE('',(#18893));
#18893 = SURFACE_STYLE_FILL_AREA(#18894);
#18894 = FILL_AREA_STYLE('',(#18895));
#18895 = FILL_AREA_STYLE_COLOUR('',#18896);
#18896 = COLOUR_RGB('',0.792156867455,0.819607826924,0.933333342953);
#18897 = STYLED_ITEM('color',(#18898),#570);
#18898 = PRESENTATION_STYLE_ASSIGNMENT((#18899));
#18899 = SURFACE_STYLE_USAGE(.BOTH.,#18900);
#18900 = SURFACE_SIDE_STYLE('',(#18901));
#18901 = SURFACE_STYLE_FILL_AREA(#18902);
#18902 = FILL_AREA_STYLE('',(#18903));
#18903 = FILL_AREA_STYLE_COLOUR('',#18896);
#18904 = STYLED_ITEM('color',(#18905),#1024);
#18905 = PRESENTATION_STYLE_ASSIGNMENT((#18906));
#18906 = SURFACE_STYLE_USAGE(.BOTH.,#18907);
#18907 = SURFACE_SIDE_STYLE('',(#18908));
#18908 = SURFACE_STYLE_FILL_AREA(#18909);
#18909 = FILL_AREA_STYLE('',(#18910));
#18910 = FILL_AREA_STYLE_COLOUR('',#18911);
#18911 = COLOUR_RGB('',0.909803911811,0.443137255223,3.137254979461E-02
  );
#18912 = MECHANICAL_DESIGN_GEOMETRIC_PRESENTATION_REPRESENTATION('',(
    #18913,#18921,#18928,#18935,#18942,#18949,#18956),#9753);
#18913 = STYLED_ITEM('color',(#18914),#7203);
#18914 = PRESENTATION_STYLE_ASSIGNMENT((#18915));
#18915 = SURFACE_STYLE_USAGE(.BOTH.,#18916);
#18916 = SURFACE_SIDE_STYLE('',(#18917));
#18917 = SURFACE_STYLE_FILL_AREA(#18918);
#18918 = FILL_AREA_STYLE('',(#18919));
#18919 = FILL_AREA_STYLE_COLOUR('',#18920);
#18920 = DRAUGHTING_PRE_DEFINED_COLOUR('white');
#18921 = STYLED_ITEM('color',(#18922),#7592);
#18922 = PRESENTATION_STYLE_ASSIGNMENT((#18923));
#18923 = SURFACE_STYLE_USAGE(.BOTH.,#18924);
#18924 = SURFACE_SIDE_STYLE('',(#18925));
#18925 = SURFACE_STYLE_FILL_AREA(#18926);
#18926 = FILL_AREA_STYLE('',(#18927));
#18927 = FILL_AREA_STYLE_COLOUR('',#18920);
#18928 = STYLED_ITEM('color',(#18929),#7981);
#18929 = PRESENTATION_STYLE_ASSIGNMENT((#18930));
#18930 = SURFACE_STYLE_USAGE(.BOTH.,#18931);
#18931 = SURFACE_SIDE_STYLE('',(#18932));
#18932 = SURFACE_STYLE_FILL_AREA(#18933);
#18933 = FILL_AREA_STYLE('',(#18934));
#18934 = FILL_AREA_STYLE_COLOUR('',#18920);
#18935 = STYLED_ITEM('color',(#18936),#8370);
#18936 = PRESENTATION_STYLE_ASSIGNMENT((#18937));
#18937 = SURFACE_STYLE_USAGE(.BOTH.,#18938);
#18938 = SURFACE_SIDE_STYLE('',(#18939));
#18939 = SURFACE_STYLE_FILL_AREA(#18940);
#18940 = FILL_AREA_STYLE('',(#18941));
#18941 = FILL_AREA_STYLE_COLOUR('',#18920);
#18942 = STYLED_ITEM('color',(#18943),#8759);
#18943 = PRESENTATION_STYLE_ASSIGNMENT((#18944));
#18944 = SURFACE_STYLE_USAGE(.BOTH.,#18945);
#18945 = SURFACE_SIDE_STYLE('',(#18946));
#18946 = SURFACE_STYLE_FILL_AREA(#18947);
#18947 = FILL_AREA_STYLE('',(#18948));
#18948 = FILL_AREA_STYLE_COLOUR('',#18920);
#18949 = STYLED_ITEM('color',(#18950),#9148);
#18950 = PRESENTATION_STYLE_ASSIGNMENT((#18951));
#18951 = SURFACE_STYLE_USAGE(.BOTH.,#18952);
#18952 = SURFACE_SIDE_STYLE('',(#18953));
#18953 = SURFACE_STYLE_FILL_AREA(#18954);
#18954 = FILL_AREA_STYLE('',(#18955));
#18955 = FILL_AREA_STYLE_COLOUR('',#18920);
#18956 = STYLED_ITEM('color',(#18957),#9537);
#18957 = PRESENTATION_STYLE_ASSIGNMENT((#18958));
#18958 = SURFACE_STYLE_USAGE(.BOTH.,#18959);
#18959 = SURFACE_SIDE_STYLE('',(#18960));
#18960 = SURFACE_STYLE_FILL_AREA(#18961);
#18961 = FILL_AREA_STYLE('',(#18962));
#18962 = FILL_AREA_STYLE_COLOUR('',#18963);
#18963 = COLOUR_RGB('',0.250980388104,0.250980388104,0.250980388104);
#18964 = MECHANICAL_DESIGN_GEOMETRIC_PRESENTATION_REPRESENTATION('',(
    #18965,#18972,#18979,#18986,#18993,#19000,#19007),#18207);
#18965 = STYLED_ITEM('color',(#18966),#15089);
#18966 = PRESENTATION_STYLE_ASSIGNMENT((#18967));
#18967 = SURFACE_STYLE_USAGE(.BOTH.,#18968);
#18968 = SURFACE_SIDE_STYLE('',(#18969));
#18969 = SURFACE_STYLE_FILL_AREA(#18970);
#18970 = FILL_AREA_STYLE('',(#18971));
#18971 = FILL_AREA_STYLE_COLOUR('',#18920);
#18972 = STYLED_ITEM('color',(#18973),#15177);
#18973 = PRESENTATION_STYLE_ASSIGNMENT((#18974));
#18974 = SURFACE_STYLE_USAGE(.BOTH.,#18975);
#18975 = SURFACE_SIDE_STYLE('',(#18976));
#18976 = SURFACE_STYLE_FILL_AREA(#18977);
#18977 = FILL_AREA_STYLE('',(#18978));
#18978 = FILL_AREA_STYLE_COLOUR('',#18896);
#18979 = STYLED_ITEM('color',(#18980),#15533);
#18980 = PRESENTATION_STYLE_ASSIGNMENT((#18981));
#18981 = SURFACE_STYLE_USAGE(.BOTH.,#18982);
#18982 = SURFACE_SIDE_STYLE('',(#18983));
#18983 = SURFACE_STYLE_FILL_AREA(#18984);
#18984 = FILL_AREA_STYLE('',(#18985));
#18985 = FILL_AREA_STYLE_COLOUR('',#18896);
#18986 = STYLED_ITEM('color',(#18987),#15889);
#18987 = PRESENTATION_STYLE_ASSIGNMENT((#18988));
#18988 = SURFACE_STYLE_USAGE(.BOTH.,#18989);
#18989 = SURFACE_SIDE_STYLE('',(#18990));
#18990 = SURFACE_STYLE_FILL_AREA(#18991);
#18991 = FILL_AREA_STYLE('',(#18992));
#18992 = FILL_AREA_STYLE_COLOUR('',#18896);
#18993 = STYLED_ITEM('color',(#18994),#16245);
#18994 = PRESENTATION_STYLE_ASSIGNMENT((#18995));
#18995 = SURFACE_STYLE_USAGE(.BOTH.,#18996);
#18996 = SURFACE_SIDE_STYLE('',(#18997));
#18997 = SURFACE_STYLE_FILL_AREA(#18998);
#18998 = FILL_AREA_STYLE('',(#18999));
#18999 = FILL_AREA_STYLE_COLOUR('',#18963);
#19000 = STYLED_ITEM('color',(#19001),#17495);
#19001 = PRESENTATION_STYLE_ASSIGNMENT((#19002));
#19002 = SURFACE_STYLE_USAGE(.BOTH.,#19003);
#19003 = SURFACE_SIDE_STYLE('',(#19004));
#19004 = SURFACE_STYLE_FILL_AREA(#19005);
#19005 = FILL_AREA_STYLE('',(#19006));
#19006 = FILL_AREA_STYLE_COLOUR('',#18896);
#19007 = STYLED_ITEM('color',(#19008),#17851);
#19008 = PRESENTATION_STYLE_ASSIGNMENT((#19009));
#19009 = SURFACE_STYLE_USAGE(.BOTH.,#19010);
#19010 = SURFACE_SIDE_STYLE('',(#19011));
#19011 = SURFACE_STYLE_FILL_AREA(#19012);
#19012 = FILL_AREA_STYLE('',(#19013));
#19013 = FILL_AREA_STYLE_COLOUR('',#18896);
#19014 = MECHANICAL_DESIGN_GEOMETRIC_PRESENTATION_REPRESENTATION('',(
    #19015,#19024,#19032,#19039,#19046,#19053,#19060,#19067,#19074,
    #19081,#19088,#19095,#19103,#19110,#19117,#19125,#19132,#19139,
    #19146,#19153,#19160,#19167,#19174,#19181,#19188,#19195,#19202,
    #19209,#19216,#19223,#19230,#19237,#19244,#19251,#19258,#19265,
    #19272,#19279,#19286,#19293,#19300,#19307,#19314,#19321,#19328,
    #19335,#19342,#19349,#19356,#19363,#19370,#19377,#19384,#19391,
    #19398,#19405,#19412),#7146);
#19015 = STYLED_ITEM('color',(#19016),#5308);
#19016 = PRESENTATION_STYLE_ASSIGNMENT((#19017,#19022));
#19017 = SURFACE_STYLE_USAGE(.BOTH.,#19018);
#19018 = SURFACE_SIDE_STYLE('',(#19019));
#19019 = SURFACE_STYLE_FILL_AREA(#19020);
#19020 = FILL_AREA_STYLE('',(#19021));
#19021 = FILL_AREA_STYLE_COLOUR('',#18896);
#19022 = CURVE_STYLE('',#19023,POSITIVE_LENGTH_MEASURE(0.1),#18896);
#19023 = DRAUGHTING_PRE_DEFINED_CURVE_FONT('continuous');
#19024 = OVER_RIDING_STYLED_ITEM('overriding color',(#19025),#5310,
  #19015);
#19025 = PRESENTATION_STYLE_ASSIGNMENT((#19026));
#19026 = SURFACE_STYLE_USAGE(.BOTH.,#19027);
#19027 = SURFACE_SIDE_STYLE('',(#19028));
#19028 = SURFACE_STYLE_FILL_AREA(#19029);
#19029 = FILL_AREA_STYLE('',(#19030));
#19030 = FILL_AREA_STYLE_COLOUR('',#19031);
#19031 = COLOUR_RGB('',0.666666664908,0.694117652497,0.764705876202);
#19032 = OVER_RIDING_STYLED_ITEM('overriding color',(#19033),#5350,
  #19015);
#19033 = PRESENTATION_STYLE_ASSIGNMENT((#19034));
#19034 = SURFACE_STYLE_USAGE(.BOTH.,#19035);
#19035 = SURFACE_SIDE_STYLE('',(#19036));
#19036 = SURFACE_STYLE_FILL_AREA(#19037);
#19037 = FILL_AREA_STYLE('',(#19038));
#19038 = FILL_AREA_STYLE_COLOUR('',#19031);
#19039 = OVER_RIDING_STYLED_ITEM('overriding color',(#19040),#5390,
  #19015);
#19040 = PRESENTATION_STYLE_ASSIGNMENT((#19041));
#19041 = SURFACE_STYLE_USAGE(.BOTH.,#19042);
#19042 = SURFACE_SIDE_STYLE('',(#19043));
#19043 = SURFACE_STYLE_FILL_AREA(#19044);
#19044 = FILL_AREA_STYLE('',(#19045));
#19045 = FILL_AREA_STYLE_COLOUR('',#19031);
#19046 = OVER_RIDING_STYLED_ITEM('overriding color',(#19047),#5472,
  #19015);
#19047 = PRESENTATION_STYLE_ASSIGNMENT((#19048));
#19048 = SURFACE_STYLE_USAGE(.BOTH.,#19049);
#19049 = SURFACE_SIDE_STYLE('',(#19050));
#19050 = SURFACE_STYLE_FILL_AREA(#19051);
#19051 = FILL_AREA_STYLE('',(#19052));
#19052 = FILL_AREA_STYLE_COLOUR('',#19031);
#19053 = OVER_RIDING_STYLED_ITEM('overriding color',(#19054),#5512,
  #19015);
#19054 = PRESENTATION_STYLE_ASSIGNMENT((#19055));
#19055 = SURFACE_STYLE_USAGE(.BOTH.,#19056);
#19056 = SURFACE_SIDE_STYLE('',(#19057));
#19057 = SURFACE_STYLE_FILL_AREA(#19058);
#19058 = FILL_AREA_STYLE('',(#19059));
#19059 = FILL_AREA_STYLE_COLOUR('',#19031);
#19060 = OVER_RIDING_STYLED_ITEM('overriding color',(#19061),#5570,
  #19015);
#19061 = PRESENTATION_STYLE_ASSIGNMENT((#19062));
#19062 = SURFACE_STYLE_USAGE(.BOTH.,#19063);
#19063 = SURFACE_SIDE_STYLE('',(#19064));
#19064 = SURFACE_STYLE_FILL_AREA(#19065);
#19065 = FILL_AREA_STYLE('',(#19066));
#19066 = FILL_AREA_STYLE_COLOUR('',#19031);
#19067 = OVER_RIDING_STYLED_ITEM('overriding color',(#19068),#5610,
  #19015);
#19068 = PRESENTATION_STYLE_ASSIGNMENT((#19069));
#19069 = SURFACE_STYLE_USAGE(.BOTH.,#19070);
#19070 = SURFACE_SIDE_STYLE('',(#19071));
#19071 = SURFACE_STYLE_FILL_AREA(#19072);
#19072 = FILL_AREA_STYLE('',(#19073));
#19073 = FILL_AREA_STYLE_COLOUR('',#19031);
#19074 = OVER_RIDING_STYLED_ITEM('overriding color',(#19075),#5692,
  #19015);
#19075 = PRESENTATION_STYLE_ASSIGNMENT((#19076));
#19076 = SURFACE_STYLE_USAGE(.BOTH.,#19077);
#19077 = SURFACE_SIDE_STYLE('',(#19078));
#19078 = SURFACE_STYLE_FILL_AREA(#19079);
#19079 = FILL_AREA_STYLE('',(#19080));
#19080 = FILL_AREA_STYLE_COLOUR('',#19031);
#19081 = OVER_RIDING_STYLED_ITEM('overriding color',(#19082),#5732,
  #19015);
#19082 = PRESENTATION_STYLE_ASSIGNMENT((#19083));
#19083 = SURFACE_STYLE_USAGE(.BOTH.,#19084);
#19084 = SURFACE_SIDE_STYLE('',(#19085));
#19085 = SURFACE_STYLE_FILL_AREA(#19086);
#19086 = FILL_AREA_STYLE('',(#19087));
#19087 = FILL_AREA_STYLE_COLOUR('',#19031);
#19088 = OVER_RIDING_STYLED_ITEM('overriding color',(#19089),#5790,
  #19015);
#19089 = PRESENTATION_STYLE_ASSIGNMENT((#19090));
#19090 = SURFACE_STYLE_USAGE(.BOTH.,#19091);
#19091 = SURFACE_SIDE_STYLE('',(#19092));
#19092 = SURFACE_STYLE_FILL_AREA(#19093);
#19093 = FILL_AREA_STYLE('',(#19094));
#19094 = FILL_AREA_STYLE_COLOUR('',#19031);
#19095 = OVER_RIDING_STYLED_ITEM('overriding color',(#19096),#5830,
  #19015);
#19096 = PRESENTATION_STYLE_ASSIGNMENT((#19097));
#19097 = SURFACE_STYLE_USAGE(.BOTH.,#19098);
#19098 = SURFACE_SIDE_STYLE('',(#19099));
#19099 = SURFACE_STYLE_FILL_AREA(#19100);
#19100 = FILL_AREA_STYLE('',(#19101));
#19101 = FILL_AREA_STYLE_COLOUR('',#19102);
#19102 = COLOUR_RGB('',1.,0.949019609525,0.894117649055);
#19103 = OVER_RIDING_STYLED_ITEM('overriding color',(#19104),#5870,
  #19015);
#19104 = PRESENTATION_STYLE_ASSIGNMENT((#19105));
#19105 = SURFACE_STYLE_USAGE(.BOTH.,#19106);
#19106 = SURFACE_SIDE_STYLE('',(#19107));
#19107 = SURFACE_STYLE_FILL_AREA(#19108);
#19108 = FILL_AREA_STYLE('',(#19109));
#19109 = FILL_AREA_STYLE_COLOUR('',#19102);
#19110 = OVER_RIDING_STYLED_ITEM('overriding color',(#19111),#5910,
  #19015);
#19111 = PRESENTATION_STYLE_ASSIGNMENT((#19112));
#19112 = SURFACE_STYLE_USAGE(.BOTH.,#19113);
#19113 = SURFACE_SIDE_STYLE('',(#19114));
#19114 = SURFACE_STYLE_FILL_AREA(#19115);
#19115 = FILL_AREA_STYLE('',(#19116));
#19116 = FILL_AREA_STYLE_COLOUR('',#19102);
#19117 = OVER_RIDING_STYLED_ITEM('overriding color',(#19118),#5932,
  #19015);
#19118 = PRESENTATION_STYLE_ASSIGNMENT((#19119));
#19119 = SURFACE_STYLE_USAGE(.BOTH.,#19120);
#19120 = SURFACE_SIDE_STYLE('',(#19121));
#19121 = SURFACE_STYLE_FILL_AREA(#19122);
#19122 = FILL_AREA_STYLE('',(#19123));
#19123 = FILL_AREA_STYLE_COLOUR('',#19124);
#19124 = DRAUGHTING_PRE_DEFINED_COLOUR('black');
#19125 = OVER_RIDING_STYLED_ITEM('overriding color',(#19126),#5990,
  #19015);
#19126 = PRESENTATION_STYLE_ASSIGNMENT((#19127));
#19127 = SURFACE_STYLE_USAGE(.BOTH.,#19128);
#19128 = SURFACE_SIDE_STYLE('',(#19129));
#19129 = SURFACE_STYLE_FILL_AREA(#19130);
#19130 = FILL_AREA_STYLE('',(#19131));
#19131 = FILL_AREA_STYLE_COLOUR('',#19102);
#19132 = OVER_RIDING_STYLED_ITEM('overriding color',(#19133),#6023,
  #19015);
#19133 = PRESENTATION_STYLE_ASSIGNMENT((#19134));
#19134 = SURFACE_STYLE_USAGE(.BOTH.,#19135);
#19135 = SURFACE_SIDE_STYLE('',(#19136));
#19136 = SURFACE_STYLE_FILL_AREA(#19137);
#19137 = FILL_AREA_STYLE('',(#19138));
#19138 = FILL_AREA_STYLE_COLOUR('',#19031);
#19139 = OVER_RIDING_STYLED_ITEM('overriding color',(#19140),#6088,
  #19015);
#19140 = PRESENTATION_STYLE_ASSIGNMENT((#19141));
#19141 = SURFACE_STYLE_USAGE(.BOTH.,#19142);
#19142 = SURFACE_SIDE_STYLE('',(#19143));
#19143 = SURFACE_STYLE_FILL_AREA(#19144);
#19144 = FILL_AREA_STYLE('',(#19145));
#19145 = FILL_AREA_STYLE_COLOUR('',#19102);
#19146 = OVER_RIDING_STYLED_ITEM('overriding color',(#19147),#6121,
  #19015);
#19147 = PRESENTATION_STYLE_ASSIGNMENT((#19148));
#19148 = SURFACE_STYLE_USAGE(.BOTH.,#19149);
#19149 = SURFACE_SIDE_STYLE('',(#19150));
#19150 = SURFACE_STYLE_FILL_AREA(#19151);
#19151 = FILL_AREA_STYLE('',(#19152));
#19152 = FILL_AREA_STYLE_COLOUR('',#19031);
#19153 = OVER_RIDING_STYLED_ITEM('overriding color',(#19154),#6186,
  #19015);
#19154 = PRESENTATION_STYLE_ASSIGNMENT((#19155));
#19155 = SURFACE_STYLE_USAGE(.BOTH.,#19156);
#19156 = SURFACE_SIDE_STYLE('',(#19157));
#19157 = SURFACE_STYLE_FILL_AREA(#19158);
#19158 = FILL_AREA_STYLE('',(#19159));
#19159 = FILL_AREA_STYLE_COLOUR('',#19102);
#19160 = OVER_RIDING_STYLED_ITEM('overriding color',(#19161),#6219,
  #19015);
#19161 = PRESENTATION_STYLE_ASSIGNMENT((#19162));
#19162 = SURFACE_STYLE_USAGE(.BOTH.,#19163);
#19163 = SURFACE_SIDE_STYLE('',(#19164));
#19164 = SURFACE_STYLE_FILL_AREA(#19165);
#19165 = FILL_AREA_STYLE('',(#19166));
#19166 = FILL_AREA_STYLE_COLOUR('',#19031);
#19167 = OVER_RIDING_STYLED_ITEM('overriding color',(#19168),#6284,
  #19015);
#19168 = PRESENTATION_STYLE_ASSIGNMENT((#19169));
#19169 = SURFACE_STYLE_USAGE(.BOTH.,#19170);
#19170 = SURFACE_SIDE_STYLE('',(#19171));
#19171 = SURFACE_STYLE_FILL_AREA(#19172);
#19172 = FILL_AREA_STYLE('',(#19173));
#19173 = FILL_AREA_STYLE_COLOUR('',#19102);
#19174 = OVER_RIDING_STYLED_ITEM('overriding color',(#19175),#6317,
  #19015);
#19175 = PRESENTATION_STYLE_ASSIGNMENT((#19176));
#19176 = SURFACE_STYLE_USAGE(.BOTH.,#19177);
#19177 = SURFACE_SIDE_STYLE('',(#19178));
#19178 = SURFACE_STYLE_FILL_AREA(#19179);
#19179 = FILL_AREA_STYLE('',(#19180));
#19180 = FILL_AREA_STYLE_COLOUR('',#19031);
#19181 = OVER_RIDING_STYLED_ITEM('overriding color',(#19182),#6382,
  #19015);
#19182 = PRESENTATION_STYLE_ASSIGNMENT((#19183));
#19183 = SURFACE_STYLE_USAGE(.BOTH.,#19184);
#19184 = SURFACE_SIDE_STYLE('',(#19185));
#19185 = SURFACE_STYLE_FILL_AREA(#19186);
#19186 = FILL_AREA_STYLE('',(#19187));
#19187 = FILL_AREA_STYLE_COLOUR('',#19031);
#19188 = OVER_RIDING_STYLED_ITEM('overriding color',(#19189),#6412,
  #19015);
#19189 = PRESENTATION_STYLE_ASSIGNMENT((#19190));
#19190 = SURFACE_STYLE_USAGE(.BOTH.,#19191);
#19191 = SURFACE_SIDE_STYLE('',(#19192));
#19192 = SURFACE_STYLE_FILL_AREA(#19193);
#19193 = FILL_AREA_STYLE('',(#19194));
#19194 = FILL_AREA_STYLE_COLOUR('',#19031);
#19195 = OVER_RIDING_STYLED_ITEM('overriding color',(#19196),#6442,
  #19015);
#19196 = PRESENTATION_STYLE_ASSIGNMENT((#19197));
#19197 = SURFACE_STYLE_USAGE(.BOTH.,#19198);
#19198 = SURFACE_SIDE_STYLE('',(#19199));
#19199 = SURFACE_STYLE_FILL_AREA(#19200);
#19200 = FILL_AREA_STYLE('',(#19201));
#19201 = FILL_AREA_STYLE_COLOUR('',#19031);
#19202 = OVER_RIDING_STYLED_ITEM('overriding color',(#19203),#6454,
  #19015);
#19203 = PRESENTATION_STYLE_ASSIGNMENT((#19204));
#19204 = SURFACE_STYLE_USAGE(.BOTH.,#19205);
#19205 = SURFACE_SIDE_STYLE('',(#19206));
#19206 = SURFACE_STYLE_FILL_AREA(#19207);
#19207 = FILL_AREA_STYLE('',(#19208));
#19208 = FILL_AREA_STYLE_COLOUR('',#19031);
#19209 = OVER_RIDING_STYLED_ITEM('overriding color',(#19210),#6466,
  #19015);
#19210 = PRESENTATION_STYLE_ASSIGNMENT((#19211));
#19211 = SURFACE_STYLE_USAGE(.BOTH.,#19212);
#19212 = SURFACE_SIDE_STYLE('',(#19213));
#19213 = SURFACE_STYLE_FILL_AREA(#19214);
#19214 = FILL_AREA_STYLE('',(#19215));
#19215 = FILL_AREA_STYLE_COLOUR('',#19031);
#19216 = OVER_RIDING_STYLED_ITEM('overriding color',(#19217),#6490,
  #19015);
#19217 = PRESENTATION_STYLE_ASSIGNMENT((#19218));
#19218 = SURFACE_STYLE_USAGE(.BOTH.,#19219);
#19219 = SURFACE_SIDE_STYLE('',(#19220));
#19220 = SURFACE_STYLE_FILL_AREA(#19221);
#19221 = FILL_AREA_STYLE('',(#19222));
#19222 = FILL_AREA_STYLE_COLOUR('',#19031);
#19223 = OVER_RIDING_STYLED_ITEM('overriding color',(#19224),#6514,
  #19015);
#19224 = PRESENTATION_STYLE_ASSIGNMENT((#19225));
#19225 = SURFACE_STYLE_USAGE(.BOTH.,#19226);
#19226 = SURFACE_SIDE_STYLE('',(#19227));
#19227 = SURFACE_STYLE_FILL_AREA(#19228);
#19228 = FILL_AREA_STYLE('',(#19229));
#19229 = FILL_AREA_STYLE_COLOUR('',#19031);
#19230 = OVER_RIDING_STYLED_ITEM('overriding color',(#19231),#6538,
  #19015);
#19231 = PRESENTATION_STYLE_ASSIGNMENT((#19232));
#19232 = SURFACE_STYLE_USAGE(.BOTH.,#19233);
#19233 = SURFACE_SIDE_STYLE('',(#19234));
#19234 = SURFACE_STYLE_FILL_AREA(#19235);
#19235 = FILL_AREA_STYLE('',(#19236));
#19236 = FILL_AREA_STYLE_COLOUR('',#19031);
#19237 = OVER_RIDING_STYLED_ITEM('overriding color',(#19238),#6562,
  #19015);
#19238 = PRESENTATION_STYLE_ASSIGNMENT((#19239));
#19239 = SURFACE_STYLE_USAGE(.BOTH.,#19240);
#19240 = SURFACE_SIDE_STYLE('',(#19241));
#19241 = SURFACE_STYLE_FILL_AREA(#19242);
#19242 = FILL_AREA_STYLE('',(#19243));
#19243 = FILL_AREA_STYLE_COLOUR('',#19102);
#19244 = OVER_RIDING_STYLED_ITEM('overriding color',(#19245),#6578,
  #19015);
#19245 = PRESENTATION_STYLE_ASSIGNMENT((#19246));
#19246 = SURFACE_STYLE_USAGE(.BOTH.,#19247);
#19247 = SURFACE_SIDE_STYLE('',(#19248));
#19248 = SURFACE_STYLE_FILL_AREA(#19249);
#19249 = FILL_AREA_STYLE('',(#19250));
#19250 = FILL_AREA_STYLE_COLOUR('',#19102);
#19251 = OVER_RIDING_STYLED_ITEM('overriding color',(#19252),#6624,
  #19015);
#19252 = PRESENTATION_STYLE_ASSIGNMENT((#19253));
#19253 = SURFACE_STYLE_USAGE(.BOTH.,#19254);
#19254 = SURFACE_SIDE_STYLE('',(#19255));
#19255 = SURFACE_STYLE_FILL_AREA(#19256);
#19256 = FILL_AREA_STYLE('',(#19257));
#19257 = FILL_AREA_STYLE_COLOUR('',#19102);
#19258 = OVER_RIDING_STYLED_ITEM('overriding color',(#19259),#6640,
  #19015);
#19259 = PRESENTATION_STYLE_ASSIGNMENT((#19260));
#19260 = SURFACE_STYLE_USAGE(.BOTH.,#19261);
#19261 = SURFACE_SIDE_STYLE('',(#19262));
#19262 = SURFACE_STYLE_FILL_AREA(#19263);
#19263 = FILL_AREA_STYLE('',(#19264));
#19264 = FILL_AREA_STYLE_COLOUR('',#19102);
#19265 = OVER_RIDING_STYLED_ITEM('overriding color',(#19266),#6686,
  #19015);
#19266 = PRESENTATION_STYLE_ASSIGNMENT((#19267));
#19267 = SURFACE_STYLE_USAGE(.BOTH.,#19268);
#19268 = SURFACE_SIDE_STYLE('',(#19269));
#19269 = SURFACE_STYLE_FILL_AREA(#19270);
#19270 = FILL_AREA_STYLE('',(#19271));
#19271 = FILL_AREA_STYLE_COLOUR('',#19031);
#19272 = OVER_RIDING_STYLED_ITEM('overriding color',(#19273),#6718,
  #19015);
#19273 = PRESENTATION_STYLE_ASSIGNMENT((#19274));
#19274 = SURFACE_STYLE_USAGE(.BOTH.,#19275);
#19275 = SURFACE_SIDE_STYLE('',(#19276));
#19276 = SURFACE_STYLE_FILL_AREA(#19277);
#19277 = FILL_AREA_STYLE('',(#19278));
#19278 = FILL_AREA_STYLE_COLOUR('',#19031);
#19279 = OVER_RIDING_STYLED_ITEM('overriding color',(#19280),#6736,
  #19015);
#19280 = PRESENTATION_STYLE_ASSIGNMENT((#19281));
#19281 = SURFACE_STYLE_USAGE(.BOTH.,#19282);
#19282 = SURFACE_SIDE_STYLE('',(#19283));
#19283 = SURFACE_STYLE_FILL_AREA(#19284);
#19284 = FILL_AREA_STYLE('',(#19285));
#19285 = FILL_AREA_STYLE_COLOUR('',#19031);
#19286 = OVER_RIDING_STYLED_ITEM('overriding color',(#19287),#6753,
  #19015);
#19287 = PRESENTATION_STYLE_ASSIGNMENT((#19288));
#19288 = SURFACE_STYLE_USAGE(.BOTH.,#19289);
#19289 = SURFACE_SIDE_STYLE('',(#19290));
#19290 = SURFACE_STYLE_FILL_AREA(#19291);
#19291 = FILL_AREA_STYLE('',(#19292));
#19292 = FILL_AREA_STYLE_COLOUR('',#19031);
#19293 = OVER_RIDING_STYLED_ITEM('overriding color',(#19294),#6771,
  #19015);
#19294 = PRESENTATION_STYLE_ASSIGNMENT((#19295));
#19295 = SURFACE_STYLE_USAGE(.BOTH.,#19296);
#19296 = SURFACE_SIDE_STYLE('',(#19297));
#19297 = SURFACE_STYLE_FILL_AREA(#19298);
#19298 = FILL_AREA_STYLE('',(#19299));
#19299 = FILL_AREA_STYLE_COLOUR('',#19031);
#19300 = OVER_RIDING_STYLED_ITEM('overriding color',(#19301),#6788,
  #19015);
#19301 = PRESENTATION_STYLE_ASSIGNMENT((#19302));
#19302 = SURFACE_STYLE_USAGE(.BOTH.,#19303);
#19303 = SURFACE_SIDE_STYLE('',(#19304));
#19304 = SURFACE_STYLE_FILL_AREA(#19305);
#19305 = FILL_AREA_STYLE('',(#19306));
#19306 = FILL_AREA_STYLE_COLOUR('',#19031);
#19307 = OVER_RIDING_STYLED_ITEM('overriding color',(#19308),#6801,
  #19015);
#19308 = PRESENTATION_STYLE_ASSIGNMENT((#19309));
#19309 = SURFACE_STYLE_USAGE(.BOTH.,#19310);
#19310 = SURFACE_SIDE_STYLE('',(#19311));
#19311 = SURFACE_STYLE_FILL_AREA(#19312);
#19312 = FILL_AREA_STYLE('',(#19313));
#19313 = FILL_AREA_STYLE_COLOUR('',#19031);
#19314 = OVER_RIDING_STYLED_ITEM('overriding color',(#19315),#6833,
  #19015);
#19315 = PRESENTATION_STYLE_ASSIGNMENT((#19316));
#19316 = SURFACE_STYLE_USAGE(.BOTH.,#19317);
#19317 = SURFACE_SIDE_STYLE('',(#19318));
#19318 = SURFACE_STYLE_FILL_AREA(#19319);
#19319 = FILL_AREA_STYLE('',(#19320));
#19320 = FILL_AREA_STYLE_COLOUR('',#19031);
#19321 = OVER_RIDING_STYLED_ITEM('overriding color',(#19322),#6851,
  #19015);
#19322 = PRESENTATION_STYLE_ASSIGNMENT((#19323));
#19323 = SURFACE_STYLE_USAGE(.BOTH.,#19324);
#19324 = SURFACE_SIDE_STYLE('',(#19325));
#19325 = SURFACE_STYLE_FILL_AREA(#19326);
#19326 = FILL_AREA_STYLE('',(#19327));
#19327 = FILL_AREA_STYLE_COLOUR('',#19031);
#19328 = OVER_RIDING_STYLED_ITEM('overriding color',(#19329),#6868,
  #19015);
#19329 = PRESENTATION_STYLE_ASSIGNMENT((#19330));
#19330 = SURFACE_STYLE_USAGE(.BOTH.,#19331);
#19331 = SURFACE_SIDE_STYLE('',(#19332));
#19332 = SURFACE_STYLE_FILL_AREA(#19333);
#19333 = FILL_AREA_STYLE('',(#19334));
#19334 = FILL_AREA_STYLE_COLOUR('',#19031);
#19335 = OVER_RIDING_STYLED_ITEM('overriding color',(#19336),#6916,
  #19015);
#19336 = PRESENTATION_STYLE_ASSIGNMENT((#19337));
#19337 = SURFACE_STYLE_USAGE(.BOTH.,#19338);
#19338 = SURFACE_SIDE_STYLE('',(#19339));
#19339 = SURFACE_STYLE_FILL_AREA(#19340);
#19340 = FILL_AREA_STYLE('',(#19341));
#19341 = FILL_AREA_STYLE_COLOUR('',#19031);
#19342 = OVER_RIDING_STYLED_ITEM('overriding color',(#19343),#6948,
  #19015);
#19343 = PRESENTATION_STYLE_ASSIGNMENT((#19344));
#19344 = SURFACE_STYLE_USAGE(.BOTH.,#19345);
#19345 = SURFACE_SIDE_STYLE('',(#19346));
#19346 = SURFACE_STYLE_FILL_AREA(#19347);
#19347 = FILL_AREA_STYLE('',(#19348));
#19348 = FILL_AREA_STYLE_COLOUR('',#19031);
#19349 = OVER_RIDING_STYLED_ITEM('overriding color',(#19350),#6966,
  #19015);
#19350 = PRESENTATION_STYLE_ASSIGNMENT((#19351));
#19351 = SURFACE_STYLE_USAGE(.BOTH.,#19352);
#19352 = SURFACE_SIDE_STYLE('',(#19353));
#19353 = SURFACE_STYLE_FILL_AREA(#19354);
#19354 = FILL_AREA_STYLE('',(#19355));
#19355 = FILL_AREA_STYLE_COLOUR('',#19031);
#19356 = OVER_RIDING_STYLED_ITEM('overriding color',(#19357),#6983,
  #19015);
#19357 = PRESENTATION_STYLE_ASSIGNMENT((#19358));
#19358 = SURFACE_STYLE_USAGE(.BOTH.,#19359);
#19359 = SURFACE_SIDE_STYLE('',(#19360));
#19360 = SURFACE_STYLE_FILL_AREA(#19361);
#19361 = FILL_AREA_STYLE('',(#19362));
#19362 = FILL_AREA_STYLE_COLOUR('',#19031);
#19363 = OVER_RIDING_STYLED_ITEM('overriding color',(#19364),#7001,
  #19015);
#19364 = PRESENTATION_STYLE_ASSIGNMENT((#19365));
#19365 = SURFACE_STYLE_USAGE(.BOTH.,#19366);
#19366 = SURFACE_SIDE_STYLE('',(#19367));
#19367 = SURFACE_STYLE_FILL_AREA(#19368);
#19368 = FILL_AREA_STYLE('',(#19369));
#19369 = FILL_AREA_STYLE_COLOUR('',#19031);
#19370 = OVER_RIDING_STYLED_ITEM('overriding color',(#19371),#7018,
  #19015);
#19371 = PRESENTATION_STYLE_ASSIGNMENT((#19372));
#19372 = SURFACE_STYLE_USAGE(.BOTH.,#19373);
#19373 = SURFACE_SIDE_STYLE('',(#19374));
#19374 = SURFACE_STYLE_FILL_AREA(#19375);
#19375 = FILL_AREA_STYLE('',(#19376));
#19376 = FILL_AREA_STYLE_COLOUR('',#19031);
#19377 = OVER_RIDING_STYLED_ITEM('overriding color',(#19378),#7031,
  #19015);
#19378 = PRESENTATION_STYLE_ASSIGNMENT((#19379));
#19379 = SURFACE_STYLE_USAGE(.BOTH.,#19380);
#19380 = SURFACE_SIDE_STYLE('',(#19381));
#19381 = SURFACE_STYLE_FILL_AREA(#19382);
#19382 = FILL_AREA_STYLE('',(#19383));
#19383 = FILL_AREA_STYLE_COLOUR('',#19031);
#19384 = OVER_RIDING_STYLED_ITEM('overriding color',(#19385),#7063,
  #19015);
#19385 = PRESENTATION_STYLE_ASSIGNMENT((#19386));
#19386 = SURFACE_STYLE_USAGE(.BOTH.,#19387);
#19387 = SURFACE_SIDE_STYLE('',(#19388));
#19388 = SURFACE_STYLE_FILL_AREA(#19389);
#19389 = FILL_AREA_STYLE('',(#19390));
#19390 = FILL_AREA_STYLE_COLOUR('',#19031);
#19391 = OVER_RIDING_STYLED_ITEM('overriding color',(#19392),#7081,
  #19015);
#19392 = PRESENTATION_STYLE_ASSIGNMENT((#19393));
#19393 = SURFACE_STYLE_USAGE(.BOTH.,#19394);
#19394 = SURFACE_SIDE_STYLE('',(#19395));
#19395 = SURFACE_STYLE_FILL_AREA(#19396);
#19396 = FILL_AREA_STYLE('',(#19397));
#19397 = FILL_AREA_STYLE_COLOUR('',#19031);
#19398 = OVER_RIDING_STYLED_ITEM('overriding color',(#19399),#7098,
  #19015);
#19399 = PRESENTATION_STYLE_ASSIGNMENT((#19400));
#19400 = SURFACE_STYLE_USAGE(.BOTH.,#19401);
#19401 = SURFACE_SIDE_STYLE('',(#19402));
#19402 = SURFACE_STYLE_FILL_AREA(#19403);
#19403 = FILL_AREA_STYLE('',(#19404));
#19404 = FILL_AREA_STYLE_COLOUR('',#19031);
#19405 = OVER_RIDING_STYLED_ITEM('overriding color',(#19406),#7116,
  #19015);
#19406 = PRESENTATION_STYLE_ASSIGNMENT((#19407));
#19407 = SURFACE_STYLE_USAGE(.BOTH.,#19408);
#19408 = SURFACE_SIDE_STYLE('',(#19409));
#19409 = SURFACE_STYLE_FILL_AREA(#19410);
#19410 = FILL_AREA_STYLE('',(#19411));
#19411 = FILL_AREA_STYLE_COLOUR('',#19031);
#19412 = OVER_RIDING_STYLED_ITEM('overriding color',(#19413),#7133,
  #19015);
#19413 = PRESENTATION_STYLE_ASSIGNMENT((#19414));
#19414 = SURFACE_STYLE_USAGE(.BOTH.,#19415);
#19415 = SURFACE_SIDE_STYLE('',(#19416));
#19416 = SURFACE_STYLE_FILL_AREA(#19417);
#19417 = FILL_AREA_STYLE('',(#19418));
#19418 = FILL_AREA_STYLE_COLOUR('',#19031);
#19419 = MECHANICAL_DESIGN_GEOMETRIC_PRESENTATION_REPRESENTATION('',(
    #19420,#19430,#19438,#19445,#19452,#19459,#19466,#19473,#19480,
    #19487,#19494,#19501,#19508,#19515,#19522,#19529,#19536,#19543,
    #19550,#19557,#19564,#19571,#19578,#19585,#19592,#19599,#19606,
    #19613,#19620,#19627,#19634,#19641,#19648,#19655,#19662,#19669,
    #19676,#19683,#19690,#19697,#19704,#19711,#19718,#19725,#19732,
    #19739,#19746,#19753,#19760,#19767,#19774,#19781,#19788,#19795,
    #19802,#19809,#19816,#19823,#19830,#19837,#19844,#19851,#19858,
    #19865,#19872,#19879,#19886,#19893,#19900,#19907,#19914,#19921,
    #19928,#19935,#19942,#19949,#19956,#19963,#19970,#19977,#19984,
    #19991,#19998,#20005,#20012,#20019,#20026,#20033,#20040),#5266);
#19420 = STYLED_ITEM('color',(#19421),#1356);
#19421 = PRESENTATION_STYLE_ASSIGNMENT((#19422,#19428));
#19422 = SURFACE_STYLE_USAGE(.BOTH.,#19423);
#19423 = SURFACE_SIDE_STYLE('',(#19424));
#19424 = SURFACE_STYLE_FILL_AREA(#19425);
#19425 = FILL_AREA_STYLE('',(#19426));
#19426 = FILL_AREA_STYLE_COLOUR('',#19427);
#19427 = COLOUR_RGB('',1.,0.901960770338,0.705882360366);
#19428 = CURVE_STYLE('',#19429,POSITIVE_LENGTH_MEASURE(0.1),#19427);
#19429 = DRAUGHTING_PRE_DEFINED_CURVE_FONT('continuous');
#19430 = OVER_RIDING_STYLED_ITEM('overriding color',(#19431),#1358,
  #19420);
#19431 = PRESENTATION_STYLE_ASSIGNMENT((#19432));
#19432 = SURFACE_STYLE_USAGE(.BOTH.,#19433);
#19433 = SURFACE_SIDE_STYLE('',(#19434));
#19434 = SURFACE_STYLE_FILL_AREA(#19435);
#19435 = FILL_AREA_STYLE('',(#19436));
#19436 = FILL_AREA_STYLE_COLOUR('',#19437);
#19437 = COLOUR_RGB('',0.960784305148,0.960784305148,0.964705886078);
#19438 = OVER_RIDING_STYLED_ITEM('overriding color',(#19439),#1398,
  #19420);
#19439 = PRESENTATION_STYLE_ASSIGNMENT((#19440));
#19440 = SURFACE_STYLE_USAGE(.BOTH.,#19441);
#19441 = SURFACE_SIDE_STYLE('',(#19442));
#19442 = SURFACE_STYLE_FILL_AREA(#19443);
#19443 = FILL_AREA_STYLE('',(#19444));
#19444 = FILL_AREA_STYLE_COLOUR('',#19437);
#19445 = OVER_RIDING_STYLED_ITEM('overriding color',(#19446),#1438,
  #19420);
#19446 = PRESENTATION_STYLE_ASSIGNMENT((#19447));
#19447 = SURFACE_STYLE_USAGE(.BOTH.,#19448);
#19448 = SURFACE_SIDE_STYLE('',(#19449));
#19449 = SURFACE_STYLE_FILL_AREA(#19450);
#19450 = FILL_AREA_STYLE('',(#19451));
#19451 = FILL_AREA_STYLE_COLOUR('',#19437);
#19452 = OVER_RIDING_STYLED_ITEM('overriding color',(#19453),#1501,
  #19420);
#19453 = PRESENTATION_STYLE_ASSIGNMENT((#19454));
#19454 = SURFACE_STYLE_USAGE(.BOTH.,#19455);
#19455 = SURFACE_SIDE_STYLE('',(#19456));
#19456 = SURFACE_STYLE_FILL_AREA(#19457);
#19457 = FILL_AREA_STYLE('',(#19458));
#19458 = FILL_AREA_STYLE_COLOUR('',#19437);
#19459 = OVER_RIDING_STYLED_ITEM('overriding color',(#19460),#1525,
  #19420);
#19460 = PRESENTATION_STYLE_ASSIGNMENT((#19461));
#19461 = SURFACE_STYLE_USAGE(.BOTH.,#19462);
#19462 = SURFACE_SIDE_STYLE('',(#19463));
#19463 = SURFACE_STYLE_FILL_AREA(#19464);
#19464 = FILL_AREA_STYLE('',(#19465));
#19465 = FILL_AREA_STYLE_COLOUR('',#19437);
#19466 = OVER_RIDING_STYLED_ITEM('overriding color',(#19467),#1572,
  #19420);
#19467 = PRESENTATION_STYLE_ASSIGNMENT((#19468));
#19468 = SURFACE_STYLE_USAGE(.BOTH.,#19469);
#19469 = SURFACE_SIDE_STYLE('',(#19470));
#19470 = SURFACE_STYLE_FILL_AREA(#19471);
#19471 = FILL_AREA_STYLE('',(#19472));
#19472 = FILL_AREA_STYLE_COLOUR('',#19437);
#19473 = OVER_RIDING_STYLED_ITEM('overriding color',(#19474),#1596,
  #19420);
#19474 = PRESENTATION_STYLE_ASSIGNMENT((#19475));
#19475 = SURFACE_STYLE_USAGE(.BOTH.,#19476);
#19476 = SURFACE_SIDE_STYLE('',(#19477));
#19477 = SURFACE_STYLE_FILL_AREA(#19478);
#19478 = FILL_AREA_STYLE('',(#19479));
#19479 = FILL_AREA_STYLE_COLOUR('',#19437);
#19480 = OVER_RIDING_STYLED_ITEM('overriding color',(#19481),#1638,
  #19420);
#19481 = PRESENTATION_STYLE_ASSIGNMENT((#19482));
#19482 = SURFACE_STYLE_USAGE(.BOTH.,#19483);
#19483 = SURFACE_SIDE_STYLE('',(#19484));
#19484 = SURFACE_STYLE_FILL_AREA(#19485);
#19485 = FILL_AREA_STYLE('',(#19486));
#19486 = FILL_AREA_STYLE_COLOUR('',#19437);
#19487 = OVER_RIDING_STYLED_ITEM('overriding color',(#19488),#1726,
  #19420);
#19488 = PRESENTATION_STYLE_ASSIGNMENT((#19489));
#19489 = SURFACE_STYLE_USAGE(.BOTH.,#19490);
#19490 = SURFACE_SIDE_STYLE('',(#19491));
#19491 = SURFACE_STYLE_FILL_AREA(#19492);
#19492 = FILL_AREA_STYLE('',(#19493));
#19493 = FILL_AREA_STYLE_COLOUR('',#19437);
#19494 = OVER_RIDING_STYLED_ITEM('overriding color',(#19495),#1750,
  #19420);
#19495 = PRESENTATION_STYLE_ASSIGNMENT((#19496));
#19496 = SURFACE_STYLE_USAGE(.BOTH.,#19497);
#19497 = SURFACE_SIDE_STYLE('',(#19498));
#19498 = SURFACE_STYLE_FILL_AREA(#19499);
#19499 = FILL_AREA_STYLE('',(#19500));
#19500 = FILL_AREA_STYLE_COLOUR('',#19437);
#19501 = OVER_RIDING_STYLED_ITEM('overriding color',(#19502),#1792,
  #19420);
#19502 = PRESENTATION_STYLE_ASSIGNMENT((#19503));
#19503 = SURFACE_STYLE_USAGE(.BOTH.,#19504);
#19504 = SURFACE_SIDE_STYLE('',(#19505));
#19505 = SURFACE_STYLE_FILL_AREA(#19506);
#19506 = FILL_AREA_STYLE('',(#19507));
#19507 = FILL_AREA_STYLE_COLOUR('',#19437);
#19508 = OVER_RIDING_STYLED_ITEM('overriding color',(#19509),#1880,
  #19420);
#19509 = PRESENTATION_STYLE_ASSIGNMENT((#19510));
#19510 = SURFACE_STYLE_USAGE(.BOTH.,#19511);
#19511 = SURFACE_SIDE_STYLE('',(#19512));
#19512 = SURFACE_STYLE_FILL_AREA(#19513);
#19513 = FILL_AREA_STYLE('',(#19514));
#19514 = FILL_AREA_STYLE_COLOUR('',#19437);
#19515 = OVER_RIDING_STYLED_ITEM('overriding color',(#19516),#1904,
  #19420);
#19516 = PRESENTATION_STYLE_ASSIGNMENT((#19517));
#19517 = SURFACE_STYLE_USAGE(.BOTH.,#19518);
#19518 = SURFACE_SIDE_STYLE('',(#19519));
#19519 = SURFACE_STYLE_FILL_AREA(#19520);
#19520 = FILL_AREA_STYLE('',(#19521));
#19521 = FILL_AREA_STYLE_COLOUR('',#19437);
#19522 = OVER_RIDING_STYLED_ITEM('overriding color',(#19523),#1946,
  #19420);
#19523 = PRESENTATION_STYLE_ASSIGNMENT((#19524));
#19524 = SURFACE_STYLE_USAGE(.BOTH.,#19525);
#19525 = SURFACE_SIDE_STYLE('',(#19526));
#19526 = SURFACE_STYLE_FILL_AREA(#19527);
#19527 = FILL_AREA_STYLE('',(#19528));
#19528 = FILL_AREA_STYLE_COLOUR('',#19437);
#19529 = OVER_RIDING_STYLED_ITEM('overriding color',(#19530),#2034,
  #19420);
#19530 = PRESENTATION_STYLE_ASSIGNMENT((#19531));
#19531 = SURFACE_STYLE_USAGE(.BOTH.,#19532);
#19532 = SURFACE_SIDE_STYLE('',(#19533));
#19533 = SURFACE_STYLE_FILL_AREA(#19534);
#19534 = FILL_AREA_STYLE('',(#19535));
#19535 = FILL_AREA_STYLE_COLOUR('',#19437);
#19536 = OVER_RIDING_STYLED_ITEM('overriding color',(#19537),#2058,
  #19420);
#19537 = PRESENTATION_STYLE_ASSIGNMENT((#19538));
#19538 = SURFACE_STYLE_USAGE(.BOTH.,#19539);
#19539 = SURFACE_SIDE_STYLE('',(#19540));
#19540 = SURFACE_STYLE_FILL_AREA(#19541);
#19541 = FILL_AREA_STYLE('',(#19542));
#19542 = FILL_AREA_STYLE_COLOUR('',#19437);
#19543 = OVER_RIDING_STYLED_ITEM('overriding color',(#19544),#2100,
  #19420);
#19544 = PRESENTATION_STYLE_ASSIGNMENT((#19545));
#19545 = SURFACE_STYLE_USAGE(.BOTH.,#19546);
#19546 = SURFACE_SIDE_STYLE('',(#19547));
#19547 = SURFACE_STYLE_FILL_AREA(#19548);
#19548 = FILL_AREA_STYLE('',(#19549));
#19549 = FILL_AREA_STYLE_COLOUR('',#19437);
#19550 = OVER_RIDING_STYLED_ITEM('overriding color',(#19551),#2131,
  #19420);
#19551 = PRESENTATION_STYLE_ASSIGNMENT((#19552));
#19552 = SURFACE_STYLE_USAGE(.BOTH.,#19553);
#19553 = SURFACE_SIDE_STYLE('',(#19554));
#19554 = SURFACE_STYLE_FILL_AREA(#19555);
#19555 = FILL_AREA_STYLE('',(#19556));
#19556 = FILL_AREA_STYLE_COLOUR('',#19437);
#19557 = OVER_RIDING_STYLED_ITEM('overriding color',(#19558),#2212,
  #19420);
#19558 = PRESENTATION_STYLE_ASSIGNMENT((#19559));
#19559 = SURFACE_STYLE_USAGE(.BOTH.,#19560);
#19560 = SURFACE_SIDE_STYLE('',(#19561));
#19561 = SURFACE_STYLE_FILL_AREA(#19562);
#19562 = FILL_AREA_STYLE('',(#19563));
#19563 = FILL_AREA_STYLE_COLOUR('',#19437);
#19564 = OVER_RIDING_STYLED_ITEM('overriding color',(#19565),#2293,
  #19420);
#19565 = PRESENTATION_STYLE_ASSIGNMENT((#19566));
#19566 = SURFACE_STYLE_USAGE(.BOTH.,#19567);
#19567 = SURFACE_SIDE_STYLE('',(#19568));
#19568 = SURFACE_STYLE_FILL_AREA(#19569);
#19569 = FILL_AREA_STYLE('',(#19570));
#19570 = FILL_AREA_STYLE_COLOUR('',#19437);
#19571 = OVER_RIDING_STYLED_ITEM('overriding color',(#19572),#2374,
  #19420);
#19572 = PRESENTATION_STYLE_ASSIGNMENT((#19573));
#19573 = SURFACE_STYLE_USAGE(.BOTH.,#19574);
#19574 = SURFACE_SIDE_STYLE('',(#19575));
#19575 = SURFACE_STYLE_FILL_AREA(#19576);
#19576 = FILL_AREA_STYLE('',(#19577));
#19577 = FILL_AREA_STYLE_COLOUR('',#19437);
#19578 = OVER_RIDING_STYLED_ITEM('overriding color',(#19579),#2561,
  #19420);
#19579 = PRESENTATION_STYLE_ASSIGNMENT((#19580));
#19580 = SURFACE_STYLE_USAGE(.BOTH.,#19581);
#19581 = SURFACE_SIDE_STYLE('',(#19582));
#19582 = SURFACE_STYLE_FILL_AREA(#19583);
#19583 = FILL_AREA_STYLE('',(#19584));
#19584 = FILL_AREA_STYLE_COLOUR('',#19437);
#19585 = OVER_RIDING_STYLED_ITEM('overriding color',(#19586),#2578,
  #19420);
#19586 = PRESENTATION_STYLE_ASSIGNMENT((#19587));
#19587 = SURFACE_STYLE_USAGE(.BOTH.,#19588);
#19588 = SURFACE_SIDE_STYLE('',(#19589));
#19589 = SURFACE_STYLE_FILL_AREA(#19590);
#19590 = FILL_AREA_STYLE('',(#19591));
#19591 = FILL_AREA_STYLE_COLOUR('',#19437);
#19592 = OVER_RIDING_STYLED_ITEM('overriding color',(#19593),#2595,
  #19420);
#19593 = PRESENTATION_STYLE_ASSIGNMENT((#19594));
#19594 = SURFACE_STYLE_USAGE(.BOTH.,#19595);
#19595 = SURFACE_SIDE_STYLE('',(#19596));
#19596 = SURFACE_STYLE_FILL_AREA(#19597);
#19597 = FILL_AREA_STYLE('',(#19598));
#19598 = FILL_AREA_STYLE_COLOUR('',#19437);
#19599 = OVER_RIDING_STYLED_ITEM('overriding color',(#19600),#2619,
  #19420);
#19600 = PRESENTATION_STYLE_ASSIGNMENT((#19601));
#19601 = SURFACE_STYLE_USAGE(.BOTH.,#19602);
#19602 = SURFACE_SIDE_STYLE('',(#19603));
#19603 = SURFACE_STYLE_FILL_AREA(#19604);
#19604 = FILL_AREA_STYLE('',(#19605));
#19605 = FILL_AREA_STYLE_COLOUR('',#19437);
#19606 = OVER_RIDING_STYLED_ITEM('overriding color',(#19607),#2636,
  #19420);
#19607 = PRESENTATION_STYLE_ASSIGNMENT((#19608));
#19608 = SURFACE_STYLE_USAGE(.BOTH.,#19609);
#19609 = SURFACE_SIDE_STYLE('',(#19610));
#19610 = SURFACE_STYLE_FILL_AREA(#19611);
#19611 = FILL_AREA_STYLE('',(#19612));
#19612 = FILL_AREA_STYLE_COLOUR('',#19437);
#19613 = OVER_RIDING_STYLED_ITEM('overriding color',(#19614),#2653,
  #19420);
#19614 = PRESENTATION_STYLE_ASSIGNMENT((#19615));
#19615 = SURFACE_STYLE_USAGE(.BOTH.,#19616);
#19616 = SURFACE_SIDE_STYLE('',(#19617));
#19617 = SURFACE_STYLE_FILL_AREA(#19618);
#19618 = FILL_AREA_STYLE('',(#19619));
#19619 = FILL_AREA_STYLE_COLOUR('',#19437);
#19620 = OVER_RIDING_STYLED_ITEM('overriding color',(#19621),#2670,
  #19420);
#19621 = PRESENTATION_STYLE_ASSIGNMENT((#19622));
#19622 = SURFACE_STYLE_USAGE(.BOTH.,#19623);
#19623 = SURFACE_SIDE_STYLE('',(#19624));
#19624 = SURFACE_STYLE_FILL_AREA(#19625);
#19625 = FILL_AREA_STYLE('',(#19626));
#19626 = FILL_AREA_STYLE_COLOUR('',#19437);
#19627 = OVER_RIDING_STYLED_ITEM('overriding color',(#19628),#2735,
  #19420);
#19628 = PRESENTATION_STYLE_ASSIGNMENT((#19629));
#19629 = SURFACE_STYLE_USAGE(.BOTH.,#19630);
#19630 = SURFACE_SIDE_STYLE('',(#19631));
#19631 = SURFACE_STYLE_FILL_AREA(#19632);
#19632 = FILL_AREA_STYLE('',(#19633));
#19633 = FILL_AREA_STYLE_COLOUR('',#19437);
#19634 = OVER_RIDING_STYLED_ITEM('overriding color',(#19635),#2752,
  #19420);
#19635 = PRESENTATION_STYLE_ASSIGNMENT((#19636));
#19636 = SURFACE_STYLE_USAGE(.BOTH.,#19637);
#19637 = SURFACE_SIDE_STYLE('',(#19638));
#19638 = SURFACE_STYLE_FILL_AREA(#19639);
#19639 = FILL_AREA_STYLE('',(#19640));
#19640 = FILL_AREA_STYLE_COLOUR('',#19437);
#19641 = OVER_RIDING_STYLED_ITEM('overriding color',(#19642),#2832,
  #19420);
#19642 = PRESENTATION_STYLE_ASSIGNMENT((#19643));
#19643 = SURFACE_STYLE_USAGE(.BOTH.,#19644);
#19644 = SURFACE_SIDE_STYLE('',(#19645));
#19645 = SURFACE_STYLE_FILL_AREA(#19646);
#19646 = FILL_AREA_STYLE('',(#19647));
#19647 = FILL_AREA_STYLE_COLOUR('',#19437);
#19648 = OVER_RIDING_STYLED_ITEM('overriding color',(#19649),#2856,
  #19420);
#19649 = PRESENTATION_STYLE_ASSIGNMENT((#19650));
#19650 = SURFACE_STYLE_USAGE(.BOTH.,#19651);
#19651 = SURFACE_SIDE_STYLE('',(#19652));
#19652 = SURFACE_STYLE_FILL_AREA(#19653);
#19653 = FILL_AREA_STYLE('',(#19654));
#19654 = FILL_AREA_STYLE_COLOUR('',#19437);
#19655 = OVER_RIDING_STYLED_ITEM('overriding color',(#19656),#2889,
  #19420);
#19656 = PRESENTATION_STYLE_ASSIGNMENT((#19657));
#19657 = SURFACE_STYLE_USAGE(.BOTH.,#19658);
#19658 = SURFACE_SIDE_STYLE('',(#19659));
#19659 = SURFACE_STYLE_FILL_AREA(#19660);
#19660 = FILL_AREA_STYLE('',(#19661));
#19661 = FILL_AREA_STYLE_COLOUR('',#19437);
#19662 = OVER_RIDING_STYLED_ITEM('overriding color',(#19663),#2913,
  #19420);
#19663 = PRESENTATION_STYLE_ASSIGNMENT((#19664));
#19664 = SURFACE_STYLE_USAGE(.BOTH.,#19665);
#19665 = SURFACE_SIDE_STYLE('',(#19666));
#19666 = SURFACE_STYLE_FILL_AREA(#19667);
#19667 = FILL_AREA_STYLE('',(#19668));
#19668 = FILL_AREA_STYLE_COLOUR('',#19437);
#19669 = OVER_RIDING_STYLED_ITEM('overriding color',(#19670),#4174,
  #19420);
#19670 = PRESENTATION_STYLE_ASSIGNMENT((#19671));
#19671 = SURFACE_STYLE_USAGE(.BOTH.,#19672);
#19672 = SURFACE_SIDE_STYLE('',(#19673));
#19673 = SURFACE_STYLE_FILL_AREA(#19674);
#19674 = FILL_AREA_STYLE('',(#19675));
#19675 = FILL_AREA_STYLE_COLOUR('',#19437);
#19676 = OVER_RIDING_STYLED_ITEM('overriding color',(#19677),#4186,
  #19420);
#19677 = PRESENTATION_STYLE_ASSIGNMENT((#19678));
#19678 = SURFACE_STYLE_USAGE(.BOTH.,#19679);
#19679 = SURFACE_SIDE_STYLE('',(#19680));
#19680 = SURFACE_STYLE_FILL_AREA(#19681);
#19681 = FILL_AREA_STYLE('',(#19682));
#19682 = FILL_AREA_STYLE_COLOUR('',#19437);
#19683 = OVER_RIDING_STYLED_ITEM('overriding color',(#19684),#4198,
  #19420);
#19684 = PRESENTATION_STYLE_ASSIGNMENT((#19685));
#19685 = SURFACE_STYLE_USAGE(.BOTH.,#19686);
#19686 = SURFACE_SIDE_STYLE('',(#19687));
#19687 = SURFACE_STYLE_FILL_AREA(#19688);
#19688 = FILL_AREA_STYLE('',(#19689));
#19689 = FILL_AREA_STYLE_COLOUR('',#19437);
#19690 = OVER_RIDING_STYLED_ITEM('overriding color',(#19691),#4220,
  #19420);
#19691 = PRESENTATION_STYLE_ASSIGNMENT((#19692));
#19692 = SURFACE_STYLE_USAGE(.BOTH.,#19693);
#19693 = SURFACE_SIDE_STYLE('',(#19694));
#19694 = SURFACE_STYLE_FILL_AREA(#19695);
#19695 = FILL_AREA_STYLE('',(#19696));
#19696 = FILL_AREA_STYLE_COLOUR('',#19437);
#19697 = OVER_RIDING_STYLED_ITEM('overriding color',(#19698),#4237,
  #19420);
#19698 = PRESENTATION_STYLE_ASSIGNMENT((#19699));
#19699 = SURFACE_STYLE_USAGE(.BOTH.,#19700);
#19700 = SURFACE_SIDE_STYLE('',(#19701));
#19701 = SURFACE_STYLE_FILL_AREA(#19702);
#19702 = FILL_AREA_STYLE('',(#19703));
#19703 = FILL_AREA_STYLE_COLOUR('',#19437);
#19704 = OVER_RIDING_STYLED_ITEM('overriding color',(#19705),#4249,
  #19420);
#19705 = PRESENTATION_STYLE_ASSIGNMENT((#19706));
#19706 = SURFACE_STYLE_USAGE(.BOTH.,#19707);
#19707 = SURFACE_SIDE_STYLE('',(#19708));
#19708 = SURFACE_STYLE_FILL_AREA(#19709);
#19709 = FILL_AREA_STYLE('',(#19710));
#19710 = FILL_AREA_STYLE_COLOUR('',#19437);
#19711 = OVER_RIDING_STYLED_ITEM('overriding color',(#19712),#4271,
  #19420);
#19712 = PRESENTATION_STYLE_ASSIGNMENT((#19713));
#19713 = SURFACE_STYLE_USAGE(.BOTH.,#19714);
#19714 = SURFACE_SIDE_STYLE('',(#19715));
#19715 = SURFACE_STYLE_FILL_AREA(#19716);
#19716 = FILL_AREA_STYLE('',(#19717));
#19717 = FILL_AREA_STYLE_COLOUR('',#19437);
#19718 = OVER_RIDING_STYLED_ITEM('overriding color',(#19719),#4288,
  #19420);
#19719 = PRESENTATION_STYLE_ASSIGNMENT((#19720));
#19720 = SURFACE_STYLE_USAGE(.BOTH.,#19721);
#19721 = SURFACE_SIDE_STYLE('',(#19722));
#19722 = SURFACE_STYLE_FILL_AREA(#19723);
#19723 = FILL_AREA_STYLE('',(#19724));
#19724 = FILL_AREA_STYLE_COLOUR('',#19437);
#19725 = OVER_RIDING_STYLED_ITEM('overriding color',(#19726),#4300,
  #19420);
#19726 = PRESENTATION_STYLE_ASSIGNMENT((#19727));
#19727 = SURFACE_STYLE_USAGE(.BOTH.,#19728);
#19728 = SURFACE_SIDE_STYLE('',(#19729));
#19729 = SURFACE_STYLE_FILL_AREA(#19730);
#19730 = FILL_AREA_STYLE('',(#19731));
#19731 = FILL_AREA_STYLE_COLOUR('',#19437);
#19732 = OVER_RIDING_STYLED_ITEM('overriding color',(#19733),#4322,
  #19420);
#19733 = PRESENTATION_STYLE_ASSIGNMENT((#19734));
#19734 = SURFACE_STYLE_USAGE(.BOTH.,#19735);
#19735 = SURFACE_SIDE_STYLE('',(#19736));
#19736 = SURFACE_STYLE_FILL_AREA(#19737);
#19737 = FILL_AREA_STYLE('',(#19738));
#19738 = FILL_AREA_STYLE_COLOUR('',#19437);
#19739 = OVER_RIDING_STYLED_ITEM('overriding color',(#19740),#4339,
  #19420);
#19740 = PRESENTATION_STYLE_ASSIGNMENT((#19741));
#19741 = SURFACE_STYLE_USAGE(.BOTH.,#19742);
#19742 = SURFACE_SIDE_STYLE('',(#19743));
#19743 = SURFACE_STYLE_FILL_AREA(#19744);
#19744 = FILL_AREA_STYLE('',(#19745));
#19745 = FILL_AREA_STYLE_COLOUR('',#19437);
#19746 = OVER_RIDING_STYLED_ITEM('overriding color',(#19747),#4351,
  #19420);
#19747 = PRESENTATION_STYLE_ASSIGNMENT((#19748));
#19748 = SURFACE_STYLE_USAGE(.BOTH.,#19749);
#19749 = SURFACE_SIDE_STYLE('',(#19750));
#19750 = SURFACE_STYLE_FILL_AREA(#19751);
#19751 = FILL_AREA_STYLE('',(#19752));
#19752 = FILL_AREA_STYLE_COLOUR('',#19437);
#19753 = OVER_RIDING_STYLED_ITEM('overriding color',(#19754),#4373,
  #19420);
#19754 = PRESENTATION_STYLE_ASSIGNMENT((#19755));
#19755 = SURFACE_STYLE_USAGE(.BOTH.,#19756);
#19756 = SURFACE_SIDE_STYLE('',(#19757));
#19757 = SURFACE_STYLE_FILL_AREA(#19758);
#19758 = FILL_AREA_STYLE('',(#19759));
#19759 = FILL_AREA_STYLE_COLOUR('',#19437);
#19760 = OVER_RIDING_STYLED_ITEM('overriding color',(#19761),#4390,
  #19420);
#19761 = PRESENTATION_STYLE_ASSIGNMENT((#19762));
#19762 = SURFACE_STYLE_USAGE(.BOTH.,#19763);
#19763 = SURFACE_SIDE_STYLE('',(#19764));
#19764 = SURFACE_STYLE_FILL_AREA(#19765);
#19765 = FILL_AREA_STYLE('',(#19766));
#19766 = FILL_AREA_STYLE_COLOUR('',#19437);
#19767 = OVER_RIDING_STYLED_ITEM('overriding color',(#19768),#4402,
  #19420);
#19768 = PRESENTATION_STYLE_ASSIGNMENT((#19769));
#19769 = SURFACE_STYLE_USAGE(.BOTH.,#19770);
#19770 = SURFACE_SIDE_STYLE('',(#19771));
#19771 = SURFACE_STYLE_FILL_AREA(#19772);
#19772 = FILL_AREA_STYLE('',(#19773));
#19773 = FILL_AREA_STYLE_COLOUR('',#19437);
#19774 = OVER_RIDING_STYLED_ITEM('overriding color',(#19775),#4414,
  #19420);
#19775 = PRESENTATION_STYLE_ASSIGNMENT((#19776));
#19776 = SURFACE_STYLE_USAGE(.BOTH.,#19777);
#19777 = SURFACE_SIDE_STYLE('',(#19778));
#19778 = SURFACE_STYLE_FILL_AREA(#19779);
#19779 = FILL_AREA_STYLE('',(#19780));
#19780 = FILL_AREA_STYLE_COLOUR('',#19437);
#19781 = OVER_RIDING_STYLED_ITEM('overriding color',(#19782),#4426,
  #19420);
#19782 = PRESENTATION_STYLE_ASSIGNMENT((#19783));
#19783 = SURFACE_STYLE_USAGE(.BOTH.,#19784);
#19784 = SURFACE_SIDE_STYLE('',(#19785));
#19785 = SURFACE_STYLE_FILL_AREA(#19786);
#19786 = FILL_AREA_STYLE('',(#19787));
#19787 = FILL_AREA_STYLE_COLOUR('',#19437);
#19788 = OVER_RIDING_STYLED_ITEM('overriding color',(#19789),#4438,
  #19420);
#19789 = PRESENTATION_STYLE_ASSIGNMENT((#19790));
#19790 = SURFACE_STYLE_USAGE(.BOTH.,#19791);
#19791 = SURFACE_SIDE_STYLE('',(#19792));
#19792 = SURFACE_STYLE_FILL_AREA(#19793);
#19793 = FILL_AREA_STYLE('',(#19794));
#19794 = FILL_AREA_STYLE_COLOUR('',#19437);
#19795 = OVER_RIDING_STYLED_ITEM('overriding color',(#19796),#4450,
  #19420);
#19796 = PRESENTATION_STYLE_ASSIGNMENT((#19797));
#19797 = SURFACE_STYLE_USAGE(.BOTH.,#19798);
#19798 = SURFACE_SIDE_STYLE('',(#19799));
#19799 = SURFACE_STYLE_FILL_AREA(#19800);
#19800 = FILL_AREA_STYLE('',(#19801));
#19801 = FILL_AREA_STYLE_COLOUR('',#19437);
#19802 = OVER_RIDING_STYLED_ITEM('overriding color',(#19803),#4481,
  #19420);
#19803 = PRESENTATION_STYLE_ASSIGNMENT((#19804));
#19804 = SURFACE_STYLE_USAGE(.BOTH.,#19805);
#19805 = SURFACE_SIDE_STYLE('',(#19806));
#19806 = SURFACE_STYLE_FILL_AREA(#19807);
#19807 = FILL_AREA_STYLE('',(#19808));
#19808 = FILL_AREA_STYLE_COLOUR('',#19437);
#19809 = OVER_RIDING_STYLED_ITEM('overriding color',(#19810),#4505,
  #19420);
#19810 = PRESENTATION_STYLE_ASSIGNMENT((#19811));
#19811 = SURFACE_STYLE_USAGE(.BOTH.,#19812);
#19812 = SURFACE_SIDE_STYLE('',(#19813));
#19813 = SURFACE_STYLE_FILL_AREA(#19814);
#19814 = FILL_AREA_STYLE('',(#19815));
#19815 = FILL_AREA_STYLE_COLOUR('',#19437);
#19816 = OVER_RIDING_STYLED_ITEM('overriding color',(#19817),#4529,
  #19420);
#19817 = PRESENTATION_STYLE_ASSIGNMENT((#19818));
#19818 = SURFACE_STYLE_USAGE(.BOTH.,#19819);
#19819 = SURFACE_SIDE_STYLE('',(#19820));
#19820 = SURFACE_STYLE_FILL_AREA(#19821);
#19821 = FILL_AREA_STYLE('',(#19822));
#19822 = FILL_AREA_STYLE_COLOUR('',#19437);
#19823 = OVER_RIDING_STYLED_ITEM('overriding color',(#19824),#4546,
  #19420);
#19824 = PRESENTATION_STYLE_ASSIGNMENT((#19825));
#19825 = SURFACE_STYLE_USAGE(.BOTH.,#19826);
#19826 = SURFACE_SIDE_STYLE('',(#19827));
#19827 = SURFACE_STYLE_FILL_AREA(#19828);
#19828 = FILL_AREA_STYLE('',(#19829));
#19829 = FILL_AREA_STYLE_COLOUR('',#19437);
#19830 = OVER_RIDING_STYLED_ITEM('overriding color',(#19831),#4586,
  #19420);
#19831 = PRESENTATION_STYLE_ASSIGNMENT((#19832));
#19832 = SURFACE_STYLE_USAGE(.BOTH.,#19833);
#19833 = SURFACE_SIDE_STYLE('',(#19834));
#19834 = SURFACE_STYLE_FILL_AREA(#19835);
#19835 = FILL_AREA_STYLE('',(#19836));
#19836 = FILL_AREA_STYLE_COLOUR('',#19437);
#19837 = OVER_RIDING_STYLED_ITEM('overriding color',(#19838),#4617,
  #19420);
#19838 = PRESENTATION_STYLE_ASSIGNMENT((#19839));
#19839 = SURFACE_STYLE_USAGE(.BOTH.,#19840);
#19840 = SURFACE_SIDE_STYLE('',(#19841));
#19841 = SURFACE_STYLE_FILL_AREA(#19842);
#19842 = FILL_AREA_STYLE('',(#19843));
#19843 = FILL_AREA_STYLE_COLOUR('',#19437);
#19844 = OVER_RIDING_STYLED_ITEM('overriding color',(#19845),#4641,
  #19420);
#19845 = PRESENTATION_STYLE_ASSIGNMENT((#19846));
#19846 = SURFACE_STYLE_USAGE(.BOTH.,#19847);
#19847 = SURFACE_SIDE_STYLE('',(#19848));
#19848 = SURFACE_STYLE_FILL_AREA(#19849);
#19849 = FILL_AREA_STYLE('',(#19850));
#19850 = FILL_AREA_STYLE_COLOUR('',#19437);
#19851 = OVER_RIDING_STYLED_ITEM('overriding color',(#19852),#4665,
  #19420);
#19852 = PRESENTATION_STYLE_ASSIGNMENT((#19853));
#19853 = SURFACE_STYLE_USAGE(.BOTH.,#19854);
#19854 = SURFACE_SIDE_STYLE('',(#19855));
#19855 = SURFACE_STYLE_FILL_AREA(#19856);
#19856 = FILL_AREA_STYLE('',(#19857));
#19857 = FILL_AREA_STYLE_COLOUR('',#19437);
#19858 = OVER_RIDING_STYLED_ITEM('overriding color',(#19859),#4682,
  #19420);
#19859 = PRESENTATION_STYLE_ASSIGNMENT((#19860));
#19860 = SURFACE_STYLE_USAGE(.BOTH.,#19861);
#19861 = SURFACE_SIDE_STYLE('',(#19862));
#19862 = SURFACE_STYLE_FILL_AREA(#19863);
#19863 = FILL_AREA_STYLE('',(#19864));
#19864 = FILL_AREA_STYLE_COLOUR('',#19437);
#19865 = OVER_RIDING_STYLED_ITEM('overriding color',(#19866),#4722,
  #19420);
#19866 = PRESENTATION_STYLE_ASSIGNMENT((#19867));
#19867 = SURFACE_STYLE_USAGE(.BOTH.,#19868);
#19868 = SURFACE_SIDE_STYLE('',(#19869));
#19869 = SURFACE_STYLE_FILL_AREA(#19870);
#19870 = FILL_AREA_STYLE('',(#19871));
#19871 = FILL_AREA_STYLE_COLOUR('',#19437);
#19872 = OVER_RIDING_STYLED_ITEM('overriding color',(#19873),#4753,
  #19420);
#19873 = PRESENTATION_STYLE_ASSIGNMENT((#19874));
#19874 = SURFACE_STYLE_USAGE(.BOTH.,#19875);
#19875 = SURFACE_SIDE_STYLE('',(#19876));
#19876 = SURFACE_STYLE_FILL_AREA(#19877);
#19877 = FILL_AREA_STYLE('',(#19878));
#19878 = FILL_AREA_STYLE_COLOUR('',#19437);
#19879 = OVER_RIDING_STYLED_ITEM('overriding color',(#19880),#4777,
  #19420);
#19880 = PRESENTATION_STYLE_ASSIGNMENT((#19881));
#19881 = SURFACE_STYLE_USAGE(.BOTH.,#19882);
#19882 = SURFACE_SIDE_STYLE('',(#19883));
#19883 = SURFACE_STYLE_FILL_AREA(#19884);
#19884 = FILL_AREA_STYLE('',(#19885));
#19885 = FILL_AREA_STYLE_COLOUR('',#19437);
#19886 = OVER_RIDING_STYLED_ITEM('overriding color',(#19887),#4801,
  #19420);
#19887 = PRESENTATION_STYLE_ASSIGNMENT((#19888));
#19888 = SURFACE_STYLE_USAGE(.BOTH.,#19889);
#19889 = SURFACE_SIDE_STYLE('',(#19890));
#19890 = SURFACE_STYLE_FILL_AREA(#19891);
#19891 = FILL_AREA_STYLE('',(#19892));
#19892 = FILL_AREA_STYLE_COLOUR('',#19437);
#19893 = OVER_RIDING_STYLED_ITEM('overriding color',(#19894),#4818,
  #19420);
#19894 = PRESENTATION_STYLE_ASSIGNMENT((#19895));
#19895 = SURFACE_STYLE_USAGE(.BOTH.,#19896);
#19896 = SURFACE_SIDE_STYLE('',(#19897));
#19897 = SURFACE_STYLE_FILL_AREA(#19898);
#19898 = FILL_AREA_STYLE('',(#19899));
#19899 = FILL_AREA_STYLE_COLOUR('',#19437);
#19900 = OVER_RIDING_STYLED_ITEM('overriding color',(#19901),#4858,
  #19420);
#19901 = PRESENTATION_STYLE_ASSIGNMENT((#19902));
#19902 = SURFACE_STYLE_USAGE(.BOTH.,#19903);
#19903 = SURFACE_SIDE_STYLE('',(#19904));
#19904 = SURFACE_STYLE_FILL_AREA(#19905);
#19905 = FILL_AREA_STYLE('',(#19906));
#19906 = FILL_AREA_STYLE_COLOUR('',#19437);
#19907 = OVER_RIDING_STYLED_ITEM('overriding color',(#19908),#4889,
  #19420);
#19908 = PRESENTATION_STYLE_ASSIGNMENT((#19909));
#19909 = SURFACE_STYLE_USAGE(.BOTH.,#19910);
#19910 = SURFACE_SIDE_STYLE('',(#19911));
#19911 = SURFACE_STYLE_FILL_AREA(#19912);
#19912 = FILL_AREA_STYLE('',(#19913));
#19913 = FILL_AREA_STYLE_COLOUR('',#19437);
#19914 = OVER_RIDING_STYLED_ITEM('overriding color',(#19915),#4913,
  #19420);
#19915 = PRESENTATION_STYLE_ASSIGNMENT((#19916));
#19916 = SURFACE_STYLE_USAGE(.BOTH.,#19917);
#19917 = SURFACE_SIDE_STYLE('',(#19918));
#19918 = SURFACE_STYLE_FILL_AREA(#19919);
#19919 = FILL_AREA_STYLE('',(#19920));
#19920 = FILL_AREA_STYLE_COLOUR('',#19437);
#19921 = OVER_RIDING_STYLED_ITEM('overriding color',(#19922),#4937,
  #19420);
#19922 = PRESENTATION_STYLE_ASSIGNMENT((#19923));
#19923 = SURFACE_STYLE_USAGE(.BOTH.,#19924);
#19924 = SURFACE_SIDE_STYLE('',(#19925));
#19925 = SURFACE_STYLE_FILL_AREA(#19926);
#19926 = FILL_AREA_STYLE('',(#19927));
#19927 = FILL_AREA_STYLE_COLOUR('',#19437);
#19928 = OVER_RIDING_STYLED_ITEM('overriding color',(#19929),#4954,
  #19420);
#19929 = PRESENTATION_STYLE_ASSIGNMENT((#19930));
#19930 = SURFACE_STYLE_USAGE(.BOTH.,#19931);
#19931 = SURFACE_SIDE_STYLE('',(#19932));
#19932 = SURFACE_STYLE_FILL_AREA(#19933);
#19933 = FILL_AREA_STYLE('',(#19934));
#19934 = FILL_AREA_STYLE_COLOUR('',#19437);
#19935 = OVER_RIDING_STYLED_ITEM('overriding color',(#19936),#4994,
  #19420);
#19936 = PRESENTATION_STYLE_ASSIGNMENT((#19937));
#19937 = SURFACE_STYLE_USAGE(.BOTH.,#19938);
#19938 = SURFACE_SIDE_STYLE('',(#19939));
#19939 = SURFACE_STYLE_FILL_AREA(#19940);
#19940 = FILL_AREA_STYLE('',(#19941));
#19941 = FILL_AREA_STYLE_COLOUR('',#19437);
#19942 = OVER_RIDING_STYLED_ITEM('overriding color',(#19943),#5016,
  #19420);
#19943 = PRESENTATION_STYLE_ASSIGNMENT((#19944));
#19944 = SURFACE_STYLE_USAGE(.BOTH.,#19945);
#19945 = SURFACE_SIDE_STYLE('',(#19946));
#19946 = SURFACE_STYLE_FILL_AREA(#19947);
#19947 = FILL_AREA_STYLE('',(#19948));
#19948 = FILL_AREA_STYLE_COLOUR('',#19437);
#19949 = OVER_RIDING_STYLED_ITEM('overriding color',(#19950),#5033,
  #19420);
#19950 = PRESENTATION_STYLE_ASSIGNMENT((#19951));
#19951 = SURFACE_STYLE_USAGE(.BOTH.,#19952);
#19952 = SURFACE_SIDE_STYLE('',(#19953));
#19953 = SURFACE_STYLE_FILL_AREA(#19954);
#19954 = FILL_AREA_STYLE('',(#19955));
#19955 = FILL_AREA_STYLE_COLOUR('',#19437);
#19956 = OVER_RIDING_STYLED_ITEM('overriding color',(#19957),#5050,
  #19420);
#19957 = PRESENTATION_STYLE_ASSIGNMENT((#19958));
#19958 = SURFACE_STYLE_USAGE(.BOTH.,#19959);
#19959 = SURFACE_SIDE_STYLE('',(#19960));
#19960 = SURFACE_STYLE_FILL_AREA(#19961);
#19961 = FILL_AREA_STYLE('',(#19962));
#19962 = FILL_AREA_STYLE_COLOUR('',#19437);
#19963 = OVER_RIDING_STYLED_ITEM('overriding color',(#19964),#5062,
  #19420);
#19964 = PRESENTATION_STYLE_ASSIGNMENT((#19965));
#19965 = SURFACE_STYLE_USAGE(.BOTH.,#19966);
#19966 = SURFACE_SIDE_STYLE('',(#19967));
#19967 = SURFACE_STYLE_FILL_AREA(#19968);
#19968 = FILL_AREA_STYLE('',(#19969));
#19969 = FILL_AREA_STYLE_COLOUR('',#19437);
#19970 = OVER_RIDING_STYLED_ITEM('overriding color',(#19971),#5084,
  #19420);
#19971 = PRESENTATION_STYLE_ASSIGNMENT((#19972));
#19972 = SURFACE_STYLE_USAGE(.BOTH.,#19973);
#19973 = SURFACE_SIDE_STYLE('',(#19974));
#19974 = SURFACE_STYLE_FILL_AREA(#19975);
#19975 = FILL_AREA_STYLE('',(#19976));
#19976 = FILL_AREA_STYLE_COLOUR('',#19437);
#19977 = OVER_RIDING_STYLED_ITEM('overriding color',(#19978),#5101,
  #19420);
#19978 = PRESENTATION_STYLE_ASSIGNMENT((#19979));
#19979 = SURFACE_STYLE_USAGE(.BOTH.,#19980);
#19980 = SURFACE_SIDE_STYLE('',(#19981));
#19981 = SURFACE_STYLE_FILL_AREA(#19982);
#19982 = FILL_AREA_STYLE('',(#19983));
#19983 = FILL_AREA_STYLE_COLOUR('',#19437);
#19984 = OVER_RIDING_STYLED_ITEM('overriding color',(#19985),#5118,
  #19420);
#19985 = PRESENTATION_STYLE_ASSIGNMENT((#19986));
#19986 = SURFACE_STYLE_USAGE(.BOTH.,#19987);
#19987 = SURFACE_SIDE_STYLE('',(#19988));
#19988 = SURFACE_STYLE_FILL_AREA(#19989);
#19989 = FILL_AREA_STYLE('',(#19990));
#19990 = FILL_AREA_STYLE_COLOUR('',#19437);
#19991 = OVER_RIDING_STYLED_ITEM('overriding color',(#19992),#5130,
  #19420);
#19992 = PRESENTATION_STYLE_ASSIGNMENT((#19993));
#19993 = SURFACE_STYLE_USAGE(.BOTH.,#19994);
#19994 = SURFACE_SIDE_STYLE('',(#19995));
#19995 = SURFACE_STYLE_FILL_AREA(#19996);
#19996 = FILL_AREA_STYLE('',(#19997));
#19997 = FILL_AREA_STYLE_COLOUR('',#19437);
#19998 = OVER_RIDING_STYLED_ITEM('overriding color',(#19999),#5152,
  #19420);
#19999 = PRESENTATION_STYLE_ASSIGNMENT((#20000));
#20000 = SURFACE_STYLE_USAGE(.BOTH.,#20001);
#20001 = SURFACE_SIDE_STYLE('',(#20002));
#20002 = SURFACE_STYLE_FILL_AREA(#20003);
#20003 = FILL_AREA_STYLE('',(#20004));
#20004 = FILL_AREA_STYLE_COLOUR('',#19437);
#20005 = OVER_RIDING_STYLED_ITEM('overriding color',(#20006),#5169,
  #19420);
#20006 = PRESENTATION_STYLE_ASSIGNMENT((#20007));
#20007 = SURFACE_STYLE_USAGE(.BOTH.,#20008);
#20008 = SURFACE_SIDE_STYLE('',(#20009));
#20009 = SURFACE_STYLE_FILL_AREA(#20010);
#20010 = FILL_AREA_STYLE('',(#20011));
#20011 = FILL_AREA_STYLE_COLOUR('',#19437);
#20012 = OVER_RIDING_STYLED_ITEM('overriding color',(#20013),#5186,
  #19420);
#20013 = PRESENTATION_STYLE_ASSIGNMENT((#20014));
#20014 = SURFACE_STYLE_USAGE(.BOTH.,#20015);
#20015 = SURFACE_SIDE_STYLE('',(#20016));
#20016 = SURFACE_STYLE_FILL_AREA(#20017);
#20017 = FILL_AREA_STYLE('',(#20018));
#20018 = FILL_AREA_STYLE_COLOUR('',#19437);
#20019 = OVER_RIDING_STYLED_ITEM('overriding color',(#20020),#5198,
  #19420);
#20020 = PRESENTATION_STYLE_ASSIGNMENT((#20021));
#20021 = SURFACE_STYLE_USAGE(.BOTH.,#20022);
#20022 = SURFACE_SIDE_STYLE('',(#20023));
#20023 = SURFACE_STYLE_FILL_AREA(#20024);
#20024 = FILL_AREA_STYLE('',(#20025));
#20025 = FILL_AREA_STYLE_COLOUR('',#19437);
#20026 = OVER_RIDING_STYLED_ITEM('overriding color',(#20027),#5220,
  #19420);
#20027 = PRESENTATION_STYLE_ASSIGNMENT((#20028));
#20028 = SURFACE_STYLE_USAGE(.BOTH.,#20029);
#20029 = SURFACE_SIDE_STYLE('',(#20030));
#20030 = SURFACE_STYLE_FILL_AREA(#20031);
#20031 = FILL_AREA_STYLE('',(#20032));
#20032 = FILL_AREA_STYLE_COLOUR('',#19437);
#20033 = OVER_RIDING_STYLED_ITEM('overriding color',(#20034),#5237,
  #19420);
#20034 = PRESENTATION_STYLE_ASSIGNMENT((#20035));
#20035 = SURFACE_STYLE_USAGE(.BOTH.,#20036);
#20036 = SURFACE_SIDE_STYLE('',(#20037));
#20037 = SURFACE_STYLE_FILL_AREA(#20038);
#20038 = FILL_AREA_STYLE('',(#20039));
#20039 = FILL_AREA_STYLE_COLOUR('',#19437);
#20040 = OVER_RIDING_STYLED_ITEM('overriding color',(#20041),#5254,
  #19420);
#20041 = PRESENTATION_STYLE_ASSIGNMENT((#20042));
#20042 = SURFACE_STYLE_USAGE(.BOTH.,#20043);
#20043 = SURFACE_SIDE_STYLE('',(#20044));
#20044 = SURFACE_STYLE_FILL_AREA(#20045);
#20045 = FILL_AREA_STYLE('',(#20046));
#20046 = FILL_AREA_STYLE_COLOUR('',#19437);
#20047 = MECHANICAL_DESIGN_GEOMETRIC_PRESENTATION_REPRESENTATION('',(
    #20048),#18877);
#20048 = STYLED_ITEM('color',(#20049),#18236);
#20049 = PRESENTATION_STYLE_ASSIGNMENT((#20050));
#20050 = SURFACE_STYLE_USAGE(.BOTH.,#20051);
#20051 = SURFACE_SIDE_STYLE('',(#20052));
#20052 = SURFACE_STYLE_FILL_AREA(#20053);
#20053 = FILL_AREA_STYLE('',(#20054));
#20054 = FILL_AREA_STYLE_COLOUR('',#20055);
#20055 = COLOUR_RGB('',0.313304153717,0.484529207832,0.410020903123);
#20056 = MECHANICAL_DESIGN_GEOMETRIC_PRESENTATION_REPRESENTATION('',(
    #20057,#20064,#20071,#20079),#11678);
#20057 = STYLED_ITEM('color',(#20058),#9800);
#20058 = PRESENTATION_STYLE_ASSIGNMENT((#20059));
#20059 = SURFACE_STYLE_USAGE(.BOTH.,#20060);
#20060 = SURFACE_SIDE_STYLE('',(#20061));
#20061 = SURFACE_STYLE_FILL_AREA(#20062);
#20062 = FILL_AREA_STYLE('',(#20063));
#20063 = FILL_AREA_STYLE_COLOUR('',#18896);
#20064 = STYLED_ITEM('color',(#20065),#10490);
#20065 = PRESENTATION_STYLE_ASSIGNMENT((#20066));
#20066 = SURFACE_STYLE_USAGE(.BOTH.,#20067);
#20067 = SURFACE_SIDE_STYLE('',(#20068));
#20068 = SURFACE_STYLE_FILL_AREA(#20069);
#20069 = FILL_AREA_STYLE('',(#20070));
#20070 = FILL_AREA_STYLE_COLOUR('',#18896);
#20071 = STYLED_ITEM('color',(#20072),#11180);
#20072 = PRESENTATION_STYLE_ASSIGNMENT((#20073));
#20073 = SURFACE_STYLE_USAGE(.BOTH.,#20074);
#20074 = SURFACE_SIDE_STYLE('',(#20075));
#20075 = SURFACE_STYLE_FILL_AREA(#20076);
#20076 = FILL_AREA_STYLE('',(#20077));
#20077 = FILL_AREA_STYLE_COLOUR('',#20078);
#20078 = COLOUR_RGB('',0.988235296747,0.737254912529,0.517647065977);
#20079 = STYLED_ITEM('color',(#20080),#11528);
#20080 = PRESENTATION_STYLE_ASSIGNMENT((#20081));
#20081 = SURFACE_STYLE_USAGE(.BOTH.,#20082);
#20082 = SURFACE_SIDE_STYLE('',(#20083));
#20083 = SURFACE_STYLE_FILL_AREA(#20084);
#20084 = FILL_AREA_STYLE('',(#20085));
#20085 = FILL_AREA_STYLE_COLOUR('',#20086);
#20086 = COLOUR_RGB('',0.486274506065,0.235294113866,1.568627489731E-02
  );
#20087 = MECHANICAL_DESIGN_GEOMETRIC_PRESENTATION_REPRESENTATION('',(
    #20088,#20096,#20104,#20111,#20118,#20125,#20132,#20140,#20147,
    #20154,#20161,#20168,#20175,#20182),#15037);
#20088 = STYLED_ITEM('color',(#20089),#11720);
#20089 = PRESENTATION_STYLE_ASSIGNMENT((#20090));
#20090 = SURFACE_STYLE_USAGE(.BOTH.,#20091);
#20091 = SURFACE_SIDE_STYLE('',(#20092));
#20092 = SURFACE_STYLE_FILL_AREA(#20093);
#20093 = FILL_AREA_STYLE('',(#20094));
#20094 = FILL_AREA_STYLE_COLOUR('',#20095);
#20095 = COLOUR_RGB('',0.286274508045,0.286274508045,0.286274508045);
#20096 = OVER_RIDING_STYLED_ITEM('overriding color',(#20097),#12231,
  #20088);
#20097 = PRESENTATION_STYLE_ASSIGNMENT((#20098));
#20098 = SURFACE_STYLE_USAGE(.BOTH.,#20099);
#20099 = SURFACE_SIDE_STYLE('',(#20100));
#20100 = SURFACE_STYLE_FILL_AREA(#20101);
#20101 = FILL_AREA_STYLE('',(#20102));
#20102 = FILL_AREA_STYLE_COLOUR('',#20103);
#20103 = COLOUR_RGB('',0.121568629232,0.129411764627,0.521568625629);
#20104 = OVER_RIDING_STYLED_ITEM('overriding color',(#20105),#12262,
  #20088);
#20105 = PRESENTATION_STYLE_ASSIGNMENT((#20106));
#20106 = SURFACE_STYLE_USAGE(.BOTH.,#20107);
#20107 = SURFACE_SIDE_STYLE('',(#20108));
#20108 = SURFACE_STYLE_FILL_AREA(#20109);
#20109 = FILL_AREA_STYLE('',(#20110));
#20110 = FILL_AREA_STYLE_COLOUR('',#20103);
#20111 = STYLED_ITEM('color',(#20112),#12829);
#20112 = PRESENTATION_STYLE_ASSIGNMENT((#20113));
#20113 = SURFACE_STYLE_USAGE(.BOTH.,#20114);
#20114 = SURFACE_SIDE_STYLE('',(#20115));
#20115 = SURFACE_STYLE_FILL_AREA(#20116);
#20116 = FILL_AREA_STYLE('',(#20117));
#20117 = FILL_AREA_STYLE_COLOUR('',#20095);
#20118 = OVER_RIDING_STYLED_ITEM('overriding color',(#20119),#13333,
  #20111);
#20119 = PRESENTATION_STYLE_ASSIGNMENT((#20120));
#20120 = SURFACE_STYLE_USAGE(.BOTH.,#20121);
#20121 = SURFACE_SIDE_STYLE('',(#20122));
#20122 = SURFACE_STYLE_FILL_AREA(#20123);
#20123 = FILL_AREA_STYLE('',(#20124));
#20124 = FILL_AREA_STYLE_COLOUR('',#18920);
#20125 = OVER_RIDING_STYLED_ITEM('overriding color',(#20126),#13390,
  #20111);
#20126 = PRESENTATION_STYLE_ASSIGNMENT((#20127));
#20127 = SURFACE_STYLE_USAGE(.BOTH.,#20128);
#20128 = SURFACE_SIDE_STYLE('',(#20129));
#20129 = SURFACE_STYLE_FILL_AREA(#20130);
#20130 = FILL_AREA_STYLE('',(#20131));
#20131 = FILL_AREA_STYLE_COLOUR('',#18920);
#20132 = STYLED_ITEM('color',(#20133),#13837);
#20133 = PRESENTATION_STYLE_ASSIGNMENT((#20134));
#20134 = SURFACE_STYLE_USAGE(.BOTH.,#20135);
#20135 = SURFACE_SIDE_STYLE('',(#20136));
#20136 = SURFACE_STYLE_FILL_AREA(#20137);
#20137 = FILL_AREA_STYLE('',(#20138));
#20138 = FILL_AREA_STYLE_COLOUR('',#20139);
#20139 = COLOUR_RGB('',1.,0.917647049334,0.717647050975);
#20140 = STYLED_ITEM('color',(#20141),#13987);
#20141 = PRESENTATION_STYLE_ASSIGNMENT((#20142));
#20142 = SURFACE_STYLE_USAGE(.BOTH.,#20143);
#20143 = SURFACE_SIDE_STYLE('',(#20144));
#20144 = SURFACE_STYLE_FILL_AREA(#20145);
#20145 = FILL_AREA_STYLE('',(#20146));
#20146 = FILL_AREA_STYLE_COLOUR('',#20139);
#20147 = STYLED_ITEM('color',(#20148),#14137);
#20148 = PRESENTATION_STYLE_ASSIGNMENT((#20149));
#20149 = SURFACE_STYLE_USAGE(.BOTH.,#20150);
#20150 = SURFACE_SIDE_STYLE('',(#20151));
#20151 = SURFACE_STYLE_FILL_AREA(#20152);
#20152 = FILL_AREA_STYLE('',(#20153));
#20153 = FILL_AREA_STYLE_COLOUR('',#20139);
#20154 = STYLED_ITEM('color',(#20155),#14287);
#20155 = PRESENTATION_STYLE_ASSIGNMENT((#20156));
#20156 = SURFACE_STYLE_USAGE(.BOTH.,#20157);
#20157 = SURFACE_SIDE_STYLE('',(#20158));
#20158 = SURFACE_STYLE_FILL_AREA(#20159);
#20159 = FILL_AREA_STYLE('',(#20160));
#20160 = FILL_AREA_STYLE_COLOUR('',#20139);
#20161 = STYLED_ITEM('color',(#20162),#14437);
#20162 = PRESENTATION_STYLE_ASSIGNMENT((#20163));
#20163 = SURFACE_STYLE_USAGE(.BOTH.,#20164);
#20164 = SURFACE_SIDE_STYLE('',(#20165));
#20165 = SURFACE_STYLE_FILL_AREA(#20166);
#20166 = FILL_AREA_STYLE('',(#20167));
#20167 = FILL_AREA_STYLE_COLOUR('',#20139);
#20168 = STYLED_ITEM('color',(#20169),#14587);
#20169 = PRESENTATION_STYLE_ASSIGNMENT((#20170));
#20170 = SURFACE_STYLE_USAGE(.BOTH.,#20171);
#20171 = SURFACE_SIDE_STYLE('',(#20172));
#20172 = SURFACE_STYLE_FILL_AREA(#20173);
#20173 = FILL_AREA_STYLE('',(#20174));
#20174 = FILL_AREA_STYLE_COLOUR('',#20139);
#20175 = STYLED_ITEM('color',(#20176),#14737);
#20176 = PRESENTATION_STYLE_ASSIGNMENT((#20177));
#20177 = SURFACE_STYLE_USAGE(.BOTH.,#20178);
#20178 = SURFACE_SIDE_STYLE('',(#20179));
#20179 = SURFACE_STYLE_FILL_AREA(#20180);
#20180 = FILL_AREA_STYLE('',(#20181));
#20181 = FILL_AREA_STYLE_COLOUR('',#20139);
#20182 = STYLED_ITEM('color',(#20183),#14887);
#20183 = PRESENTATION_STYLE_ASSIGNMENT((#20184));
#20184 = SURFACE_STYLE_USAGE(.BOTH.,#20185);
#20185 = SURFACE_SIDE_STYLE('',(#20186));
#20186 = SURFACE_STYLE_FILL_AREA(#20187);
#20187 = FILL_AREA_STYLE('',(#20188));
#20188 = FILL_AREA_STYLE_COLOUR('',#20139);
ENDSEC;
END-ISO-10303-21;
